[2025-11-18T03:36:14.847+0000] {manager.py:469} INFO - Processing files using up to 2 processes at a time 
[2025-11-18T03:36:14.848+0000] {manager.py:470} INFO - Process each file at most once every 30 seconds
[2025-11-18T03:36:14.848+0000] {manager.py:471} INFO - Checking for new files in /opt/airflow/dags every 300 seconds
[2025-11-18T03:36:14.848+0000] {manager.py:738} INFO - Searching for files in /opt/airflow/dags
[2025-11-18T03:36:14.850+0000] {manager.py:741} INFO - There are 2 files in /opt/airflow/dags
[2025-11-18T03:36:14.927+0000] {manager.py:879} INFO - 
================================================================================
DAG File Processing Stats

File Path                                         PID  Runtime      # DAGs    # Errors  Last Runtime    Last Run
----------------------------------------------  -----  ---------  --------  ----------  --------------  ----------
/opt/airflow/dags/01_demo_basic_dag.py             38  0.02s             0           0
/opt/airflow/dags/02_demo_advanced_patterns.py     37  0.03s             0           0
================================================================================
[2025-11-18T03:36:44.963+0000] {manager.py:879} INFO - 
================================================================================
DAG File Processing Stats

File Path                                       PID    Runtime      # DAGs    # Errors  Last Runtime    Last Run
----------------------------------------------  -----  ---------  --------  ----------  --------------  -------------------
/opt/airflow/dags/01_demo_basic_dag.py                                   1           0  0.28s           2025-11-18T03:36:15
/opt/airflow/dags/02_demo_advanced_patterns.py                           1           0  0.90s           2025-11-18T03:36:15
================================================================================
[2025-11-18T03:37:15.587+0000] {manager.py:879} INFO - 
================================================================================
DAG File Processing Stats

File Path                                         PID  Runtime      # DAGs    # Errors  Last Runtime    Last Run
----------------------------------------------  -----  ---------  --------  ----------  --------------  -------------------
/opt/airflow/dags/01_demo_basic_dag.py             43  0.00s             1           0  0.06s           2025-11-18T03:36:45
/opt/airflow/dags/02_demo_advanced_patterns.py                           1           0  0.21s           2025-11-18T03:36:46
================================================================================
[2025-11-18T03:37:45.827+0000] {manager.py:879} INFO - 
================================================================================
DAG File Processing Stats

File Path                                         PID  Runtime      # DAGs    # Errors  Last Runtime    Last Run
----------------------------------------------  -----  ---------  --------  ----------  --------------  -------------------
/opt/airflow/dags/01_demo_basic_dag.py             46  0.00s             1           0  0.05s           2025-11-18T03:37:15
/opt/airflow/dags/02_demo_advanced_patterns.py                           1           0  0.22s           2025-11-18T03:37:16
================================================================================
[2025-11-18T03:38:16.094+0000] {manager.py:879} INFO - 
================================================================================
DAG File Processing Stats

File Path                                         PID  Runtime      # DAGs    # Errors  Last Runtime    Last Run
----------------------------------------------  -----  ---------  --------  ----------  --------------  -------------------
/opt/airflow/dags/01_demo_basic_dag.py             49  0.00s             1           0  0.05s           2025-11-18T03:37:45
/opt/airflow/dags/02_demo_advanced_patterns.py                           1           0  0.22s           2025-11-18T03:37:47
================================================================================
[2025-11-18T03:38:46.351+0000] {manager.py:879} INFO - 
================================================================================
DAG File Processing Stats

File Path                                         PID  Runtime      # DAGs    # Errors  Last Runtime    Last Run
----------------------------------------------  -----  ---------  --------  ----------  --------------  -------------------
/opt/airflow/dags/01_demo_basic_dag.py             52  0.00s             1           0  0.05s           2025-11-18T03:38:16
/opt/airflow/dags/02_demo_advanced_patterns.py                           1           0  0.25s           2025-11-18T03:38:17
================================================================================
[2025-11-18T03:39:16.610+0000] {manager.py:879} INFO - 
================================================================================
DAG File Processing Stats

File Path                                         PID  Runtime      # DAGs    # Errors  Last Runtime    Last Run
----------------------------------------------  -----  ---------  --------  ----------  --------------  -------------------
/opt/airflow/dags/01_demo_basic_dag.py             55  0.00s             1           0  0.06s           2025-11-18T03:38:46
/opt/airflow/dags/02_demo_advanced_patterns.py                           1           0  0.24s           2025-11-18T03:38:47
================================================================================
[2025-11-18T03:39:46.872+0000] {manager.py:879} INFO - 
================================================================================
DAG File Processing Stats

File Path                                         PID  Runtime      # DAGs    # Errors  Last Runtime    Last Run
----------------------------------------------  -----  ---------  --------  ----------  --------------  -------------------
/opt/airflow/dags/01_demo_basic_dag.py             58  0.00s             1           0  0.05s           2025-11-18T03:39:16
/opt/airflow/dags/02_demo_advanced_patterns.py                           1           0  0.23s           2025-11-18T03:39:17
================================================================================
[2025-11-18T03:40:17.159+0000] {manager.py:879} INFO - 
================================================================================
DAG File Processing Stats

File Path                                         PID  Runtime      # DAGs    # Errors  Last Runtime    Last Run
----------------------------------------------  -----  ---------  --------  ----------  --------------  -------------------
/opt/airflow/dags/01_demo_basic_dag.py             61  0.00s             1           0  0.06s           2025-11-18T03:39:46
/opt/airflow/dags/02_demo_advanced_patterns.py                           1           0  0.23s           2025-11-18T03:39:48
================================================================================
[2025-11-18T03:40:47.424+0000] {manager.py:879} INFO - 
================================================================================
DAG File Processing Stats

File Path                                         PID  Runtime      # DAGs    # Errors  Last Runtime    Last Run
----------------------------------------------  -----  ---------  --------  ----------  --------------  -------------------
/opt/airflow/dags/01_demo_basic_dag.py             64  0.00s             1           0  0.06s           2025-11-18T03:40:17
/opt/airflow/dags/02_demo_advanced_patterns.py                           1           0  0.22s           2025-11-18T03:40:18
================================================================================
[2025-11-18T03:41:15.652+0000] {manager.py:738} INFO - Searching for files in /opt/airflow/dags
[2025-11-18T03:41:15.659+0000] {manager.py:741} INFO - There are 2 files in /opt/airflow/dags
[2025-11-18T03:41:17.688+0000] {manager.py:879} INFO - 
================================================================================
DAG File Processing Stats

File Path                                         PID  Runtime      # DAGs    # Errors  Last Runtime    Last Run
----------------------------------------------  -----  ---------  --------  ----------  --------------  -------------------
/opt/airflow/dags/01_demo_basic_dag.py             67  0.00s             1           0  0.05s           2025-11-18T03:40:47
/opt/airflow/dags/02_demo_advanced_patterns.py                           1           0  0.24s           2025-11-18T03:40:48
================================================================================
[2025-11-18T03:41:47.943+0000] {manager.py:879} INFO - 
================================================================================
DAG File Processing Stats

File Path                                         PID  Runtime      # DAGs    # Errors  Last Runtime    Last Run
----------------------------------------------  -----  ---------  --------  ----------  --------------  -------------------
/opt/airflow/dags/01_demo_basic_dag.py             70  0.01s             1           0  0.05s           2025-11-18T03:41:17
/opt/airflow/dags/02_demo_advanced_patterns.py                           1           0  0.24s           2025-11-18T03:41:18
================================================================================
[2025-11-18T03:42:18.195+0000] {manager.py:879} INFO - 
================================================================================
DAG File Processing Stats

File Path                                         PID  Runtime      # DAGs    # Errors  Last Runtime    Last Run
----------------------------------------------  -----  ---------  --------  ----------  --------------  -------------------
/opt/airflow/dags/01_demo_basic_dag.py             73  0.00s             1           0  0.05s           2025-11-18T03:41:47
/opt/airflow/dags/02_demo_advanced_patterns.py                           1           0  0.22s           2025-11-18T03:41:49
================================================================================
[2025-11-18T03:42:48.448+0000] {manager.py:879} INFO - 
================================================================================
DAG File Processing Stats

File Path                                         PID  Runtime      # DAGs    # Errors  Last Runtime    Last Run
----------------------------------------------  -----  ---------  --------  ----------  --------------  -------------------
/opt/airflow/dags/01_demo_basic_dag.py             76  0.00s             1           0  0.05s           2025-11-18T03:42:18
/opt/airflow/dags/02_demo_advanced_patterns.py                           1           0  0.23s           2025-11-18T03:42:19
================================================================================
[2025-11-18T03:43:18.702+0000] {manager.py:879} INFO - 
================================================================================
DAG File Processing Stats

File Path                                         PID  Runtime      # DAGs    # Errors  Last Runtime    Last Run
----------------------------------------------  -----  ---------  --------  ----------  --------------  -------------------
/opt/airflow/dags/01_demo_basic_dag.py             79  0.00s             1           0  0.05s           2025-11-18T03:42:48
/opt/airflow/dags/02_demo_advanced_patterns.py                           1           0  0.24s           2025-11-18T03:42:49
================================================================================
[2025-11-18T03:43:48.952+0000] {manager.py:879} INFO - 
================================================================================
DAG File Processing Stats

File Path                                         PID  Runtime      # DAGs    # Errors  Last Runtime    Last Run
----------------------------------------------  -----  ---------  --------  ----------  --------------  -------------------
/opt/airflow/dags/01_demo_basic_dag.py             82  0.00s             1           0  0.05s           2025-11-18T03:43:18
/opt/airflow/dags/02_demo_advanced_patterns.py                           1           0  0.23s           2025-11-18T03:43:19
================================================================================
[2025-11-18T03:44:19.175+0000] {manager.py:879} INFO - 
================================================================================
DAG File Processing Stats

File Path                                         PID  Runtime      # DAGs    # Errors  Last Runtime    Last Run
----------------------------------------------  -----  ---------  --------  ----------  --------------  -------------------
/opt/airflow/dags/01_demo_basic_dag.py             85  0.00s             1           0  0.05s           2025-11-18T03:43:48
/opt/airflow/dags/02_demo_advanced_patterns.py                           1           0  0.23s           2025-11-18T03:43:50
================================================================================
[2025-11-18T03:44:49.409+0000] {manager.py:879} INFO - 
================================================================================
DAG File Processing Stats

File Path                                         PID  Runtime      # DAGs    # Errors  Last Runtime    Last Run
----------------------------------------------  -----  ---------  --------  ----------  --------------  -------------------
/opt/airflow/dags/01_demo_basic_dag.py             88  0.00s             1           0  0.05s           2025-11-18T03:44:19
/opt/airflow/dags/02_demo_advanced_patterns.py                           1           0  0.24s           2025-11-18T03:44:20
================================================================================
[2025-11-18T03:45:19.643+0000] {manager.py:879} INFO - 
================================================================================
DAG File Processing Stats

File Path                                         PID  Runtime      # DAGs    # Errors  Last Runtime    Last Run
----------------------------------------------  -----  ---------  --------  ----------  --------------  -------------------
/opt/airflow/dags/01_demo_basic_dag.py             91  0.00s             1           0  0.05s           2025-11-18T03:44:49
/opt/airflow/dags/02_demo_advanced_patterns.py                           1           0  0.22s           2025-11-18T03:44:50
================================================================================
[2025-11-18T03:45:49.875+0000] {manager.py:879} INFO - 
================================================================================
DAG File Processing Stats

File Path                                         PID  Runtime      # DAGs    # Errors  Last Runtime    Last Run
----------------------------------------------  -----  ---------  --------  ----------  --------------  -------------------
/opt/airflow/dags/01_demo_basic_dag.py             94  0.00s             1           0  0.05s           2025-11-18T03:45:19
/opt/airflow/dags/02_demo_advanced_patterns.py                           1           0  0.25s           2025-11-18T03:45:20
================================================================================
[2025-11-18T03:46:16.084+0000] {manager.py:738} INFO - Searching for files in /opt/airflow/dags
[2025-11-18T03:46:16.091+0000] {manager.py:741} INFO - There are 2 files in /opt/airflow/dags
[2025-11-18T03:46:20.124+0000] {manager.py:879} INFO - 
================================================================================
DAG File Processing Stats

File Path                                         PID  Runtime      # DAGs    # Errors  Last Runtime    Last Run
----------------------------------------------  -----  ---------  --------  ----------  --------------  -------------------
/opt/airflow/dags/01_demo_basic_dag.py             97  0.00s             1           0  0.05s           2025-11-18T03:45:49
/opt/airflow/dags/02_demo_advanced_patterns.py                           1           0  0.23s           2025-11-18T03:45:52
================================================================================
[2025-11-18T03:46:50.350+0000] {manager.py:879} INFO - 
================================================================================
DAG File Processing Stats

File Path                                         PID  Runtime      # DAGs    # Errors  Last Runtime    Last Run
----------------------------------------------  -----  ---------  --------  ----------  --------------  -------------------
/opt/airflow/dags/01_demo_basic_dag.py            100  0.00s             1           0  0.06s           2025-11-18T03:46:20
/opt/airflow/dags/02_demo_advanced_patterns.py                           1           0  0.25s           2025-11-18T03:46:22
================================================================================
[2025-11-18T03:47:20.603+0000] {manager.py:879} INFO - 
================================================================================
DAG File Processing Stats

File Path                                         PID  Runtime      # DAGs    # Errors  Last Runtime    Last Run
----------------------------------------------  -----  ---------  --------  ----------  --------------  -------------------
/opt/airflow/dags/01_demo_basic_dag.py            103  0.00s             1           0  0.06s           2025-11-18T03:46:50
/opt/airflow/dags/02_demo_advanced_patterns.py                           1           0  0.22s           2025-11-18T03:46:52
================================================================================
[2025-11-18T03:47:50.871+0000] {manager.py:879} INFO - 
================================================================================
DAG File Processing Stats

File Path                                         PID  Runtime      # DAGs    # Errors  Last Runtime    Last Run
----------------------------------------------  -----  ---------  --------  ----------  --------------  -------------------
/opt/airflow/dags/01_demo_basic_dag.py            106  0.00s             1           0  0.05s           2025-11-18T03:47:20
/opt/airflow/dags/02_demo_advanced_patterns.py                           1           0  0.22s           2025-11-18T03:47:22
================================================================================
[2025-11-18T03:48:21.107+0000] {manager.py:879} INFO - 
================================================================================
DAG File Processing Stats

File Path                                         PID  Runtime      # DAGs    # Errors  Last Runtime    Last Run
----------------------------------------------  -----  ---------  --------  ----------  --------------  -------------------
/opt/airflow/dags/01_demo_basic_dag.py            109  0.00s             1           0  0.05s           2025-11-18T03:47:50
/opt/airflow/dags/02_demo_advanced_patterns.py                           1           0  0.23s           2025-11-18T03:47:53
================================================================================
[2025-11-18T03:48:51.381+0000] {manager.py:879} INFO - 
================================================================================
DAG File Processing Stats

File Path                                         PID  Runtime      # DAGs    # Errors  Last Runtime    Last Run
----------------------------------------------  -----  ---------  --------  ----------  --------------  -------------------
/opt/airflow/dags/01_demo_basic_dag.py            112  0.00s             1           0  0.05s           2025-11-18T03:48:21
/opt/airflow/dags/02_demo_advanced_patterns.py                           1           0  0.22s           2025-11-18T03:48:23
================================================================================
[2025-11-18T03:49:21.625+0000] {manager.py:879} INFO - 
================================================================================
DAG File Processing Stats

File Path                                         PID  Runtime      # DAGs    # Errors  Last Runtime    Last Run
----------------------------------------------  -----  ---------  --------  ----------  --------------  -------------------
/opt/airflow/dags/01_demo_basic_dag.py            115  0.00s             1           0  0.05s           2025-11-18T03:48:51
/opt/airflow/dags/02_demo_advanced_patterns.py                           1           0  0.23s           2025-11-18T03:48:53
================================================================================
[2025-11-18T03:49:51.916+0000] {manager.py:879} INFO - 
================================================================================
DAG File Processing Stats

File Path                                         PID  Runtime      # DAGs    # Errors  Last Runtime    Last Run
----------------------------------------------  -----  ---------  --------  ----------  --------------  -------------------
/opt/airflow/dags/01_demo_basic_dag.py            118  0.00s             1           0  0.06s           2025-11-18T03:49:21
/opt/airflow/dags/02_demo_advanced_patterns.py                           1           0  0.22s           2025-11-18T03:49:23
================================================================================
[2025-11-18T03:50:22.175+0000] {manager.py:879} INFO - 
================================================================================
DAG File Processing Stats

File Path                                         PID  Runtime      # DAGs    # Errors  Last Runtime    Last Run
----------------------------------------------  -----  ---------  --------  ----------  --------------  -------------------
/opt/airflow/dags/01_demo_basic_dag.py            121  0.00s             1           0  0.05s           2025-11-18T03:49:51
/opt/airflow/dags/02_demo_advanced_patterns.py                           1           0  0.24s           2025-11-18T03:49:54
================================================================================
[2025-11-18T03:50:52.428+0000] {manager.py:879} INFO - 
================================================================================
DAG File Processing Stats

File Path                                         PID  Runtime      # DAGs    # Errors  Last Runtime    Last Run
----------------------------------------------  -----  ---------  --------  ----------  --------------  -------------------
/opt/airflow/dags/01_demo_basic_dag.py            124  0.00s             1           0  0.05s           2025-11-18T03:50:22
/opt/airflow/dags/02_demo_advanced_patterns.py                           1           0  0.22s           2025-11-18T03:50:24
================================================================================
[2025-11-18T03:51:16.615+0000] {manager.py:738} INFO - Searching for files in /opt/airflow/dags
[2025-11-18T03:51:16.621+0000] {manager.py:741} INFO - There are 2 files in /opt/airflow/dags
[2025-11-18T03:51:22.677+0000] {manager.py:879} INFO - 
================================================================================
DAG File Processing Stats

File Path                                         PID  Runtime      # DAGs    # Errors  Last Runtime    Last Run
----------------------------------------------  -----  ---------  --------  ----------  --------------  -------------------
/opt/airflow/dags/01_demo_basic_dag.py            127  0.00s             1           0  0.04s           2025-11-18T03:50:52
/opt/airflow/dags/02_demo_advanced_patterns.py                           1           0  0.23s           2025-11-18T03:50:54
================================================================================
[2025-11-18T03:51:52.942+0000] {manager.py:879} INFO - 
================================================================================
DAG File Processing Stats

File Path                                         PID  Runtime      # DAGs    # Errors  Last Runtime    Last Run
----------------------------------------------  -----  ---------  --------  ----------  --------------  -------------------
/opt/airflow/dags/01_demo_basic_dag.py            130  0.00s             1           0  0.05s           2025-11-18T03:51:22
/opt/airflow/dags/02_demo_advanced_patterns.py                           1           0  0.22s           2025-11-18T03:51:24
================================================================================
[2025-11-18T03:52:23.184+0000] {manager.py:879} INFO - 
================================================================================
DAG File Processing Stats

File Path                                         PID  Runtime      # DAGs    # Errors  Last Runtime    Last Run
----------------------------------------------  -----  ---------  --------  ----------  --------------  -------------------
/opt/airflow/dags/01_demo_basic_dag.py            133  0.00s             1           0  0.05s           2025-11-18T03:51:52
/opt/airflow/dags/02_demo_advanced_patterns.py                           1           0  0.25s           2025-11-18T03:51:55
================================================================================
[2025-11-18T03:52:53.449+0000] {manager.py:879} INFO - 
================================================================================
DAG File Processing Stats

File Path                                         PID  Runtime      # DAGs    # Errors  Last Runtime    Last Run
----------------------------------------------  -----  ---------  --------  ----------  --------------  -------------------
/opt/airflow/dags/01_demo_basic_dag.py            136  0.00s             1           0  0.06s           2025-11-18T03:52:23
/opt/airflow/dags/02_demo_advanced_patterns.py                           1           0  0.24s           2025-11-18T03:52:25
================================================================================
[2025-11-18T03:53:23.722+0000] {manager.py:879} INFO - 
================================================================================
DAG File Processing Stats

File Path                                         PID  Runtime      # DAGs    # Errors  Last Runtime    Last Run
----------------------------------------------  -----  ---------  --------  ----------  --------------  -------------------
/opt/airflow/dags/01_demo_basic_dag.py            139  0.00s             1           0  0.05s           2025-11-18T03:52:53
/opt/airflow/dags/02_demo_advanced_patterns.py                           1           0  0.21s           2025-11-18T03:52:55
================================================================================
[2025-11-18T03:53:53.996+0000] {manager.py:879} INFO - 
================================================================================
DAG File Processing Stats

File Path                                         PID  Runtime      # DAGs    # Errors  Last Runtime    Last Run
----------------------------------------------  -----  ---------  --------  ----------  --------------  -------------------
/opt/airflow/dags/01_demo_basic_dag.py            142  0.00s             1           0  0.05s           2025-11-18T03:53:23
/opt/airflow/dags/02_demo_advanced_patterns.py                           1           0  0.23s           2025-11-18T03:53:25
================================================================================
[2025-11-18T03:54:24.257+0000] {manager.py:879} INFO - 
================================================================================
DAG File Processing Stats

File Path                                         PID  Runtime      # DAGs    # Errors  Last Runtime    Last Run
----------------------------------------------  -----  ---------  --------  ----------  --------------  -------------------
/opt/airflow/dags/01_demo_basic_dag.py            145  0.00s             1           0  0.05s           2025-11-18T03:53:54
/opt/airflow/dags/02_demo_advanced_patterns.py                           1           0  0.26s           2025-11-18T03:53:56
================================================================================
[2025-11-18T03:54:54.543+0000] {manager.py:879} INFO - 
================================================================================
DAG File Processing Stats

File Path                                         PID  Runtime      # DAGs    # Errors  Last Runtime    Last Run
----------------------------------------------  -----  ---------  --------  ----------  --------------  -------------------
/opt/airflow/dags/01_demo_basic_dag.py            148  0.00s             1           0  0.05s           2025-11-18T03:54:24
/opt/airflow/dags/02_demo_advanced_patterns.py                           1           0  0.23s           2025-11-18T03:54:26
================================================================================
[2025-11-18T03:55:24.791+0000] {manager.py:879} INFO - 
================================================================================
DAG File Processing Stats

File Path                                         PID  Runtime      # DAGs    # Errors  Last Runtime    Last Run
----------------------------------------------  -----  ---------  --------  ----------  --------------  -------------------
/opt/airflow/dags/01_demo_basic_dag.py            151  0.00s             1           0  0.05s           2025-11-18T03:54:54
/opt/airflow/dags/02_demo_advanced_patterns.py                           1           0  0.22s           2025-11-18T03:54:56
================================================================================
[2025-11-18T03:55:55.060+0000] {manager.py:879} INFO - 
================================================================================
DAG File Processing Stats

File Path                                         PID  Runtime      # DAGs    # Errors  Last Runtime    Last Run
----------------------------------------------  -----  ---------  --------  ----------  --------------  -------------------
/opt/airflow/dags/01_demo_basic_dag.py            154  0.00s             1           0  0.05s           2025-11-18T03:55:24
/opt/airflow/dags/02_demo_advanced_patterns.py                           1           0  0.23s           2025-11-18T03:55:27
================================================================================
[2025-11-18T03:56:17.242+0000] {manager.py:738} INFO - Searching for files in /opt/airflow/dags
[2025-11-18T03:56:17.247+0000] {manager.py:741} INFO - There are 2 files in /opt/airflow/dags
[2025-11-18T03:56:25.311+0000] {manager.py:879} INFO - 
================================================================================
DAG File Processing Stats

File Path                                         PID  Runtime      # DAGs    # Errors  Last Runtime    Last Run
----------------------------------------------  -----  ---------  --------  ----------  --------------  -------------------
/opt/airflow/dags/01_demo_basic_dag.py            157  0.00s             1           0  0.05s           2025-11-18T03:55:55
/opt/airflow/dags/02_demo_advanced_patterns.py                           1           0  0.25s           2025-11-18T03:55:57
================================================================================
[2025-11-18T03:56:55.568+0000] {manager.py:879} INFO - 
================================================================================
DAG File Processing Stats

File Path                                         PID  Runtime      # DAGs    # Errors  Last Runtime    Last Run
----------------------------------------------  -----  ---------  --------  ----------  --------------  -------------------
/opt/airflow/dags/01_demo_basic_dag.py            160  0.00s             1           0  0.05s           2025-11-18T03:56:25
/opt/airflow/dags/02_demo_advanced_patterns.py                           1           0  0.26s           2025-11-18T03:56:27
================================================================================
[2025-11-18T03:57:25.843+0000] {manager.py:879} INFO - 
================================================================================
DAG File Processing Stats

File Path                                         PID  Runtime      # DAGs    # Errors  Last Runtime    Last Run
----------------------------------------------  -----  ---------  --------  ----------  --------------  -------------------
/opt/airflow/dags/01_demo_basic_dag.py            163  0.00s             1           0  0.06s           2025-11-18T03:56:55
/opt/airflow/dags/02_demo_advanced_patterns.py                           1           0  0.22s           2025-11-18T03:56:58
================================================================================
[2025-11-18T03:57:56.099+0000] {manager.py:879} INFO - 
================================================================================
DAG File Processing Stats

File Path                                         PID  Runtime      # DAGs    # Errors  Last Runtime    Last Run
----------------------------------------------  -----  ---------  --------  ----------  --------------  -------------------
/opt/airflow/dags/01_demo_basic_dag.py            166  0.00s             1           0  0.06s           2025-11-18T03:57:25
/opt/airflow/dags/02_demo_advanced_patterns.py                           1           0  0.22s           2025-11-18T03:57:29
================================================================================
[2025-11-18T03:58:26.347+0000] {manager.py:879} INFO - 
================================================================================
DAG File Processing Stats

File Path                                         PID  Runtime      # DAGs    # Errors  Last Runtime    Last Run
----------------------------------------------  -----  ---------  --------  ----------  --------------  -------------------
/opt/airflow/dags/01_demo_basic_dag.py            169  0.00s             1           0  0.05s           2025-11-18T03:57:56
/opt/airflow/dags/02_demo_advanced_patterns.py                           1           0  0.26s           2025-11-18T03:57:59
================================================================================
[2025-11-18T03:58:56.608+0000] {manager.py:879} INFO - 
================================================================================
DAG File Processing Stats

File Path                                         PID  Runtime      # DAGs    # Errors  Last Runtime    Last Run
----------------------------------------------  -----  ---------  --------  ----------  --------------  -------------------
/opt/airflow/dags/01_demo_basic_dag.py            172  0.00s             1           0  0.06s           2025-11-18T03:58:26
/opt/airflow/dags/02_demo_advanced_patterns.py                           1           0  0.24s           2025-11-18T03:58:29
================================================================================
[2025-11-18T03:59:26.867+0000] {manager.py:879} INFO - 
================================================================================
DAG File Processing Stats

File Path                                         PID  Runtime      # DAGs    # Errors  Last Runtime    Last Run
----------------------------------------------  -----  ---------  --------  ----------  --------------  -------------------
/opt/airflow/dags/01_demo_basic_dag.py            175  0.00s             1           0  0.05s           2025-11-18T03:58:56
/opt/airflow/dags/02_demo_advanced_patterns.py                           1           0  0.22s           2025-11-18T03:58:59
================================================================================
[2025-11-18T03:59:57.135+0000] {manager.py:879} INFO - 
================================================================================
DAG File Processing Stats

File Path                                         PID  Runtime      # DAGs    # Errors  Last Runtime    Last Run
----------------------------------------------  -----  ---------  --------  ----------  --------------  -------------------
/opt/airflow/dags/01_demo_basic_dag.py            178  0.00s             1           0  0.05s           2025-11-18T03:59:26
/opt/airflow/dags/02_demo_advanced_patterns.py                           1           0  0.23s           2025-11-18T03:59:30
================================================================================
[2025-11-18T04:00:27.410+0000] {manager.py:879} INFO - 
================================================================================
DAG File Processing Stats

File Path                                         PID  Runtime      # DAGs    # Errors  Last Runtime    Last Run
----------------------------------------------  -----  ---------  --------  ----------  --------------  -------------------
/opt/airflow/dags/01_demo_basic_dag.py            181  0.00s             1           0  0.05s           2025-11-18T03:59:57
/opt/airflow/dags/02_demo_advanced_patterns.py                           1           0  0.22s           2025-11-18T04:00:00
================================================================================
[2025-11-18T04:00:57.693+0000] {manager.py:879} INFO - 
================================================================================
DAG File Processing Stats

File Path                                         PID  Runtime      # DAGs    # Errors  Last Runtime    Last Run
----------------------------------------------  -----  ---------  --------  ----------  --------------  -------------------
/opt/airflow/dags/01_demo_basic_dag.py            184  0.00s             1           0  0.06s           2025-11-18T04:00:27
/opt/airflow/dags/02_demo_advanced_patterns.py                           1           0  0.25s           2025-11-18T04:00:30
================================================================================
[2025-11-18T04:01:17.888+0000] {manager.py:738} INFO - Searching for files in /opt/airflow/dags
[2025-11-18T04:01:17.896+0000] {manager.py:741} INFO - There are 2 files in /opt/airflow/dags
[2025-11-18T04:01:27.985+0000] {manager.py:879} INFO - 
================================================================================
DAG File Processing Stats

File Path                                         PID  Runtime      # DAGs    # Errors  Last Runtime    Last Run
----------------------------------------------  -----  ---------  --------  ----------  --------------  -------------------
/opt/airflow/dags/01_demo_basic_dag.py            187  0.00s             1           0  0.06s           2025-11-18T04:00:57
/opt/airflow/dags/02_demo_advanced_patterns.py                           1           0  0.22s           2025-11-18T04:01:00
================================================================================
[2025-11-18T04:01:58.272+0000] {manager.py:879} INFO - 
================================================================================
DAG File Processing Stats

File Path                                         PID  Runtime      # DAGs    # Errors  Last Runtime    Last Run
----------------------------------------------  -----  ---------  --------  ----------  --------------  -------------------
/opt/airflow/dags/01_demo_basic_dag.py            190  0.00s             1           0  0.05s           2025-11-18T04:01:28
/opt/airflow/dags/02_demo_advanced_patterns.py                           1           0  0.24s           2025-11-18T04:01:31
================================================================================
[2025-11-18T04:02:28.563+0000] {manager.py:879} INFO - 
================================================================================
DAG File Processing Stats

File Path                                         PID  Runtime      # DAGs    # Errors  Last Runtime    Last Run
----------------------------------------------  -----  ---------  --------  ----------  --------------  -------------------
/opt/airflow/dags/01_demo_basic_dag.py            193  0.00s             1           0  0.06s           2025-11-18T04:01:58
/opt/airflow/dags/02_demo_advanced_patterns.py                           1           0  0.22s           2025-11-18T04:02:01
================================================================================
[2025-11-18T04:02:58.834+0000] {manager.py:879} INFO - 
================================================================================
DAG File Processing Stats

File Path                                         PID  Runtime      # DAGs    # Errors  Last Runtime    Last Run
----------------------------------------------  -----  ---------  --------  ----------  --------------  -------------------
/opt/airflow/dags/01_demo_basic_dag.py            196  0.00s             1           0  0.04s           2025-11-18T04:02:28
/opt/airflow/dags/02_demo_advanced_patterns.py                           1           0  0.23s           2025-11-18T04:02:31
================================================================================
[2025-11-18T04:03:29.141+0000] {manager.py:879} INFO - 
================================================================================
DAG File Processing Stats

File Path                                         PID  Runtime      # DAGs    # Errors  Last Runtime    Last Run
----------------------------------------------  -----  ---------  --------  ----------  --------------  -------------------
/opt/airflow/dags/01_demo_basic_dag.py            199  0.00s             1           0  0.05s           2025-11-18T04:02:58
/opt/airflow/dags/02_demo_advanced_patterns.py                           1           0  0.23s           2025-11-18T04:03:02
================================================================================
[2025-11-18T04:03:59.431+0000] {manager.py:879} INFO - 
================================================================================
DAG File Processing Stats

File Path                                         PID  Runtime      # DAGs    # Errors  Last Runtime    Last Run
----------------------------------------------  -----  ---------  --------  ----------  --------------  -------------------
/opt/airflow/dags/01_demo_basic_dag.py            202  0.00s             1           0  0.05s           2025-11-18T04:03:29
/opt/airflow/dags/02_demo_advanced_patterns.py                           1           0  0.23s           2025-11-18T04:03:32
================================================================================
[2025-11-18T04:04:29.695+0000] {manager.py:879} INFO - 
================================================================================
DAG File Processing Stats

File Path                                         PID  Runtime      # DAGs    # Errors  Last Runtime    Last Run
----------------------------------------------  -----  ---------  --------  ----------  --------------  -------------------
/opt/airflow/dags/01_demo_basic_dag.py            205  0.00s             1           0  0.05s           2025-11-18T04:03:59
/opt/airflow/dags/02_demo_advanced_patterns.py                           1           0  0.22s           2025-11-18T04:04:02
================================================================================
[2025-11-18T04:04:59.933+0000] {manager.py:879} INFO - 
================================================================================
DAG File Processing Stats

File Path                                         PID  Runtime      # DAGs    # Errors  Last Runtime    Last Run
----------------------------------------------  -----  ---------  --------  ----------  --------------  -------------------
/opt/airflow/dags/01_demo_basic_dag.py            208  0.00s             1           0  0.05s           2025-11-18T04:04:29
/opt/airflow/dags/02_demo_advanced_patterns.py                           1           0  0.26s           2025-11-18T04:04:32
================================================================================
[2025-11-18T04:05:30.232+0000] {manager.py:879} INFO - 
================================================================================
DAG File Processing Stats

File Path                                         PID  Runtime      # DAGs    # Errors  Last Runtime    Last Run
----------------------------------------------  -----  ---------  --------  ----------  --------------  -------------------
/opt/airflow/dags/01_demo_basic_dag.py            211  0.00s             1           0  0.05s           2025-11-18T04:04:59
/opt/airflow/dags/02_demo_advanced_patterns.py                           1           0  0.23s           2025-11-18T04:05:03
================================================================================
[2025-11-18T04:06:00.506+0000] {manager.py:879} INFO - 
================================================================================
DAG File Processing Stats

File Path                                         PID  Runtime      # DAGs    # Errors  Last Runtime    Last Run
----------------------------------------------  -----  ---------  --------  ----------  --------------  -------------------
/opt/airflow/dags/01_demo_basic_dag.py            214  0.00s             1           0  0.05s           2025-11-18T04:05:30
/opt/airflow/dags/02_demo_advanced_patterns.py                           1           0  0.22s           2025-11-18T04:05:33
================================================================================
[2025-11-18T04:06:18.703+0000] {manager.py:738} INFO - Searching for files in /opt/airflow/dags
[2025-11-18T04:06:18.707+0000] {manager.py:741} INFO - There are 2 files in /opt/airflow/dags
[2025-11-18T04:06:30.815+0000] {manager.py:879} INFO - 
================================================================================
DAG File Processing Stats

File Path                                         PID  Runtime      # DAGs    # Errors  Last Runtime    Last Run
----------------------------------------------  -----  ---------  --------  ----------  --------------  -------------------
/opt/airflow/dags/01_demo_basic_dag.py            217  0.00s             1           0  0.07s           2025-11-18T04:06:00
/opt/airflow/dags/02_demo_advanced_patterns.py                           1           0  0.26s           2025-11-18T04:06:03
================================================================================
[2025-11-18T04:07:01.096+0000] {manager.py:879} INFO - 
================================================================================
DAG File Processing Stats

File Path                                         PID  Runtime      # DAGs    # Errors  Last Runtime    Last Run
----------------------------------------------  -----  ---------  --------  ----------  --------------  -------------------
/opt/airflow/dags/01_demo_basic_dag.py            220  0.00s             1           0  0.05s           2025-11-18T04:06:30
/opt/airflow/dags/02_demo_advanced_patterns.py                           1           0  0.22s           2025-11-18T04:06:34
================================================================================
[2025-11-18T04:07:31.391+0000] {manager.py:879} INFO - 
================================================================================
DAG File Processing Stats

File Path                                         PID  Runtime      # DAGs    # Errors  Last Runtime    Last Run
----------------------------------------------  -----  ---------  --------  ----------  --------------  -------------------
/opt/airflow/dags/01_demo_basic_dag.py            223  0.00s             1           0  0.04s           2025-11-18T04:07:01
/opt/airflow/dags/02_demo_advanced_patterns.py                           1           0  0.21s           2025-11-18T04:07:04
================================================================================
[2025-11-18T04:08:01.679+0000] {manager.py:879} INFO - 
================================================================================
DAG File Processing Stats

File Path                                         PID  Runtime      # DAGs    # Errors  Last Runtime    Last Run
----------------------------------------------  -----  ---------  --------  ----------  --------------  -------------------
/opt/airflow/dags/01_demo_basic_dag.py            226  0.00s             1           0  0.06s           2025-11-18T04:07:31
/opt/airflow/dags/02_demo_advanced_patterns.py                           1           0  0.24s           2025-11-18T04:07:34
================================================================================
[2025-11-18T04:08:31.973+0000] {manager.py:879} INFO - 
================================================================================
DAG File Processing Stats

File Path                                         PID  Runtime      # DAGs    # Errors  Last Runtime    Last Run
----------------------------------------------  -----  ---------  --------  ----------  --------------  -------------------
/opt/airflow/dags/01_demo_basic_dag.py            229  0.00s             1           0  0.06s           2025-11-18T04:08:01
/opt/airflow/dags/02_demo_advanced_patterns.py                           1           0  0.23s           2025-11-18T04:08:04
================================================================================
[2025-11-18T04:09:02.244+0000] {manager.py:879} INFO - 
================================================================================
DAG File Processing Stats

File Path                                         PID  Runtime      # DAGs    # Errors  Last Runtime    Last Run
----------------------------------------------  -----  ---------  --------  ----------  --------------  -------------------
/opt/airflow/dags/01_demo_basic_dag.py            232  0.00s             1           0  0.05s           2025-11-18T04:08:32
/opt/airflow/dags/02_demo_advanced_patterns.py                           1           0  0.22s           2025-11-18T04:08:35
================================================================================
[2025-11-18T04:09:32.516+0000] {manager.py:879} INFO - 
================================================================================
DAG File Processing Stats

File Path                                         PID  Runtime      # DAGs    # Errors  Last Runtime    Last Run
----------------------------------------------  -----  ---------  --------  ----------  --------------  -------------------
/opt/airflow/dags/01_demo_basic_dag.py            235  0.00s             1           0  0.05s           2025-11-18T04:09:02
/opt/airflow/dags/02_demo_advanced_patterns.py                           1           0  0.22s           2025-11-18T04:09:05
================================================================================
[2025-11-18T04:10:02.774+0000] {manager.py:879} INFO - 
================================================================================
DAG File Processing Stats

File Path                                         PID  Runtime      # DAGs    # Errors  Last Runtime    Last Run
----------------------------------------------  -----  ---------  --------  ----------  --------------  -------------------
/opt/airflow/dags/01_demo_basic_dag.py            238  0.00s             1           0  0.05s           2025-11-18T04:09:32
/opt/airflow/dags/02_demo_advanced_patterns.py                           1           0  0.25s           2025-11-18T04:09:35
================================================================================
[2025-11-18T04:10:33.082+0000] {manager.py:879} INFO - 
================================================================================
DAG File Processing Stats

File Path                                         PID  Runtime      # DAGs    # Errors  Last Runtime    Last Run
----------------------------------------------  -----  ---------  --------  ----------  --------------  -------------------
/opt/airflow/dags/01_demo_basic_dag.py            241  0.00s             1           0  0.05s           2025-11-18T04:10:02
/opt/airflow/dags/02_demo_advanced_patterns.py                           1           0  0.23s           2025-11-18T04:10:06
================================================================================
[2025-11-18T04:11:03.386+0000] {manager.py:879} INFO - 
================================================================================
DAG File Processing Stats

File Path                                         PID  Runtime      # DAGs    # Errors  Last Runtime    Last Run
----------------------------------------------  -----  ---------  --------  ----------  --------------  -------------------
/opt/airflow/dags/01_demo_basic_dag.py            244  0.00s             1           0  0.05s           2025-11-18T04:10:33
/opt/airflow/dags/02_demo_advanced_patterns.py                           1           0  0.22s           2025-11-18T04:10:36
================================================================================
[2025-11-18T04:11:18.758+0000] {manager.py:738} INFO - Searching for files in /opt/airflow/dags
[2025-11-18T04:11:18.765+0000] {manager.py:741} INFO - There are 2 files in /opt/airflow/dags
[2025-11-18T04:11:33.675+0000] {manager.py:879} INFO - 
================================================================================
DAG File Processing Stats

File Path                                         PID  Runtime      # DAGs    # Errors  Last Runtime    Last Run
----------------------------------------------  -----  ---------  --------  ----------  --------------  -------------------
/opt/airflow/dags/01_demo_basic_dag.py            247  0.00s             1           0  0.05s           2025-11-18T04:11:03
/opt/airflow/dags/02_demo_advanced_patterns.py                           1           0  0.26s           2025-11-18T04:11:06
================================================================================
[2025-11-18T04:12:03.939+0000] {manager.py:879} INFO - 
================================================================================
DAG File Processing Stats

File Path                                         PID  Runtime      # DAGs    # Errors  Last Runtime    Last Run
----------------------------------------------  -----  ---------  --------  ----------  --------------  -------------------
/opt/airflow/dags/01_demo_basic_dag.py            250  0.00s             1           0  0.05s           2025-11-18T04:11:33
/opt/airflow/dags/02_demo_advanced_patterns.py                           1           0  0.22s           2025-11-18T04:11:36
================================================================================
[2025-11-18T04:12:34.202+0000] {manager.py:879} INFO - 
================================================================================
DAG File Processing Stats

File Path                                         PID  Runtime      # DAGs    # Errors  Last Runtime    Last Run
----------------------------------------------  -----  ---------  --------  ----------  --------------  -------------------
/opt/airflow/dags/01_demo_basic_dag.py            253  0.00s             1           0  0.06s           2025-11-18T04:12:03
/opt/airflow/dags/02_demo_advanced_patterns.py                           1           0  0.23s           2025-11-18T04:12:07
================================================================================
[2025-11-18T04:13:04.468+0000] {manager.py:879} INFO - 
================================================================================
DAG File Processing Stats

File Path                                         PID  Runtime      # DAGs    # Errors  Last Runtime    Last Run
----------------------------------------------  -----  ---------  --------  ----------  --------------  -------------------
/opt/airflow/dags/01_demo_basic_dag.py            256  0.01s             1           0  0.06s           2025-11-18T04:12:34
/opt/airflow/dags/02_demo_advanced_patterns.py                           1           0  0.25s           2025-11-18T04:12:37
================================================================================
[2025-11-18T04:13:34.752+0000] {manager.py:879} INFO - 
================================================================================
DAG File Processing Stats

File Path                                         PID  Runtime      # DAGs    # Errors  Last Runtime    Last Run
----------------------------------------------  -----  ---------  --------  ----------  --------------  -------------------
/opt/airflow/dags/01_demo_basic_dag.py            259  0.00s             1           0  0.06s           2025-11-18T04:13:04
/opt/airflow/dags/02_demo_advanced_patterns.py                           1           0  0.23s           2025-11-18T04:13:07
================================================================================
[2025-11-18T04:14:05.061+0000] {manager.py:879} INFO - 
================================================================================
DAG File Processing Stats

File Path                                         PID  Runtime      # DAGs    # Errors  Last Runtime    Last Run
----------------------------------------------  -----  ---------  --------  ----------  --------------  -------------------
/opt/airflow/dags/01_demo_basic_dag.py            262  0.00s             1           0  0.05s           2025-11-18T04:13:34
/opt/airflow/dags/02_demo_advanced_patterns.py                           1           0  0.22s           2025-11-18T04:13:38
================================================================================
[2025-11-18T04:14:35.358+0000] {manager.py:879} INFO - 
================================================================================
DAG File Processing Stats

File Path                                         PID  Runtime      # DAGs    # Errors  Last Runtime    Last Run
----------------------------------------------  -----  ---------  --------  ----------  --------------  -------------------
/opt/airflow/dags/01_demo_basic_dag.py            265  0.00s             1           0  0.06s           2025-11-18T04:14:05
/opt/airflow/dags/02_demo_advanced_patterns.py                           1           0  0.22s           2025-11-18T04:14:08
================================================================================
[2025-11-18T04:15:05.637+0000] {manager.py:879} INFO - 
================================================================================
DAG File Processing Stats

File Path                                         PID  Runtime      # DAGs    # Errors  Last Runtime    Last Run
----------------------------------------------  -----  ---------  --------  ----------  --------------  -------------------
/opt/airflow/dags/01_demo_basic_dag.py            268  0.01s             1           0  0.05s           2025-11-18T04:14:35
/opt/airflow/dags/02_demo_advanced_patterns.py                           1           0  0.22s           2025-11-18T04:14:38
================================================================================
[2025-11-18T04:15:35.912+0000] {manager.py:879} INFO - 
================================================================================
DAG File Processing Stats

File Path                                         PID  Runtime      # DAGs    # Errors  Last Runtime    Last Run
----------------------------------------------  -----  ---------  --------  ----------  --------------  -------------------
/opt/airflow/dags/01_demo_basic_dag.py            271  0.00s             1           0  0.06s           2025-11-18T04:15:05
/opt/airflow/dags/02_demo_advanced_patterns.py                           1           0  0.24s           2025-11-18T04:15:08
================================================================================
[2025-11-18T04:16:06.212+0000] {manager.py:879} INFO - 
================================================================================
DAG File Processing Stats

File Path                                         PID  Runtime      # DAGs    # Errors  Last Runtime    Last Run
----------------------------------------------  -----  ---------  --------  ----------  --------------  -------------------
/opt/airflow/dags/01_demo_basic_dag.py            274  0.00s             1           0  0.06s           2025-11-18T04:15:35
/opt/airflow/dags/02_demo_advanced_patterns.py                           1           0  0.25s           2025-11-18T04:15:39
================================================================================
[2025-11-18T04:16:19.355+0000] {manager.py:738} INFO - Searching for files in /opt/airflow/dags
[2025-11-18T04:16:19.362+0000] {manager.py:741} INFO - There are 2 files in /opt/airflow/dags
[2025-11-18T04:16:36.506+0000] {manager.py:879} INFO - 
================================================================================
DAG File Processing Stats

File Path                                         PID  Runtime      # DAGs    # Errors  Last Runtime    Last Run
----------------------------------------------  -----  ---------  --------  ----------  --------------  -------------------
/opt/airflow/dags/01_demo_basic_dag.py            277  0.00s             1           0  0.05s           2025-11-18T04:16:06
/opt/airflow/dags/02_demo_advanced_patterns.py                           1           0  0.21s           2025-11-18T04:16:09
================================================================================
[2025-11-18T04:17:06.824+0000] {manager.py:879} INFO - 
================================================================================
DAG File Processing Stats

File Path                                         PID  Runtime      # DAGs    # Errors  Last Runtime    Last Run
----------------------------------------------  -----  ---------  --------  ----------  --------------  -------------------
/opt/airflow/dags/01_demo_basic_dag.py            280  0.00s             1           0  0.08s           2025-11-18T04:16:36
/opt/airflow/dags/02_demo_advanced_patterns.py                           1           0  0.24s           2025-11-18T04:16:39
================================================================================
[2025-11-18T04:17:37.106+0000] {manager.py:879} INFO - 
================================================================================
DAG File Processing Stats

File Path                                         PID  Runtime      # DAGs    # Errors  Last Runtime    Last Run
----------------------------------------------  -----  ---------  --------  ----------  --------------  -------------------
/opt/airflow/dags/01_demo_basic_dag.py            283  0.00s             1           0  0.06s           2025-11-18T04:17:06
/opt/airflow/dags/02_demo_advanced_patterns.py                           1           0  0.23s           2025-11-18T04:17:10
================================================================================
[2025-11-18T04:18:07.388+0000] {manager.py:879} INFO - 
================================================================================
DAG File Processing Stats

File Path                                         PID  Runtime      # DAGs    # Errors  Last Runtime    Last Run
----------------------------------------------  -----  ---------  --------  ----------  --------------  -------------------
/opt/airflow/dags/01_demo_basic_dag.py            286  0.00s             1           0  0.06s           2025-11-18T04:17:37
/opt/airflow/dags/02_demo_advanced_patterns.py                           1           0  0.21s           2025-11-18T04:17:40
================================================================================
[2025-11-18T04:18:37.652+0000] {manager.py:879} INFO - 
================================================================================
DAG File Processing Stats

File Path                                         PID  Runtime      # DAGs    # Errors  Last Runtime    Last Run
----------------------------------------------  -----  ---------  --------  ----------  --------------  -------------------
/opt/airflow/dags/01_demo_basic_dag.py            289  0.00s             1           0  0.05s           2025-11-18T04:18:07
/opt/airflow/dags/02_demo_advanced_patterns.py                           1           0  0.20s           2025-11-18T04:18:10
================================================================================
[2025-11-18T04:19:07.918+0000] {manager.py:879} INFO - 
================================================================================
DAG File Processing Stats

File Path                                         PID  Runtime      # DAGs    # Errors  Last Runtime    Last Run
----------------------------------------------  -----  ---------  --------  ----------  --------------  -------------------
/opt/airflow/dags/01_demo_basic_dag.py            292  0.00s             1           0  0.04s           2025-11-18T04:18:37
/opt/airflow/dags/02_demo_advanced_patterns.py                           1           0  0.20s           2025-11-18T04:18:40
================================================================================
[2025-11-18T04:19:38.195+0000] {manager.py:879} INFO - 
================================================================================
DAG File Processing Stats

File Path                                         PID  Runtime      # DAGs    # Errors  Last Runtime    Last Run
----------------------------------------------  -----  ---------  --------  ----------  --------------  -------------------
/opt/airflow/dags/01_demo_basic_dag.py            295  0.00s             1           0  0.06s           2025-11-18T04:19:07
/opt/airflow/dags/02_demo_advanced_patterns.py                           1           0  0.21s           2025-11-18T04:19:11
================================================================================
[2025-11-18T04:20:08.432+0000] {manager.py:879} INFO - 
================================================================================
DAG File Processing Stats

File Path                                         PID  Runtime      # DAGs    # Errors  Last Runtime    Last Run
----------------------------------------------  -----  ---------  --------  ----------  --------------  -------------------
/opt/airflow/dags/01_demo_basic_dag.py            298  0.00s             1           0  0.04s           2025-11-18T04:19:38
/opt/airflow/dags/02_demo_advanced_patterns.py                           1           0  0.21s           2025-11-18T04:19:41
================================================================================
[2025-11-18T04:20:38.656+0000] {manager.py:879} INFO - 
================================================================================
DAG File Processing Stats

File Path                                         PID  Runtime      # DAGs    # Errors  Last Runtime    Last Run
----------------------------------------------  -----  ---------  --------  ----------  --------------  -------------------
/opt/airflow/dags/01_demo_basic_dag.py            301  0.00s             1           0  0.04s           2025-11-18T04:20:08
/opt/airflow/dags/02_demo_advanced_patterns.py                           1           0  0.21s           2025-11-18T04:20:11
================================================================================
[2025-11-18T04:21:08.896+0000] {manager.py:879} INFO - 
================================================================================
DAG File Processing Stats

File Path                                         PID  Runtime      # DAGs    # Errors  Last Runtime    Last Run
----------------------------------------------  -----  ---------  --------  ----------  --------------  -------------------
/opt/airflow/dags/01_demo_basic_dag.py            304  0.00s             1           0  0.04s           2025-11-18T04:20:38
/opt/airflow/dags/02_demo_advanced_patterns.py                           1           0  0.20s           2025-11-18T04:20:41
================================================================================
[2025-11-18T04:21:20.007+0000] {manager.py:738} INFO - Searching for files in /opt/airflow/dags
[2025-11-18T04:21:20.012+0000] {manager.py:741} INFO - There are 2 files in /opt/airflow/dags
[2025-11-18T04:21:39.188+0000] {manager.py:879} INFO - 
================================================================================
DAG File Processing Stats

File Path                                         PID  Runtime      # DAGs    # Errors  Last Runtime    Last Run
----------------------------------------------  -----  ---------  --------  ----------  --------------  -------------------
/opt/airflow/dags/01_demo_basic_dag.py            307  0.00s             1           0  0.04s           2025-11-18T04:21:08
/opt/airflow/dags/02_demo_advanced_patterns.py                           1           0  0.22s           2025-11-18T04:21:12
================================================================================
[2025-11-18T04:22:09.471+0000] {manager.py:879} INFO - 
================================================================================
DAG File Processing Stats

File Path                                         PID  Runtime      # DAGs    # Errors  Last Runtime    Last Run
----------------------------------------------  -----  ---------  --------  ----------  --------------  -------------------
/opt/airflow/dags/01_demo_basic_dag.py            310  0.00s             1           0  0.05s           2025-11-18T04:21:39
/opt/airflow/dags/02_demo_advanced_patterns.py                           1           0  0.20s           2025-11-18T04:21:42
================================================================================
[2025-11-18T04:22:39.749+0000] {manager.py:879} INFO - 
================================================================================
DAG File Processing Stats

File Path                                         PID  Runtime      # DAGs    # Errors  Last Runtime    Last Run
----------------------------------------------  -----  ---------  --------  ----------  --------------  -------------------
/opt/airflow/dags/01_demo_basic_dag.py            313  0.00s             1           0  0.05s           2025-11-18T04:22:09
/opt/airflow/dags/02_demo_advanced_patterns.py                           1           0  0.22s           2025-11-18T04:22:12
================================================================================
[2025-11-18T04:23:10.043+0000] {manager.py:879} INFO - 
================================================================================
DAG File Processing Stats

File Path                                         PID  Runtime      # DAGs    # Errors  Last Runtime    Last Run
----------------------------------------------  -----  ---------  --------  ----------  --------------  -------------------
/opt/airflow/dags/01_demo_basic_dag.py            316  0.00s             1           0  0.05s           2025-11-18T04:22:39
/opt/airflow/dags/02_demo_advanced_patterns.py                           1           0  0.21s           2025-11-18T04:22:42
================================================================================
[2025-11-18T04:23:40.333+0000] {manager.py:879} INFO - 
================================================================================
DAG File Processing Stats

File Path                                         PID  Runtime      # DAGs    # Errors  Last Runtime    Last Run
----------------------------------------------  -----  ---------  --------  ----------  --------------  -------------------
/opt/airflow/dags/01_demo_basic_dag.py            319  0.00s             1           0  0.05s           2025-11-18T04:23:10
/opt/airflow/dags/02_demo_advanced_patterns.py                           1           0  0.21s           2025-11-18T04:23:13
================================================================================
[2025-11-18T04:24:10.621+0000] {manager.py:879} INFO - 
================================================================================
DAG File Processing Stats

File Path                                         PID  Runtime      # DAGs    # Errors  Last Runtime    Last Run
----------------------------------------------  -----  ---------  --------  ----------  --------------  -------------------
/opt/airflow/dags/01_demo_basic_dag.py            322  0.00s             1           0  0.05s           2025-11-18T04:23:40
/opt/airflow/dags/02_demo_advanced_patterns.py                           1           0  0.21s           2025-11-18T04:23:43
================================================================================
[2025-11-18T04:24:40.979+0000] {manager.py:879} INFO - 
================================================================================
DAG File Processing Stats

File Path                                         PID  Runtime      # DAGs    # Errors  Last Runtime    Last Run
----------------------------------------------  -----  ---------  --------  ----------  --------------  -------------------
/opt/airflow/dags/01_demo_basic_dag.py            325  0.00s             1           0  0.05s           2025-11-18T04:24:10
/opt/airflow/dags/02_demo_advanced_patterns.py                           1           0  0.21s           2025-11-18T04:24:13
================================================================================
[2025-11-18T04:25:11.322+0000] {manager.py:879} INFO - 
================================================================================
DAG File Processing Stats

File Path                                         PID  Runtime      # DAGs    # Errors  Last Runtime    Last Run
----------------------------------------------  -----  ---------  --------  ----------  --------------  -------------------
/opt/airflow/dags/01_demo_basic_dag.py            328  0.00s             1           0  0.04s           2025-11-18T04:24:41
/opt/airflow/dags/02_demo_advanced_patterns.py                           1           0  0.21s           2025-11-18T04:24:44
================================================================================
[2025-11-18T04:25:41.695+0000] {manager.py:879} INFO - 
================================================================================
DAG File Processing Stats

File Path                                         PID  Runtime      # DAGs    # Errors  Last Runtime    Last Run
----------------------------------------------  -----  ---------  --------  ----------  --------------  -------------------
/opt/airflow/dags/01_demo_basic_dag.py            331  0.00s             1           0  0.11s           2025-11-18T04:25:11
/opt/airflow/dags/02_demo_advanced_patterns.py                           1           0  0.21s           2025-11-18T04:25:14
================================================================================
[2025-11-18T04:26:12.000+0000] {manager.py:879} INFO - 
================================================================================
DAG File Processing Stats

File Path                                         PID  Runtime      # DAGs    # Errors  Last Runtime    Last Run
----------------------------------------------  -----  ---------  --------  ----------  --------------  -------------------
/opt/airflow/dags/01_demo_basic_dag.py            334  0.00s             1           0  0.05s           2025-11-18T04:25:41
/opt/airflow/dags/02_demo_advanced_patterns.py                           1           0  0.22s           2025-11-18T04:25:44
================================================================================
[2025-11-18T04:26:20.110+0000] {manager.py:738} INFO - Searching for files in /opt/airflow/dags
[2025-11-18T04:26:20.116+0000] {manager.py:741} INFO - There are 2 files in /opt/airflow/dags
[2025-11-18T04:26:42.316+0000] {manager.py:879} INFO - 
================================================================================
DAG File Processing Stats

File Path                                         PID  Runtime      # DAGs    # Errors  Last Runtime    Last Run
----------------------------------------------  -----  ---------  --------  ----------  --------------  -------------------
/opt/airflow/dags/01_demo_basic_dag.py            337  0.00s             1           0  0.04s           2025-11-18T04:26:12
/opt/airflow/dags/02_demo_advanced_patterns.py                           1           0  0.21s           2025-11-18T04:26:15
================================================================================
[2025-11-18T04:27:12.652+0000] {manager.py:879} INFO - 
================================================================================
DAG File Processing Stats

File Path                                         PID  Runtime      # DAGs    # Errors  Last Runtime    Last Run
----------------------------------------------  -----  ---------  --------  ----------  --------------  -------------------
/opt/airflow/dags/01_demo_basic_dag.py            340  0.00s             1           0  0.04s           2025-11-18T04:26:42
/opt/airflow/dags/02_demo_advanced_patterns.py                           1           0  0.21s           2025-11-18T04:26:45
================================================================================
[2025-11-18T04:27:42.987+0000] {manager.py:879} INFO - 
================================================================================
DAG File Processing Stats

File Path                                         PID  Runtime      # DAGs    # Errors  Last Runtime    Last Run
----------------------------------------------  -----  ---------  --------  ----------  --------------  -------------------
/opt/airflow/dags/01_demo_basic_dag.py            343  0.00s             1           0  0.04s           2025-11-18T04:27:12
/opt/airflow/dags/02_demo_advanced_patterns.py                           1           0  0.21s           2025-11-18T04:27:15
================================================================================
[2025-11-18T04:28:13.398+0000] {manager.py:879} INFO - 
================================================================================
DAG File Processing Stats

File Path                                         PID  Runtime      # DAGs    # Errors  Last Runtime    Last Run
----------------------------------------------  -----  ---------  --------  ----------  --------------  -------------------
/opt/airflow/dags/01_demo_basic_dag.py            346  0.00s             1           0  0.11s           2025-11-18T04:27:43
/opt/airflow/dags/02_demo_advanced_patterns.py                           1           0  0.21s           2025-11-18T04:27:46
================================================================================
[2025-11-18T04:28:43.715+0000] {manager.py:879} INFO - 
================================================================================
DAG File Processing Stats

File Path                                         PID  Runtime      # DAGs    # Errors  Last Runtime    Last Run
----------------------------------------------  -----  ---------  --------  ----------  --------------  -------------------
/opt/airflow/dags/01_demo_basic_dag.py            349  0.00s             1           0  0.05s           2025-11-18T04:28:13
/opt/airflow/dags/02_demo_advanced_patterns.py                           1           0  0.21s           2025-11-18T04:28:16
================================================================================
[2025-11-18T04:29:13.990+0000] {manager.py:879} INFO - 
================================================================================
DAG File Processing Stats

File Path                                         PID  Runtime      # DAGs    # Errors  Last Runtime    Last Run
----------------------------------------------  -----  ---------  --------  ----------  --------------  -------------------
/opt/airflow/dags/01_demo_basic_dag.py            352  0.00s             1           0  0.05s           2025-11-18T04:28:43
/opt/airflow/dags/02_demo_advanced_patterns.py                           1           0  0.22s           2025-11-18T04:28:46
================================================================================
[2025-11-18T04:29:44.249+0000] {manager.py:879} INFO - 
================================================================================
DAG File Processing Stats

File Path                                         PID  Runtime      # DAGs    # Errors  Last Runtime    Last Run
----------------------------------------------  -----  ---------  --------  ----------  --------------  -------------------
/opt/airflow/dags/01_demo_basic_dag.py            355  0.00s             1           0  0.05s           2025-11-18T04:29:14
/opt/airflow/dags/02_demo_advanced_patterns.py                           1           0  0.20s           2025-11-18T04:29:17
================================================================================
[2025-11-18T04:30:14.518+0000] {manager.py:879} INFO - 
================================================================================
DAG File Processing Stats

File Path                                         PID  Runtime      # DAGs    # Errors  Last Runtime    Last Run
----------------------------------------------  -----  ---------  --------  ----------  --------------  -------------------
/opt/airflow/dags/01_demo_basic_dag.py            358  0.00s             1           0  0.04s           2025-11-18T04:29:44
/opt/airflow/dags/02_demo_advanced_patterns.py                           1           0  0.20s           2025-11-18T04:29:47
================================================================================
[2025-11-18T04:30:44.851+0000] {manager.py:879} INFO - 
================================================================================
DAG File Processing Stats

File Path                                         PID  Runtime      # DAGs    # Errors  Last Runtime    Last Run
----------------------------------------------  -----  ---------  --------  ----------  --------------  -------------------
/opt/airflow/dags/01_demo_basic_dag.py            361  0.00s             1           0  0.11s           2025-11-18T04:30:14
/opt/airflow/dags/02_demo_advanced_patterns.py                           1           0  0.20s           2025-11-18T04:30:17
================================================================================
[2025-11-18T04:31:15.124+0000] {manager.py:879} INFO - 
================================================================================
DAG File Processing Stats

File Path                                         PID  Runtime      # DAGs    # Errors  Last Runtime    Last Run
----------------------------------------------  -----  ---------  --------  ----------  --------------  -------------------
/opt/airflow/dags/01_demo_basic_dag.py            364  0.00s             1           0  0.05s           2025-11-18T04:30:44
/opt/airflow/dags/02_demo_advanced_patterns.py                           1           0  0.20s           2025-11-18T04:30:48
================================================================================
[2025-11-18T04:31:20.260+0000] {manager.py:738} INFO - Searching for files in /opt/airflow/dags
[2025-11-18T04:31:20.265+0000] {manager.py:741} INFO - There are 2 files in /opt/airflow/dags
[2025-11-18T04:31:45.433+0000] {manager.py:879} INFO - 
================================================================================
DAG File Processing Stats

File Path                                         PID  Runtime      # DAGs    # Errors  Last Runtime    Last Run
----------------------------------------------  -----  ---------  --------  ----------  --------------  -------------------
/opt/airflow/dags/01_demo_basic_dag.py            367  0.00s             1           0  0.11s           2025-11-18T04:31:15
/opt/airflow/dags/02_demo_advanced_patterns.py                           1           0  0.21s           2025-11-18T04:31:18
================================================================================
[2025-11-18T04:32:15.773+0000] {manager.py:879} INFO - 
================================================================================
DAG File Processing Stats

File Path                                         PID  Runtime      # DAGs    # Errors  Last Runtime    Last Run
----------------------------------------------  -----  ---------  --------  ----------  --------------  -------------------
/opt/airflow/dags/01_demo_basic_dag.py            370  0.00s             1           0  0.10s           2025-11-18T04:31:45
/opt/airflow/dags/02_demo_advanced_patterns.py                           1           0  0.20s           2025-11-18T04:31:48
================================================================================
[2025-11-18T04:32:46.029+0000] {manager.py:879} INFO - 
================================================================================
DAG File Processing Stats

File Path                                         PID  Runtime      # DAGs    # Errors  Last Runtime    Last Run
----------------------------------------------  -----  ---------  --------  ----------  --------------  -------------------
/opt/airflow/dags/01_demo_basic_dag.py            373  0.00s             1           0  0.05s           2025-11-18T04:32:15
/opt/airflow/dags/02_demo_advanced_patterns.py                           1           0  0.21s           2025-11-18T04:32:19
================================================================================
[2025-11-18T04:33:16.360+0000] {manager.py:879} INFO - 
================================================================================
DAG File Processing Stats

File Path                                         PID  Runtime      # DAGs    # Errors  Last Runtime    Last Run
----------------------------------------------  -----  ---------  --------  ----------  --------------  -------------------
/opt/airflow/dags/01_demo_basic_dag.py            376  0.00s             1           0  0.10s           2025-11-18T04:32:46
/opt/airflow/dags/02_demo_advanced_patterns.py                           1           0  0.21s           2025-11-18T04:32:49
================================================================================
[2025-11-18T04:33:46.601+0000] {manager.py:879} INFO - 
================================================================================
DAG File Processing Stats

File Path                                         PID  Runtime      # DAGs    # Errors  Last Runtime    Last Run
----------------------------------------------  -----  ---------  --------  ----------  --------------  -------------------
/opt/airflow/dags/01_demo_basic_dag.py            379  0.00s             1           0  0.05s           2025-11-18T04:33:16
/opt/airflow/dags/02_demo_advanced_patterns.py                           1           0  0.21s           2025-11-18T04:33:19
================================================================================
[2025-11-18T04:34:16.919+0000] {manager.py:879} INFO - 
================================================================================
DAG File Processing Stats

File Path                                         PID  Runtime      # DAGs    # Errors  Last Runtime    Last Run
----------------------------------------------  -----  ---------  --------  ----------  --------------  -------------------
/opt/airflow/dags/01_demo_basic_dag.py            382  0.00s             1           0  0.11s           2025-11-18T04:33:46
/opt/airflow/dags/02_demo_advanced_patterns.py                           1           0  0.23s           2025-11-18T04:33:49
================================================================================
[2025-11-18T04:34:47.266+0000] {manager.py:879} INFO - 
================================================================================
DAG File Processing Stats

File Path                                         PID  Runtime      # DAGs    # Errors  Last Runtime    Last Run
----------------------------------------------  -----  ---------  --------  ----------  --------------  -------------------
/opt/airflow/dags/01_demo_basic_dag.py            385  0.00s             1           0  0.11s           2025-11-18T04:34:17
/opt/airflow/dags/02_demo_advanced_patterns.py                           1           0  0.22s           2025-11-18T04:34:20
================================================================================
[2025-11-18T04:35:17.549+0000] {manager.py:879} INFO - 
================================================================================
DAG File Processing Stats

File Path                                         PID  Runtime      # DAGs    # Errors  Last Runtime    Last Run
----------------------------------------------  -----  ---------  --------  ----------  --------------  -------------------
/opt/airflow/dags/01_demo_basic_dag.py            388  0.00s             1           0  0.06s           2025-11-18T04:34:47
/opt/airflow/dags/02_demo_advanced_patterns.py                           1           0  0.23s           2025-11-18T04:34:50
================================================================================
[2025-11-18T04:35:47.864+0000] {manager.py:879} INFO - 
================================================================================
DAG File Processing Stats

File Path                                         PID  Runtime      # DAGs    # Errors  Last Runtime    Last Run
----------------------------------------------  -----  ---------  --------  ----------  --------------  -------------------
/opt/airflow/dags/01_demo_basic_dag.py            391  0.00s             1           0  0.11s           2025-11-18T04:35:17
/opt/airflow/dags/02_demo_advanced_patterns.py                           1           0  0.20s           2025-11-18T04:35:20
================================================================================
[2025-11-18T04:36:18.226+0000] {manager.py:879} INFO - 
================================================================================
DAG File Processing Stats

File Path                                         PID  Runtime      # DAGs    # Errors  Last Runtime    Last Run
----------------------------------------------  -----  ---------  --------  ----------  --------------  -------------------
/opt/airflow/dags/01_demo_basic_dag.py            394  0.00s             1           0  0.11s           2025-11-18T04:35:47
/opt/airflow/dags/02_demo_advanced_patterns.py                           1           0  0.14s           2025-11-18T04:35:51
================================================================================
[2025-11-18T04:36:20.287+0000] {manager.py:738} INFO - Searching for files in /opt/airflow/dags
[2025-11-18T04:36:20.293+0000] {manager.py:741} INFO - There are 2 files in /opt/airflow/dags
[2025-11-18T04:36:48.513+0000] {manager.py:879} INFO - 
================================================================================
DAG File Processing Stats

File Path                                         PID  Runtime      # DAGs    # Errors  Last Runtime    Last Run
----------------------------------------------  -----  ---------  --------  ----------  --------------  -------------------
/opt/airflow/dags/01_demo_basic_dag.py            397  0.00s             1           0  0.05s           2025-11-18T04:36:18
/opt/airflow/dags/02_demo_advanced_patterns.py                           1           0  0.15s           2025-11-18T04:36:21
================================================================================
[2025-11-18T04:37:18.749+0000] {manager.py:879} INFO - 
================================================================================
DAG File Processing Stats

File Path                                         PID  Runtime      # DAGs    # Errors  Last Runtime    Last Run
----------------------------------------------  -----  ---------  --------  ----------  --------------  -------------------
/opt/airflow/dags/01_demo_basic_dag.py            400  0.00s             1           0  0.05s           2025-11-18T04:36:48
/opt/airflow/dags/02_demo_advanced_patterns.py                           1           0  0.14s           2025-11-18T04:36:51
================================================================================
[2025-11-18T04:37:48.966+0000] {manager.py:879} INFO - 
================================================================================
DAG File Processing Stats

File Path                                         PID  Runtime      # DAGs    # Errors  Last Runtime    Last Run
----------------------------------------------  -----  ---------  --------  ----------  --------------  -------------------
/opt/airflow/dags/01_demo_basic_dag.py            403  0.00s             1           0  0.05s           2025-11-18T04:37:18
/opt/airflow/dags/02_demo_advanced_patterns.py                           1           0  0.15s           2025-11-18T04:37:21
================================================================================
[2025-11-18T04:38:19.184+0000] {manager.py:879} INFO - 
================================================================================
DAG File Processing Stats

File Path                                         PID  Runtime      # DAGs    # Errors  Last Runtime    Last Run
----------------------------------------------  -----  ---------  --------  ----------  --------------  -------------------
/opt/airflow/dags/01_demo_basic_dag.py            406  0.00s             1           0  0.05s           2025-11-18T04:37:49
/opt/airflow/dags/02_demo_advanced_patterns.py                           1           0  0.14s           2025-11-18T04:37:52
================================================================================
[2025-11-18T04:38:49.454+0000] {manager.py:879} INFO - 
================================================================================
DAG File Processing Stats

File Path                                         PID  Runtime      # DAGs    # Errors  Last Runtime    Last Run
----------------------------------------------  -----  ---------  --------  ----------  --------------  -------------------
/opt/airflow/dags/01_demo_basic_dag.py            409  0.00s             1           0  0.05s           2025-11-18T04:38:19
/opt/airflow/dags/02_demo_advanced_patterns.py                           1           0  0.15s           2025-11-18T04:38:22
================================================================================
[2025-11-18T04:39:19.705+0000] {manager.py:879} INFO - 
================================================================================
DAG File Processing Stats

File Path                                         PID  Runtime      # DAGs    # Errors  Last Runtime    Last Run
----------------------------------------------  -----  ---------  --------  ----------  --------------  -------------------
/opt/airflow/dags/01_demo_basic_dag.py            412  0.00s             1           0  0.05s           2025-11-18T04:38:49
/opt/airflow/dags/02_demo_advanced_patterns.py                           1           0  0.15s           2025-11-18T04:38:52
================================================================================
[2025-11-18T04:39:49.988+0000] {manager.py:879} INFO - 
================================================================================
DAG File Processing Stats

File Path                                         PID  Runtime      # DAGs    # Errors  Last Runtime    Last Run
----------------------------------------------  -----  ---------  --------  ----------  --------------  -------------------
/opt/airflow/dags/01_demo_basic_dag.py            415  0.00s             1           0  0.06s           2025-11-18T04:39:19
/opt/airflow/dags/02_demo_advanced_patterns.py                           1           0  0.15s           2025-11-18T04:39:22
================================================================================
[2025-11-18T04:40:20.263+0000] {manager.py:879} INFO - 
================================================================================
DAG File Processing Stats

File Path                                         PID  Runtime      # DAGs    # Errors  Last Runtime    Last Run
----------------------------------------------  -----  ---------  --------  ----------  --------------  -------------------
/opt/airflow/dags/01_demo_basic_dag.py            418  0.00s             1           0  0.05s           2025-11-18T04:39:50
/opt/airflow/dags/02_demo_advanced_patterns.py                           1           0  0.16s           2025-11-18T04:39:53
================================================================================
[2025-11-18T04:40:50.528+0000] {manager.py:879} INFO - 
================================================================================
DAG File Processing Stats

File Path                                         PID  Runtime      # DAGs    # Errors  Last Runtime    Last Run
----------------------------------------------  -----  ---------  --------  ----------  --------------  -------------------
/opt/airflow/dags/01_demo_basic_dag.py            421  0.00s             1           0  0.05s           2025-11-18T04:40:20
/opt/airflow/dags/02_demo_advanced_patterns.py                           1           0  0.15s           2025-11-18T04:40:23
================================================================================
[2025-11-18T04:41:20.790+0000] {manager.py:738} INFO - Searching for files in /opt/airflow/dags
[2025-11-18T04:41:20.796+0000] {manager.py:741} INFO - There are 2 files in /opt/airflow/dags
[2025-11-18T04:41:20.805+0000] {manager.py:879} INFO - 
================================================================================
DAG File Processing Stats

File Path                                         PID  Runtime      # DAGs    # Errors  Last Runtime    Last Run
----------------------------------------------  -----  ---------  --------  ----------  --------------  -------------------
/opt/airflow/dags/01_demo_basic_dag.py            424  0.00s             1           0  0.05s           2025-11-18T04:40:50
/opt/airflow/dags/02_demo_advanced_patterns.py                           1           0  0.16s           2025-11-18T04:40:53
================================================================================
[2025-11-18T04:41:51.051+0000] {manager.py:879} INFO - 
================================================================================
DAG File Processing Stats

File Path                                         PID  Runtime      # DAGs    # Errors  Last Runtime    Last Run
----------------------------------------------  -----  ---------  --------  ----------  --------------  -------------------
/opt/airflow/dags/01_demo_basic_dag.py            427  0.00s             1           0  0.04s           2025-11-18T04:41:20
/opt/airflow/dags/02_demo_advanced_patterns.py                           1           0  0.15s           2025-11-18T04:41:23
================================================================================
[2025-11-18T04:42:21.310+0000] {manager.py:879} INFO - 
================================================================================
DAG File Processing Stats

File Path                                         PID  Runtime      # DAGs    # Errors  Last Runtime    Last Run
----------------------------------------------  -----  ---------  --------  ----------  --------------  -------------------
/opt/airflow/dags/01_demo_basic_dag.py            430  0.00s             1           0  0.05s           2025-11-18T04:41:51
/opt/airflow/dags/02_demo_advanced_patterns.py                           1           0  0.16s           2025-11-18T04:41:54
================================================================================
[2025-11-18T04:42:51.586+0000] {manager.py:879} INFO - 
================================================================================
DAG File Processing Stats

File Path                                         PID  Runtime      # DAGs    # Errors  Last Runtime    Last Run
----------------------------------------------  -----  ---------  --------  ----------  --------------  -------------------
/opt/airflow/dags/01_demo_basic_dag.py            433  0.00s             1           0  0.05s           2025-11-18T04:42:21
/opt/airflow/dags/02_demo_advanced_patterns.py                           1           0  0.15s           2025-11-18T04:42:24
================================================================================
[2025-11-18T04:43:21.858+0000] {manager.py:879} INFO - 
================================================================================
DAG File Processing Stats

File Path                                         PID  Runtime      # DAGs    # Errors  Last Runtime    Last Run
----------------------------------------------  -----  ---------  --------  ----------  --------------  -------------------
/opt/airflow/dags/01_demo_basic_dag.py            436  0.00s             1           0  0.05s           2025-11-18T04:42:51
/opt/airflow/dags/02_demo_advanced_patterns.py                           1           0  0.16s           2025-11-18T04:42:54
================================================================================
[2025-11-18T04:43:52.104+0000] {manager.py:879} INFO - 
================================================================================
DAG File Processing Stats

File Path                                         PID  Runtime      # DAGs    # Errors  Last Runtime    Last Run
----------------------------------------------  -----  ---------  --------  ----------  --------------  -------------------
/opt/airflow/dags/01_demo_basic_dag.py            439  0.00s             1           0  0.05s           2025-11-18T04:43:21
/opt/airflow/dags/02_demo_advanced_patterns.py                           1           0  0.15s           2025-11-18T04:43:25
================================================================================
[2025-11-18T04:44:22.370+0000] {manager.py:879} INFO - 
================================================================================
DAG File Processing Stats

File Path                                         PID  Runtime      # DAGs    # Errors  Last Runtime    Last Run
----------------------------------------------  -----  ---------  --------  ----------  --------------  -------------------
/opt/airflow/dags/01_demo_basic_dag.py            442  0.00s             1           0  0.05s           2025-11-18T04:43:52
/opt/airflow/dags/02_demo_advanced_patterns.py                           1           0  0.15s           2025-11-18T04:43:55
================================================================================
[2025-11-18T04:44:52.638+0000] {manager.py:879} INFO - 
================================================================================
DAG File Processing Stats

File Path                                         PID  Runtime      # DAGs    # Errors  Last Runtime    Last Run
----------------------------------------------  -----  ---------  --------  ----------  --------------  -------------------
/opt/airflow/dags/01_demo_basic_dag.py            445  0.00s             1           0  0.05s           2025-11-18T04:44:22
/opt/airflow/dags/02_demo_advanced_patterns.py                           1           0  0.15s           2025-11-18T04:44:25
================================================================================
[2025-11-18T04:45:22.895+0000] {manager.py:879} INFO - 
================================================================================
DAG File Processing Stats

File Path                                         PID  Runtime      # DAGs    # Errors  Last Runtime    Last Run
----------------------------------------------  -----  ---------  --------  ----------  --------------  -------------------
/opt/airflow/dags/01_demo_basic_dag.py            448  0.00s             1           0  0.05s           2025-11-18T04:44:52
/opt/airflow/dags/02_demo_advanced_patterns.py                           1           0  0.15s           2025-11-18T04:44:55
================================================================================
[2025-11-18T04:45:53.170+0000] {manager.py:879} INFO - 
================================================================================
DAG File Processing Stats

File Path                                         PID  Runtime      # DAGs    # Errors  Last Runtime    Last Run
----------------------------------------------  -----  ---------  --------  ----------  --------------  -------------------
/opt/airflow/dags/01_demo_basic_dag.py            451  0.00s             1           0  0.05s           2025-11-18T04:45:22
/opt/airflow/dags/02_demo_advanced_patterns.py                           1           0  0.16s           2025-11-18T04:45:26
================================================================================
[2025-11-18T04:46:21.425+0000] {manager.py:738} INFO - Searching for files in /opt/airflow/dags
[2025-11-18T04:46:21.430+0000] {manager.py:741} INFO - There are 2 files in /opt/airflow/dags
[2025-11-18T04:46:23.460+0000] {manager.py:879} INFO - 
================================================================================
DAG File Processing Stats

File Path                                         PID  Runtime      # DAGs    # Errors  Last Runtime    Last Run
----------------------------------------------  -----  ---------  --------  ----------  --------------  -------------------
/opt/airflow/dags/01_demo_basic_dag.py            454  0.00s             1           0  0.06s           2025-11-18T04:45:53
/opt/airflow/dags/02_demo_advanced_patterns.py                           1           0  0.15s           2025-11-18T04:45:56
================================================================================
[2025-11-18T04:46:53.705+0000] {manager.py:879} INFO - 
================================================================================
DAG File Processing Stats

File Path                                         PID  Runtime      # DAGs    # Errors  Last Runtime    Last Run
----------------------------------------------  -----  ---------  --------  ----------  --------------  -------------------
/opt/airflow/dags/01_demo_basic_dag.py            457  0.00s             1           0  0.05s           2025-11-18T04:46:23
/opt/airflow/dags/02_demo_advanced_patterns.py                           1           0  0.15s           2025-11-18T04:46:26
================================================================================
[2025-11-18T04:47:23.940+0000] {manager.py:879} INFO - 
================================================================================
DAG File Processing Stats

File Path                                         PID  Runtime      # DAGs    # Errors  Last Runtime    Last Run
----------------------------------------------  -----  ---------  --------  ----------  --------------  -------------------
/opt/airflow/dags/01_demo_basic_dag.py            460  0.00s             1           0  0.05s           2025-11-18T04:46:53
/opt/airflow/dags/02_demo_advanced_patterns.py                           1           0  0.16s           2025-11-18T04:46:56
================================================================================
[2025-11-18T04:47:54.194+0000] {manager.py:879} INFO - 
================================================================================
DAG File Processing Stats

File Path                                         PID  Runtime      # DAGs    # Errors  Last Runtime    Last Run
----------------------------------------------  -----  ---------  --------  ----------  --------------  -------------------
/opt/airflow/dags/01_demo_basic_dag.py            463  0.00s             1           0  0.05s           2025-11-18T04:47:23
/opt/airflow/dags/02_demo_advanced_patterns.py                           1           0  0.15s           2025-11-18T04:47:27
================================================================================
[2025-11-18T04:48:24.428+0000] {manager.py:879} INFO - 
================================================================================
DAG File Processing Stats

File Path                                         PID  Runtime      # DAGs    # Errors  Last Runtime    Last Run
----------------------------------------------  -----  ---------  --------  ----------  --------------  -------------------
/opt/airflow/dags/01_demo_basic_dag.py            466  0.00s             1           0  0.05s           2025-11-18T04:47:54
/opt/airflow/dags/02_demo_advanced_patterns.py                           1           0  0.15s           2025-11-18T04:47:57
================================================================================
[2025-11-18T04:48:54.667+0000] {manager.py:879} INFO - 
================================================================================
DAG File Processing Stats

File Path                                         PID  Runtime      # DAGs    # Errors  Last Runtime    Last Run
----------------------------------------------  -----  ---------  --------  ----------  --------------  -------------------
/opt/airflow/dags/01_demo_basic_dag.py            469  0.00s             1           0  0.05s           2025-11-18T04:48:24
/opt/airflow/dags/02_demo_advanced_patterns.py                           1           0  0.15s           2025-11-18T04:48:27
================================================================================
[2025-11-18T04:49:24.923+0000] {manager.py:879} INFO - 
================================================================================
DAG File Processing Stats

File Path                                         PID  Runtime      # DAGs    # Errors  Last Runtime    Last Run
----------------------------------------------  -----  ---------  --------  ----------  --------------  -------------------
/opt/airflow/dags/01_demo_basic_dag.py            472  0.00s             1           0  0.05s           2025-11-18T04:48:54
/opt/airflow/dags/02_demo_advanced_patterns.py                           1           0  0.15s           2025-11-18T04:48:57
================================================================================
[2025-11-18T04:49:55.190+0000] {manager.py:879} INFO - 
================================================================================
DAG File Processing Stats

File Path                                         PID  Runtime      # DAGs    # Errors  Last Runtime    Last Run
----------------------------------------------  -----  ---------  --------  ----------  --------------  -------------------
/opt/airflow/dags/01_demo_basic_dag.py            475  0.00s             1           0  0.05s           2025-11-18T04:49:24
/opt/airflow/dags/02_demo_advanced_patterns.py                           1           0  0.16s           2025-11-18T04:49:28
================================================================================
[2025-11-18T04:50:25.450+0000] {manager.py:879} INFO - 
================================================================================
DAG File Processing Stats

File Path                                         PID  Runtime      # DAGs    # Errors  Last Runtime    Last Run
----------------------------------------------  -----  ---------  --------  ----------  --------------  -------------------
/opt/airflow/dags/01_demo_basic_dag.py            478  0.00s             1           0  0.05s           2025-11-18T04:49:55
/opt/airflow/dags/02_demo_advanced_patterns.py                           1           0  0.15s           2025-11-18T04:49:58
================================================================================
[2025-11-18T04:50:55.692+0000] {manager.py:879} INFO - 
================================================================================
DAG File Processing Stats

File Path                                         PID  Runtime      # DAGs    # Errors  Last Runtime    Last Run
----------------------------------------------  -----  ---------  --------  ----------  --------------  -------------------
/opt/airflow/dags/01_demo_basic_dag.py            481  0.00s             1           0  0.05s           2025-11-18T04:50:25
/opt/airflow/dags/02_demo_advanced_patterns.py                           1           0  0.15s           2025-11-18T04:50:28
================================================================================
[2025-11-18T04:51:21.910+0000] {manager.py:738} INFO - Searching for files in /opt/airflow/dags
[2025-11-18T04:51:21.916+0000] {manager.py:741} INFO - There are 2 files in /opt/airflow/dags
[2025-11-18T04:51:25.955+0000] {manager.py:879} INFO - 
================================================================================
DAG File Processing Stats

File Path                                         PID  Runtime      # DAGs    # Errors  Last Runtime    Last Run
----------------------------------------------  -----  ---------  --------  ----------  --------------  -------------------
/opt/airflow/dags/01_demo_basic_dag.py            484  0.00s             1           0  0.05s           2025-11-18T04:50:55
/opt/airflow/dags/02_demo_advanced_patterns.py                           1           0  0.17s           2025-11-18T04:50:58
================================================================================
[2025-11-18T04:51:56.235+0000] {manager.py:879} INFO - 
================================================================================
DAG File Processing Stats

File Path                                         PID  Runtime      # DAGs    # Errors  Last Runtime    Last Run
----------------------------------------------  -----  ---------  --------  ----------  --------------  -------------------
/opt/airflow/dags/01_demo_basic_dag.py            487  0.00s             1           0  0.05s           2025-11-18T04:51:26
/opt/airflow/dags/02_demo_advanced_patterns.py                           1           0  0.15s           2025-11-18T04:51:29
================================================================================
[2025-11-18T04:52:26.508+0000] {manager.py:879} INFO - 
================================================================================
DAG File Processing Stats

File Path                                         PID  Runtime      # DAGs    # Errors  Last Runtime    Last Run
----------------------------------------------  -----  ---------  --------  ----------  --------------  -------------------
/opt/airflow/dags/01_demo_basic_dag.py            490  0.00s             1           0  0.05s           2025-11-18T04:51:56
/opt/airflow/dags/02_demo_advanced_patterns.py                           1           0  0.15s           2025-11-18T04:51:59
================================================================================
[2025-11-18T04:52:56.771+0000] {manager.py:879} INFO - 
================================================================================
DAG File Processing Stats

File Path                                         PID  Runtime      # DAGs    # Errors  Last Runtime    Last Run
----------------------------------------------  -----  ---------  --------  ----------  --------------  -------------------
/opt/airflow/dags/01_demo_basic_dag.py            493  0.00s             1           0  0.05s           2025-11-18T04:52:26
/opt/airflow/dags/02_demo_advanced_patterns.py                           1           0  0.15s           2025-11-18T04:52:29
================================================================================
[2025-11-18T04:53:27.042+0000] {manager.py:879} INFO - 
================================================================================
DAG File Processing Stats

File Path                                         PID  Runtime      # DAGs    # Errors  Last Runtime    Last Run
----------------------------------------------  -----  ---------  --------  ----------  --------------  -------------------
/opt/airflow/dags/01_demo_basic_dag.py            496  0.00s             1           0  0.05s           2025-11-18T04:52:56
/opt/airflow/dags/02_demo_advanced_patterns.py                           1           0  0.15s           2025-11-18T04:52:59
================================================================================
[2025-11-18T04:53:57.304+0000] {manager.py:879} INFO - 
================================================================================
DAG File Processing Stats

File Path                                         PID  Runtime      # DAGs    # Errors  Last Runtime    Last Run
----------------------------------------------  -----  ---------  --------  ----------  --------------  -------------------
/opt/airflow/dags/01_demo_basic_dag.py            499  0.00s             1           0  0.05s           2025-11-18T04:53:27
/opt/airflow/dags/02_demo_advanced_patterns.py                           1           0  0.15s           2025-11-18T04:53:30
================================================================================
[2025-11-18T04:54:27.555+0000] {manager.py:879} INFO - 
================================================================================
DAG File Processing Stats

File Path                                         PID  Runtime      # DAGs    # Errors  Last Runtime    Last Run
----------------------------------------------  -----  ---------  --------  ----------  --------------  -------------------
/opt/airflow/dags/01_demo_basic_dag.py            502  0.00s             1           0  0.05s           2025-11-18T04:53:57
/opt/airflow/dags/02_demo_advanced_patterns.py                           1           0  0.15s           2025-11-18T04:54:00
================================================================================
[2025-11-18T04:54:57.812+0000] {manager.py:879} INFO - 
================================================================================
DAG File Processing Stats

File Path                                         PID  Runtime      # DAGs    # Errors  Last Runtime    Last Run
----------------------------------------------  -----  ---------  --------  ----------  --------------  -------------------
/opt/airflow/dags/01_demo_basic_dag.py            505  0.00s             1           0  0.05s           2025-11-18T04:54:27
/opt/airflow/dags/02_demo_advanced_patterns.py                           1           0  0.15s           2025-11-18T04:54:30
================================================================================
[2025-11-18T04:55:28.065+0000] {manager.py:879} INFO - 
================================================================================
DAG File Processing Stats

File Path                                         PID  Runtime      # DAGs    # Errors  Last Runtime    Last Run
----------------------------------------------  -----  ---------  --------  ----------  --------------  -------------------
/opt/airflow/dags/01_demo_basic_dag.py            508  0.00s             1           0  0.05s           2025-11-18T04:54:57
/opt/airflow/dags/02_demo_advanced_patterns.py                           1           0  0.16s           2025-11-18T04:55:00
================================================================================
[2025-11-18T04:55:58.341+0000] {manager.py:879} INFO - 
================================================================================
DAG File Processing Stats

File Path                                         PID  Runtime      # DAGs    # Errors  Last Runtime    Last Run
----------------------------------------------  -----  ---------  --------  ----------  --------------  -------------------
/opt/airflow/dags/01_demo_basic_dag.py            511  0.00s             1           0  0.05s           2025-11-18T04:55:28
/opt/airflow/dags/02_demo_advanced_patterns.py                           1           0  0.15s           2025-11-18T04:55:31
================================================================================
[2025-11-18T04:56:22.562+0000] {manager.py:738} INFO - Searching for files in /opt/airflow/dags
[2025-11-18T04:56:22.568+0000] {manager.py:741} INFO - There are 2 files in /opt/airflow/dags
[2025-11-18T04:56:28.631+0000] {manager.py:879} INFO - 
================================================================================
DAG File Processing Stats

File Path                                         PID  Runtime      # DAGs    # Errors  Last Runtime    Last Run
----------------------------------------------  -----  ---------  --------  ----------  --------------  -------------------
/opt/airflow/dags/01_demo_basic_dag.py            514  0.00s             1           0  0.05s           2025-11-18T04:55:58
/opt/airflow/dags/02_demo_advanced_patterns.py                           1           0  0.15s           2025-11-18T04:56:01
================================================================================
[2025-11-18T04:56:58.887+0000] {manager.py:879} INFO - 
================================================================================
DAG File Processing Stats

File Path                                         PID  Runtime      # DAGs    # Errors  Last Runtime    Last Run
----------------------------------------------  -----  ---------  --------  ----------  --------------  -------------------
/opt/airflow/dags/01_demo_basic_dag.py            517  0.00s             1           0  0.05s           2025-11-18T04:56:28
/opt/airflow/dags/02_demo_advanced_patterns.py                           1           0  0.16s           2025-11-18T04:56:31
================================================================================
[2025-11-18T05:28:41.043+0000] {manager.py:738} INFO - Searching for files in /opt/airflow/dags
[2025-11-18T05:28:41.046+0000] {manager.py:741} INFO - There are 2 files in /opt/airflow/dags
[2025-11-18T05:28:48.184+0000] {manager.py:879} INFO - 
================================================================================
DAG File Processing Stats

File Path                                       PID    Runtime      # DAGs    # Errors  Last Runtime    Last Run
----------------------------------------------  -----  ---------  --------  ----------  --------------  -------------------
/opt/airflow/dags/01_demo_basic_dag.py                                   1           0  0.07s           2025-11-18T05:28:41
/opt/airflow/dags/02_demo_advanced_patterns.py                           1           0  0.20s           2025-11-18T05:28:41
================================================================================
[2025-11-18T05:29:18.480+0000] {manager.py:879} INFO - 
================================================================================
DAG File Processing Stats

File Path                                       PID    Runtime      # DAGs    # Errors  Last Runtime    Last Run
----------------------------------------------  -----  ---------  --------  ----------  --------------  -------------------
/opt/airflow/dags/01_demo_basic_dag.py                                   1           0  0.06s           2025-11-18T05:29:11
/opt/airflow/dags/02_demo_advanced_patterns.py                           1           0  0.16s           2025-11-18T05:29:11
================================================================================
[2025-11-18T05:29:48.758+0000] {manager.py:879} INFO - 
================================================================================
DAG File Processing Stats

File Path                                       PID    Runtime      # DAGs    # Errors  Last Runtime    Last Run
----------------------------------------------  -----  ---------  --------  ----------  --------------  -------------------
/opt/airflow/dags/01_demo_basic_dag.py                                   1           0  0.06s           2025-11-18T05:29:41
/opt/airflow/dags/02_demo_advanced_patterns.py                           1           0  0.15s           2025-11-18T05:29:41
================================================================================
[2025-11-18T05:30:19.050+0000] {manager.py:879} INFO - 
================================================================================
DAG File Processing Stats

File Path                                       PID    Runtime      # DAGs    # Errors  Last Runtime    Last Run
----------------------------------------------  -----  ---------  --------  ----------  --------------  -------------------
/opt/airflow/dags/01_demo_basic_dag.py                                   1           0  0.06s           2025-11-18T05:30:11
/opt/airflow/dags/02_demo_advanced_patterns.py                           1           0  0.15s           2025-11-18T05:30:12
================================================================================
[2025-11-18T05:30:49.327+0000] {manager.py:879} INFO - 
================================================================================
DAG File Processing Stats

File Path                                       PID    Runtime      # DAGs    # Errors  Last Runtime    Last Run
----------------------------------------------  -----  ---------  --------  ----------  --------------  -------------------
/opt/airflow/dags/01_demo_basic_dag.py                                   1           0  0.05s           2025-11-18T05:30:42
/opt/airflow/dags/02_demo_advanced_patterns.py                           1           0  0.15s           2025-11-18T05:30:42
================================================================================
[2025-11-18T05:31:19.621+0000] {manager.py:879} INFO - 
================================================================================
DAG File Processing Stats

File Path                                       PID    Runtime      # DAGs    # Errors  Last Runtime    Last Run
----------------------------------------------  -----  ---------  --------  ----------  --------------  -------------------
/opt/airflow/dags/01_demo_basic_dag.py                                   1           0  0.06s           2025-11-18T05:31:12
/opt/airflow/dags/02_demo_advanced_patterns.py                           1           0  0.15s           2025-11-18T05:31:12
================================================================================
[2025-11-18T05:31:49.885+0000] {manager.py:879} INFO - 
================================================================================
DAG File Processing Stats

File Path                                       PID    Runtime      # DAGs    # Errors  Last Runtime    Last Run
----------------------------------------------  -----  ---------  --------  ----------  --------------  -------------------
/opt/airflow/dags/01_demo_basic_dag.py                                   1           0  0.05s           2025-11-18T05:31:42
/opt/airflow/dags/02_demo_advanced_patterns.py                           1           0  0.15s           2025-11-18T05:31:42
================================================================================
[2025-11-18T05:32:20.188+0000] {manager.py:879} INFO - 
================================================================================
DAG File Processing Stats

File Path                                       PID    Runtime      # DAGs    # Errors  Last Runtime    Last Run
----------------------------------------------  -----  ---------  --------  ----------  --------------  -------------------
/opt/airflow/dags/01_demo_basic_dag.py                                   1           0  0.05s           2025-11-18T05:32:13
/opt/airflow/dags/02_demo_advanced_patterns.py                           1           0  0.15s           2025-11-18T05:32:13
================================================================================
[2025-11-18T05:32:50.489+0000] {manager.py:879} INFO - 
================================================================================
DAG File Processing Stats

File Path                                       PID    Runtime      # DAGs    # Errors  Last Runtime    Last Run
----------------------------------------------  -----  ---------  --------  ----------  --------------  -------------------
/opt/airflow/dags/01_demo_basic_dag.py                                   1           0  0.05s           2025-11-18T05:32:43
/opt/airflow/dags/02_demo_advanced_patterns.py                           1           0  0.17s           2025-11-18T05:32:43
================================================================================
[2025-11-18T05:33:20.793+0000] {manager.py:879} INFO - 
================================================================================
DAG File Processing Stats

File Path                                       PID    Runtime      # DAGs    # Errors  Last Runtime    Last Run
----------------------------------------------  -----  ---------  --------  ----------  --------------  -------------------
/opt/airflow/dags/01_demo_basic_dag.py                                   1           0  0.06s           2025-11-18T05:33:13
/opt/airflow/dags/02_demo_advanced_patterns.py                           1           0  0.15s           2025-11-18T05:33:13
================================================================================
[2025-11-18T05:33:41.969+0000] {manager.py:738} INFO - Searching for files in /opt/airflow/dags
[2025-11-18T05:33:41.974+0000] {manager.py:741} INFO - There are 2 files in /opt/airflow/dags
[2025-11-18T05:33:51.115+0000] {manager.py:879} INFO - 
================================================================================
DAG File Processing Stats

File Path                                       PID    Runtime      # DAGs    # Errors  Last Runtime    Last Run
----------------------------------------------  -----  ---------  --------  ----------  --------------  -------------------
/opt/airflow/dags/01_demo_basic_dag.py                                   1           0  0.05s           2025-11-18T05:33:44
/opt/airflow/dags/02_demo_advanced_patterns.py                           1           0  0.15s           2025-11-18T05:33:44
================================================================================
[2025-11-18T05:34:21.408+0000] {manager.py:879} INFO - 
================================================================================
DAG File Processing Stats

File Path                                       PID    Runtime      # DAGs    # Errors  Last Runtime    Last Run
----------------------------------------------  -----  ---------  --------  ----------  --------------  -------------------
/opt/airflow/dags/01_demo_basic_dag.py                                   1           0  0.05s           2025-11-18T05:34:14
/opt/airflow/dags/02_demo_advanced_patterns.py                           1           0  0.16s           2025-11-18T05:34:14
================================================================================
[2025-11-18T05:34:51.686+0000] {manager.py:879} INFO - 
================================================================================
DAG File Processing Stats

File Path                                       PID    Runtime      # DAGs    # Errors  Last Runtime    Last Run
----------------------------------------------  -----  ---------  --------  ----------  --------------  -------------------
/opt/airflow/dags/01_demo_basic_dag.py                                   1           0  0.05s           2025-11-18T05:34:44
/opt/airflow/dags/02_demo_advanced_patterns.py                           1           0  0.16s           2025-11-18T05:34:44
================================================================================
[2025-11-18T05:35:21.957+0000] {manager.py:879} INFO - 
================================================================================
DAG File Processing Stats

File Path                                       PID    Runtime      # DAGs    # Errors  Last Runtime    Last Run
----------------------------------------------  -----  ---------  --------  ----------  --------------  -------------------
/opt/airflow/dags/01_demo_basic_dag.py                                   1           0  0.06s           2025-11-18T05:35:14
/opt/airflow/dags/02_demo_advanced_patterns.py                           1           0  0.16s           2025-11-18T05:35:15
================================================================================
[2025-11-18T05:35:52.268+0000] {manager.py:879} INFO - 
================================================================================
DAG File Processing Stats

File Path                                       PID    Runtime      # DAGs    # Errors  Last Runtime    Last Run
----------------------------------------------  -----  ---------  --------  ----------  --------------  -------------------
/opt/airflow/dags/01_demo_basic_dag.py                                   1           0  0.05s           2025-11-18T05:35:45
/opt/airflow/dags/02_demo_advanced_patterns.py                           1           0  0.15s           2025-11-18T05:35:45
================================================================================
[2025-11-18T05:36:22.553+0000] {manager.py:879} INFO - 
================================================================================
DAG File Processing Stats

File Path                                       PID    Runtime      # DAGs    # Errors  Last Runtime    Last Run
----------------------------------------------  -----  ---------  --------  ----------  --------------  -------------------
/opt/airflow/dags/01_demo_basic_dag.py                                   1           0  0.05s           2025-11-18T05:36:15
/opt/airflow/dags/02_demo_advanced_patterns.py                           1           0  0.16s           2025-11-18T05:36:15
================================================================================
[2025-11-18T05:36:52.826+0000] {manager.py:879} INFO - 
================================================================================
DAG File Processing Stats

File Path                                       PID    Runtime      # DAGs    # Errors  Last Runtime    Last Run
----------------------------------------------  -----  ---------  --------  ----------  --------------  -------------------
/opt/airflow/dags/01_demo_basic_dag.py                                   1           0  0.06s           2025-11-18T05:36:45
/opt/airflow/dags/02_demo_advanced_patterns.py                           1           0  0.17s           2025-11-18T05:36:45
================================================================================
[2025-11-18T05:37:23.105+0000] {manager.py:879} INFO - 
================================================================================
DAG File Processing Stats

File Path                                       PID    Runtime      # DAGs    # Errors  Last Runtime    Last Run
----------------------------------------------  -----  ---------  --------  ----------  --------------  -------------------
/opt/airflow/dags/01_demo_basic_dag.py                                   1           0  0.06s           2025-11-18T05:37:16
/opt/airflow/dags/02_demo_advanced_patterns.py                           1           0  0.15s           2025-11-18T05:37:16
================================================================================
[2025-11-18T05:37:53.421+0000] {manager.py:879} INFO - 
================================================================================
DAG File Processing Stats

File Path                                       PID    Runtime      # DAGs    # Errors  Last Runtime    Last Run
----------------------------------------------  -----  ---------  --------  ----------  --------------  -------------------
/opt/airflow/dags/01_demo_basic_dag.py                                   1           0  0.05s           2025-11-18T05:37:46
/opt/airflow/dags/02_demo_advanced_patterns.py                           1           0  0.15s           2025-11-18T05:37:46
================================================================================
[2025-11-18T05:38:23.731+0000] {manager.py:879} INFO - 
================================================================================
DAG File Processing Stats

File Path                                       PID    Runtime      # DAGs    # Errors  Last Runtime    Last Run
----------------------------------------------  -----  ---------  --------  ----------  --------------  -------------------
/opt/airflow/dags/01_demo_basic_dag.py                                   1           0  0.05s           2025-11-18T05:38:16
/opt/airflow/dags/02_demo_advanced_patterns.py                           1           0  0.15s           2025-11-18T05:38:16
================================================================================
[2025-11-18T05:38:42.852+0000] {manager.py:738} INFO - Searching for files in /opt/airflow/dags
[2025-11-18T05:38:42.857+0000] {manager.py:741} INFO - There are 2 files in /opt/airflow/dags
[2025-11-18T05:38:54.003+0000] {manager.py:879} INFO - 
================================================================================
DAG File Processing Stats

File Path                                       PID    Runtime      # DAGs    # Errors  Last Runtime    Last Run
----------------------------------------------  -----  ---------  --------  ----------  --------------  -------------------
/opt/airflow/dags/01_demo_basic_dag.py                                   1           0  0.06s           2025-11-18T05:38:46
/opt/airflow/dags/02_demo_advanced_patterns.py                           1           0  0.16s           2025-11-18T05:38:47
================================================================================
[2025-11-18T05:39:24.293+0000] {manager.py:879} INFO - 
================================================================================
DAG File Processing Stats

File Path                                       PID    Runtime      # DAGs    # Errors  Last Runtime    Last Run
----------------------------------------------  -----  ---------  --------  ----------  --------------  -------------------
/opt/airflow/dags/01_demo_basic_dag.py                                   1           0  0.05s           2025-11-18T05:39:17
/opt/airflow/dags/02_demo_advanced_patterns.py                           1           0  0.16s           2025-11-18T05:39:17
================================================================================
[2025-11-18T05:39:54.578+0000] {manager.py:879} INFO - 
================================================================================
DAG File Processing Stats

File Path                                       PID    Runtime      # DAGs    # Errors  Last Runtime    Last Run
----------------------------------------------  -----  ---------  --------  ----------  --------------  -------------------
/opt/airflow/dags/01_demo_basic_dag.py                                   1           0  0.05s           2025-11-18T05:39:47
/opt/airflow/dags/02_demo_advanced_patterns.py                           1           0  0.15s           2025-11-18T05:39:47
================================================================================
[2025-11-18T05:40:24.862+0000] {manager.py:879} INFO - 
================================================================================
DAG File Processing Stats

File Path                                       PID    Runtime      # DAGs    # Errors  Last Runtime    Last Run
----------------------------------------------  -----  ---------  --------  ----------  --------------  -------------------
/opt/airflow/dags/01_demo_basic_dag.py                                   1           0  0.05s           2025-11-18T05:40:17
/opt/airflow/dags/02_demo_advanced_patterns.py                           1           0  0.17s           2025-11-18T05:40:17
================================================================================
[2025-11-18T05:40:55.145+0000] {manager.py:879} INFO - 
================================================================================
DAG File Processing Stats

File Path                                       PID    Runtime      # DAGs    # Errors  Last Runtime    Last Run
----------------------------------------------  -----  ---------  --------  ----------  --------------  -------------------
/opt/airflow/dags/01_demo_basic_dag.py                                   1           0  0.05s           2025-11-18T05:40:48
/opt/airflow/dags/02_demo_advanced_patterns.py                           1           0  0.16s           2025-11-18T05:40:48
================================================================================
[2025-11-18T05:41:25.393+0000] {manager.py:879} INFO - 
================================================================================
DAG File Processing Stats

File Path                                       PID    Runtime      # DAGs    # Errors  Last Runtime    Last Run
----------------------------------------------  -----  ---------  --------  ----------  --------------  -------------------
/opt/airflow/dags/01_demo_basic_dag.py                                   1           0  0.05s           2025-11-18T05:41:18
/opt/airflow/dags/02_demo_advanced_patterns.py                           1           0  0.16s           2025-11-18T05:41:18
================================================================================
[2025-11-18T05:41:55.636+0000] {manager.py:879} INFO - 
================================================================================
DAG File Processing Stats

File Path                                       PID    Runtime      # DAGs    # Errors  Last Runtime    Last Run
----------------------------------------------  -----  ---------  --------  ----------  --------------  -------------------
/opt/airflow/dags/01_demo_basic_dag.py                                   1           0  0.05s           2025-11-18T05:41:48
/opt/airflow/dags/02_demo_advanced_patterns.py                           1           0  0.15s           2025-11-18T05:41:48
================================================================================
[2025-11-18T05:42:25.922+0000] {manager.py:879} INFO - 
================================================================================
DAG File Processing Stats

File Path                                       PID    Runtime      # DAGs    # Errors  Last Runtime    Last Run
----------------------------------------------  -----  ---------  --------  ----------  --------------  -------------------
/opt/airflow/dags/01_demo_basic_dag.py                                   1           0  0.05s           2025-11-18T05:42:18
/opt/airflow/dags/02_demo_advanced_patterns.py                           1           0  0.16s           2025-11-18T05:42:18
================================================================================
[2025-11-18T05:42:56.225+0000] {manager.py:879} INFO - 
================================================================================
DAG File Processing Stats

File Path                                       PID    Runtime      # DAGs    # Errors  Last Runtime    Last Run
----------------------------------------------  -----  ---------  --------  ----------  --------------  -------------------
/opt/airflow/dags/01_demo_basic_dag.py                                   1           0  0.05s           2025-11-18T05:42:49
/opt/airflow/dags/02_demo_advanced_patterns.py                           1           0  0.16s           2025-11-18T05:42:49
================================================================================
[2025-11-18T05:43:26.525+0000] {manager.py:879} INFO - 
================================================================================
DAG File Processing Stats

File Path                                       PID    Runtime      # DAGs    # Errors  Last Runtime    Last Run
----------------------------------------------  -----  ---------  --------  ----------  --------------  -------------------
/opt/airflow/dags/01_demo_basic_dag.py                                   1           0  0.05s           2025-11-18T05:43:19
/opt/airflow/dags/02_demo_advanced_patterns.py                           1           0  0.16s           2025-11-18T05:43:19
================================================================================
[2025-11-18T05:43:43.640+0000] {manager.py:738} INFO - Searching for files in /opt/airflow/dags
[2025-11-18T05:43:43.645+0000] {manager.py:741} INFO - There are 2 files in /opt/airflow/dags
[2025-11-18T05:43:56.828+0000] {manager.py:879} INFO - 
================================================================================
DAG File Processing Stats

File Path                                       PID    Runtime      # DAGs    # Errors  Last Runtime    Last Run
----------------------------------------------  -----  ---------  --------  ----------  --------------  -------------------
/opt/airflow/dags/01_demo_basic_dag.py                                   1           0  0.06s           2025-11-18T05:43:49
/opt/airflow/dags/02_demo_advanced_patterns.py                           1           0  0.16s           2025-11-18T05:43:49
================================================================================
[2025-11-18T05:44:27.126+0000] {manager.py:879} INFO - 
================================================================================
DAG File Processing Stats

File Path                                       PID    Runtime      # DAGs    # Errors  Last Runtime    Last Run
----------------------------------------------  -----  ---------  --------  ----------  --------------  -------------------
/opt/airflow/dags/01_demo_basic_dag.py                                   1           0  0.05s           2025-11-18T05:44:20
/opt/airflow/dags/02_demo_advanced_patterns.py                           1           0  0.15s           2025-11-18T05:44:20
================================================================================
[2025-11-18T05:44:57.410+0000] {manager.py:879} INFO - 
================================================================================
DAG File Processing Stats

File Path                                       PID    Runtime      # DAGs    # Errors  Last Runtime    Last Run
----------------------------------------------  -----  ---------  --------  ----------  --------------  -------------------
/opt/airflow/dags/01_demo_basic_dag.py                                   1           0  0.05s           2025-11-18T05:44:50
/opt/airflow/dags/02_demo_advanced_patterns.py                           1           0  0.15s           2025-11-18T05:44:50
================================================================================
[2025-11-18T05:45:27.676+0000] {manager.py:879} INFO - 
================================================================================
DAG File Processing Stats

File Path                                       PID    Runtime      # DAGs    # Errors  Last Runtime    Last Run
----------------------------------------------  -----  ---------  --------  ----------  --------------  -------------------
/opt/airflow/dags/01_demo_basic_dag.py                                   1           0  0.06s           2025-11-18T05:45:20
/opt/airflow/dags/02_demo_advanced_patterns.py                           1           0  0.16s           2025-11-18T05:45:20
================================================================================
[2025-11-18T05:45:57.966+0000] {manager.py:879} INFO - 
================================================================================
DAG File Processing Stats

File Path                                       PID    Runtime      # DAGs    # Errors  Last Runtime    Last Run
----------------------------------------------  -----  ---------  --------  ----------  --------------  -------------------
/opt/airflow/dags/01_demo_basic_dag.py                                   1           0  0.06s           2025-11-18T05:45:50
/opt/airflow/dags/02_demo_advanced_patterns.py                           1           0  0.15s           2025-11-18T05:45:51
================================================================================
[2025-11-18T05:46:28.249+0000] {manager.py:879} INFO - 
================================================================================
DAG File Processing Stats

File Path                                       PID    Runtime      # DAGs    # Errors  Last Runtime    Last Run
----------------------------------------------  -----  ---------  --------  ----------  --------------  -------------------
/opt/airflow/dags/01_demo_basic_dag.py                                   1           0  0.05s           2025-11-18T05:46:21
/opt/airflow/dags/02_demo_advanced_patterns.py                           1           0  0.15s           2025-11-18T05:46:21
================================================================================
[2025-11-18T05:46:58.553+0000] {manager.py:879} INFO - 
================================================================================
DAG File Processing Stats

File Path                                       PID    Runtime      # DAGs    # Errors  Last Runtime    Last Run
----------------------------------------------  -----  ---------  --------  ----------  --------------  -------------------
/opt/airflow/dags/01_demo_basic_dag.py                                   1           0  0.05s           2025-11-18T05:46:51
/opt/airflow/dags/02_demo_advanced_patterns.py                           1           0  0.15s           2025-11-18T05:46:51
================================================================================
[2025-11-18T05:47:28.840+0000] {manager.py:879} INFO - 
================================================================================
DAG File Processing Stats

File Path                                       PID    Runtime      # DAGs    # Errors  Last Runtime    Last Run
----------------------------------------------  -----  ---------  --------  ----------  --------------  -------------------
/opt/airflow/dags/01_demo_basic_dag.py                                   1           0  0.05s           2025-11-18T05:47:21
/opt/airflow/dags/02_demo_advanced_patterns.py                           1           0  0.16s           2025-11-18T05:47:21
================================================================================
[2025-11-18T05:47:59.104+0000] {manager.py:879} INFO - 
================================================================================
DAG File Processing Stats

File Path                                       PID    Runtime      # DAGs    # Errors  Last Runtime    Last Run
----------------------------------------------  -----  ---------  --------  ----------  --------------  -------------------
/opt/airflow/dags/01_demo_basic_dag.py                                   1           0  0.05s           2025-11-18T05:47:52
/opt/airflow/dags/02_demo_advanced_patterns.py                           1           0  0.15s           2025-11-18T05:47:52
================================================================================
[2025-11-18T05:48:29.417+0000] {manager.py:879} INFO - 
================================================================================
DAG File Processing Stats

File Path                                       PID    Runtime      # DAGs    # Errors  Last Runtime    Last Run
----------------------------------------------  -----  ---------  --------  ----------  --------------  -------------------
/opt/airflow/dags/01_demo_basic_dag.py                                   1           0  0.06s           2025-11-18T05:48:22
/opt/airflow/dags/02_demo_advanced_patterns.py                           1           0  0.16s           2025-11-18T05:48:22
================================================================================
[2025-11-18T05:48:44.525+0000] {manager.py:738} INFO - Searching for files in /opt/airflow/dags
[2025-11-18T05:48:44.529+0000] {manager.py:741} INFO - There are 2 files in /opt/airflow/dags
[2025-11-18T05:48:59.722+0000] {manager.py:879} INFO - 
================================================================================
DAG File Processing Stats

File Path                                       PID    Runtime      # DAGs    # Errors  Last Runtime    Last Run
----------------------------------------------  -----  ---------  --------  ----------  --------------  -------------------
/opt/airflow/dags/01_demo_basic_dag.py                                   1           0  0.06s           2025-11-18T05:48:52
/opt/airflow/dags/02_demo_advanced_patterns.py                           1           0  0.17s           2025-11-18T05:48:52
================================================================================
[2025-11-18T05:49:30.008+0000] {manager.py:879} INFO - 
================================================================================
DAG File Processing Stats

File Path                                       PID    Runtime      # DAGs    # Errors  Last Runtime    Last Run
----------------------------------------------  -----  ---------  --------  ----------  --------------  -------------------
/opt/airflow/dags/01_demo_basic_dag.py                                   1           0  0.05s           2025-11-18T05:49:22
/opt/airflow/dags/02_demo_advanced_patterns.py                           1           0  0.15s           2025-11-18T05:49:23
================================================================================
[2025-11-18T05:50:00.294+0000] {manager.py:879} INFO - 
================================================================================
DAG File Processing Stats

File Path                                       PID    Runtime      # DAGs    # Errors  Last Runtime    Last Run
----------------------------------------------  -----  ---------  --------  ----------  --------------  -------------------
/opt/airflow/dags/01_demo_basic_dag.py                                   1           0  0.05s           2025-11-18T05:49:53
/opt/airflow/dags/02_demo_advanced_patterns.py                           1           0  0.16s           2025-11-18T05:49:53
================================================================================
[2025-11-18T05:50:30.564+0000] {manager.py:879} INFO - 
================================================================================
DAG File Processing Stats

File Path                                       PID    Runtime      # DAGs    # Errors  Last Runtime    Last Run
----------------------------------------------  -----  ---------  --------  ----------  --------------  -------------------
/opt/airflow/dags/01_demo_basic_dag.py                                   1           0  0.05s           2025-11-18T05:50:23
/opt/airflow/dags/02_demo_advanced_patterns.py                           1           0  0.16s           2025-11-18T05:50:23
================================================================================
[2025-11-18T05:51:00.856+0000] {manager.py:879} INFO - 
================================================================================
DAG File Processing Stats

File Path                                       PID    Runtime      # DAGs    # Errors  Last Runtime    Last Run
----------------------------------------------  -----  ---------  --------  ----------  --------------  -------------------
/opt/airflow/dags/01_demo_basic_dag.py                                   1           0  0.05s           2025-11-18T05:50:53
/opt/airflow/dags/02_demo_advanced_patterns.py                           1           0  0.17s           2025-11-18T05:50:53
================================================================================
[2025-11-18T05:51:31.136+0000] {manager.py:879} INFO - 
================================================================================
DAG File Processing Stats

File Path                                       PID    Runtime      # DAGs    # Errors  Last Runtime    Last Run
----------------------------------------------  -----  ---------  --------  ----------  --------------  -------------------
/opt/airflow/dags/01_demo_basic_dag.py                                   1           0  0.05s           2025-11-18T05:51:24
/opt/airflow/dags/02_demo_advanced_patterns.py                           1           0  0.16s           2025-11-18T05:51:24
================================================================================
[2025-11-18T05:52:01.441+0000] {manager.py:879} INFO - 
================================================================================
DAG File Processing Stats

File Path                                       PID    Runtime      # DAGs    # Errors  Last Runtime    Last Run
----------------------------------------------  -----  ---------  --------  ----------  --------------  -------------------
/opt/airflow/dags/01_demo_basic_dag.py                                   1           0  0.05s           2025-11-18T05:51:54
/opt/airflow/dags/02_demo_advanced_patterns.py                           1           0  0.16s           2025-11-18T05:51:54
================================================================================
[2025-11-18T05:52:31.734+0000] {manager.py:879} INFO - 
================================================================================
DAG File Processing Stats

File Path                                       PID    Runtime      # DAGs    # Errors  Last Runtime    Last Run
----------------------------------------------  -----  ---------  --------  ----------  --------------  -------------------
/opt/airflow/dags/01_demo_basic_dag.py                                   1           0  0.05s           2025-11-18T05:52:24
/opt/airflow/dags/02_demo_advanced_patterns.py                           1           0  0.15s           2025-11-18T05:52:24
================================================================================
[2025-11-18T05:53:02.044+0000] {manager.py:879} INFO - 
================================================================================
DAG File Processing Stats

File Path                                       PID    Runtime      # DAGs    # Errors  Last Runtime    Last Run
----------------------------------------------  -----  ---------  --------  ----------  --------------  -------------------
/opt/airflow/dags/01_demo_basic_dag.py                                   1           0  0.05s           2025-11-18T05:52:54
/opt/airflow/dags/02_demo_advanced_patterns.py                           1           0  0.16s           2025-11-18T05:52:55
================================================================================
[2025-11-18T05:53:32.303+0000] {manager.py:879} INFO - 
================================================================================
DAG File Processing Stats

File Path                                       PID    Runtime      # DAGs    # Errors  Last Runtime    Last Run
----------------------------------------------  -----  ---------  --------  ----------  --------------  -------------------
/opt/airflow/dags/01_demo_basic_dag.py                                   1           0  0.05s           2025-11-18T05:53:25
/opt/airflow/dags/02_demo_advanced_patterns.py                           1           0  0.16s           2025-11-18T05:53:25
================================================================================
[2025-11-18T05:53:45.408+0000] {manager.py:738} INFO - Searching for files in /opt/airflow/dags
[2025-11-18T05:53:45.413+0000] {manager.py:741} INFO - There are 2 files in /opt/airflow/dags
[2025-11-18T05:54:02.612+0000] {manager.py:879} INFO - 
================================================================================
DAG File Processing Stats

File Path                                       PID    Runtime      # DAGs    # Errors  Last Runtime    Last Run
----------------------------------------------  -----  ---------  --------  ----------  --------------  -------------------
/opt/airflow/dags/01_demo_basic_dag.py                                   1           0  0.05s           2025-11-18T05:53:55
/opt/airflow/dags/02_demo_advanced_patterns.py                           1           0  0.15s           2025-11-18T05:53:55
================================================================================
[2025-11-18T05:54:32.892+0000] {manager.py:879} INFO - 
================================================================================
DAG File Processing Stats

File Path                                       PID    Runtime      # DAGs    # Errors  Last Runtime    Last Run
----------------------------------------------  -----  ---------  --------  ----------  --------------  -------------------
/opt/airflow/dags/01_demo_basic_dag.py                                   1           0  0.05s           2025-11-18T05:54:25
/opt/airflow/dags/02_demo_advanced_patterns.py                           1           0  0.16s           2025-11-18T05:54:25
================================================================================
[2025-11-18T05:55:03.193+0000] {manager.py:879} INFO - 
================================================================================
DAG File Processing Stats

File Path                                       PID    Runtime      # DAGs    # Errors  Last Runtime    Last Run
----------------------------------------------  -----  ---------  --------  ----------  --------------  -------------------
/opt/airflow/dags/01_demo_basic_dag.py                                   1           0  0.06s           2025-11-18T05:54:56
/opt/airflow/dags/02_demo_advanced_patterns.py                           1           0  0.16s           2025-11-18T05:54:56
================================================================================
[2025-11-18T05:55:33.479+0000] {manager.py:879} INFO - 
================================================================================
DAG File Processing Stats

File Path                                       PID    Runtime      # DAGs    # Errors  Last Runtime    Last Run
----------------------------------------------  -----  ---------  --------  ----------  --------------  -------------------
/opt/airflow/dags/01_demo_basic_dag.py                                   1           0  0.05s           2025-11-18T05:55:26
/opt/airflow/dags/02_demo_advanced_patterns.py                           1           0  0.15s           2025-11-18T05:55:26
================================================================================
[2025-11-18T05:56:03.792+0000] {manager.py:879} INFO - 
================================================================================
DAG File Processing Stats

File Path                                       PID    Runtime      # DAGs    # Errors  Last Runtime    Last Run
----------------------------------------------  -----  ---------  --------  ----------  --------------  -------------------
/opt/airflow/dags/01_demo_basic_dag.py                                   1           0  0.05s           2025-11-18T05:55:56
/opt/airflow/dags/02_demo_advanced_patterns.py                           1           0  0.16s           2025-11-18T05:55:56
================================================================================
[2025-11-18T06:44:25.759+0000] {manager.py:738} INFO - Searching for files in /opt/airflow/dags
[2025-11-18T06:44:25.761+0000] {manager.py:741} INFO - There are 2 files in /opt/airflow/dags
[2025-11-18T06:44:49.147+0000] {manager.py:879} INFO - 
================================================================================
DAG File Processing Stats

File Path                                       PID    Runtime      # DAGs    # Errors  Last Runtime    Last Run
----------------------------------------------  -----  ---------  --------  ----------  --------------  -------------------
/opt/airflow/dags/01_demo_basic_dag.py                                   1           0  0.06s           2025-11-18T06:44:25
/opt/airflow/dags/02_demo_advanced_patterns.py                           1           0  0.17s           2025-11-18T06:44:25
================================================================================
[2025-11-18T07:53:41.481+0000] {manager.py:738} INFO - Searching for files in /opt/airflow/dags
[2025-11-18T07:53:41.484+0000] {manager.py:741} INFO - There are 2 files in /opt/airflow/dags
[2025-11-18T07:54:04.799+0000] {manager.py:879} INFO - 
================================================================================
DAG File Processing Stats

File Path                                       PID    Runtime      # DAGs    # Errors  Last Runtime    Last Run
----------------------------------------------  -----  ---------  --------  ----------  --------------  -------------------
/opt/airflow/dags/01_demo_basic_dag.py                                   1           0  0.07s           2025-11-18T07:53:41
/opt/airflow/dags/02_demo_advanced_patterns.py                           1           0  0.20s           2025-11-18T07:53:41
================================================================================
[2025-11-18T08:57:46.087+0000] {manager.py:738} INFO - Searching for files in /opt/airflow/dags
[2025-11-18T08:57:46.239+0000] {manager.py:741} INFO - There are 2 files in /opt/airflow/dags
[2025-11-18T08:58:10.079+0000] {manager.py:879} INFO - 
================================================================================
DAG File Processing Stats

File Path                                       PID    Runtime      # DAGs    # Errors  Last Runtime    Last Run
----------------------------------------------  -----  ---------  --------  ----------  --------------  -------------------
/opt/airflow/dags/01_demo_basic_dag.py                                   1           0  0.53s           2025-11-18T08:57:46
/opt/airflow/dags/02_demo_advanced_patterns.py                           1           0  0.99s           2025-11-18T08:57:47
================================================================================
[2025-11-18T09:24:42.754+0000] {manager.py:738} INFO - Searching for files in /opt/airflow/dags
[2025-11-18T09:24:42.759+0000] {manager.py:741} INFO - There are 2 files in /opt/airflow/dags
[2025-11-18T09:25:07.024+0000] {manager.py:879} INFO - 
================================================================================
DAG File Processing Stats

File Path                                       PID    Runtime      # DAGs    # Errors  Last Runtime    Last Run
----------------------------------------------  -----  ---------  --------  ----------  --------------  -------------------
/opt/airflow/dags/01_demo_basic_dag.py                                   1           0  0.05s           2025-11-18T09:24:42
/opt/airflow/dags/02_demo_advanced_patterns.py                           1           0  0.16s           2025-11-18T09:24:42
================================================================================
[2025-11-18T09:25:37.333+0000] {manager.py:879} INFO - 
================================================================================
DAG File Processing Stats

File Path                                       PID    Runtime      # DAGs    # Errors  Last Runtime    Last Run
----------------------------------------------  -----  ---------  --------  ----------  --------------  -------------------
/opt/airflow/dags/01_demo_basic_dag.py                                   1           0  0.06s           2025-11-18T09:25:13
/opt/airflow/dags/02_demo_advanced_patterns.py                           1           0  0.17s           2025-11-18T09:25:13
================================================================================
[2025-11-18T09:26:07.629+0000] {manager.py:879} INFO - 
================================================================================
DAG File Processing Stats

File Path                                       PID    Runtime      # DAGs    # Errors  Last Runtime    Last Run
----------------------------------------------  -----  ---------  --------  ----------  --------------  -------------------
/opt/airflow/dags/01_demo_basic_dag.py                                   1           0  0.05s           2025-11-18T09:25:43
/opt/airflow/dags/02_demo_advanced_patterns.py                           1           0  0.16s           2025-11-18T09:25:43
================================================================================
[2025-11-18T09:26:37.923+0000] {manager.py:879} INFO - 
================================================================================
DAG File Processing Stats

File Path                                       PID    Runtime      # DAGs    # Errors  Last Runtime    Last Run
----------------------------------------------  -----  ---------  --------  ----------  --------------  -------------------
/opt/airflow/dags/01_demo_basic_dag.py                                   1           0  0.05s           2025-11-18T09:26:13
/opt/airflow/dags/02_demo_advanced_patterns.py                           1           0  0.15s           2025-11-18T09:26:13
================================================================================
[2025-11-18T09:27:08.204+0000] {manager.py:879} INFO - 
================================================================================
DAG File Processing Stats

File Path                                       PID    Runtime      # DAGs    # Errors  Last Runtime    Last Run
----------------------------------------------  -----  ---------  --------  ----------  --------------  -------------------
/opt/airflow/dags/01_demo_basic_dag.py                                   1           0  0.06s           2025-11-18T09:26:44
/opt/airflow/dags/02_demo_advanced_patterns.py                           1           0  0.17s           2025-11-18T09:26:44
================================================================================
[2025-11-18T09:27:38.474+0000] {manager.py:879} INFO - 
================================================================================
DAG File Processing Stats

File Path                                       PID    Runtime      # DAGs    # Errors  Last Runtime    Last Run
----------------------------------------------  -----  ---------  --------  ----------  --------------  -------------------
/opt/airflow/dags/01_demo_basic_dag.py                                   1           0  0.05s           2025-11-18T09:27:14
/opt/airflow/dags/02_demo_advanced_patterns.py                           1           0  0.15s           2025-11-18T09:27:14
================================================================================
[2025-11-18T09:28:08.759+0000] {manager.py:879} INFO - 
================================================================================
DAG File Processing Stats

File Path                                       PID    Runtime      # DAGs    # Errors  Last Runtime    Last Run
----------------------------------------------  -----  ---------  --------  ----------  --------------  -------------------
/opt/airflow/dags/01_demo_basic_dag.py                                   1           0  0.05s           2025-11-18T09:27:44
/opt/airflow/dags/02_demo_advanced_patterns.py                           1           0  0.16s           2025-11-18T09:27:44
================================================================================
[2025-11-18T09:28:39.092+0000] {manager.py:879} INFO - 
================================================================================
DAG File Processing Stats

File Path                                       PID    Runtime      # DAGs    # Errors  Last Runtime    Last Run
----------------------------------------------  -----  ---------  --------  ----------  --------------  -------------------
/opt/airflow/dags/01_demo_basic_dag.py                                   1           0  0.06s           2025-11-18T09:28:14
/opt/airflow/dags/02_demo_advanced_patterns.py                           1           0  0.17s           2025-11-18T09:28:14
================================================================================
[2025-11-18T09:29:09.381+0000] {manager.py:879} INFO - 
================================================================================
DAG File Processing Stats

File Path                                       PID    Runtime      # DAGs    # Errors  Last Runtime    Last Run
----------------------------------------------  -----  ---------  --------  ----------  --------------  -------------------
/opt/airflow/dags/01_demo_basic_dag.py                                   1           0  0.05s           2025-11-18T09:28:45
/opt/airflow/dags/02_demo_advanced_patterns.py                           1           0  0.17s           2025-11-18T09:28:45
================================================================================
[2025-11-18T09:29:39.662+0000] {manager.py:879} INFO - 
================================================================================
DAG File Processing Stats

File Path                                       PID    Runtime      # DAGs    # Errors  Last Runtime    Last Run
----------------------------------------------  -----  ---------  --------  ----------  --------------  -------------------
/opt/airflow/dags/01_demo_basic_dag.py                                   1           0  0.06s           2025-11-18T09:29:15
/opt/airflow/dags/02_demo_advanced_patterns.py                           1           0  0.16s           2025-11-18T09:29:15
================================================================================
[2025-11-18T09:29:42.756+0000] {manager.py:738} INFO - Searching for files in /opt/airflow/dags
[2025-11-18T09:29:42.759+0000] {manager.py:741} INFO - There are 2 files in /opt/airflow/dags
[2025-11-18T09:30:09.957+0000] {manager.py:879} INFO - 
================================================================================
DAG File Processing Stats

File Path                                       PID    Runtime      # DAGs    # Errors  Last Runtime    Last Run
----------------------------------------------  -----  ---------  --------  ----------  --------------  -------------------
/opt/airflow/dags/01_demo_basic_dag.py                                   1           0  0.06s           2025-11-18T09:29:45
/opt/airflow/dags/02_demo_advanced_patterns.py                           1           0  0.24s           2025-11-18T09:29:45
================================================================================
[2025-11-18T09:30:40.269+0000] {manager.py:879} INFO - 
================================================================================
DAG File Processing Stats

File Path                                       PID    Runtime      # DAGs    # Errors  Last Runtime    Last Run
----------------------------------------------  -----  ---------  --------  ----------  --------------  -------------------
/opt/airflow/dags/01_demo_basic_dag.py                                   1           0  0.05s           2025-11-18T09:30:16
/opt/airflow/dags/02_demo_advanced_patterns.py                           1           0  0.17s           2025-11-18T09:30:16
================================================================================
[2025-11-18T09:31:10.574+0000] {manager.py:879} INFO - 
================================================================================
DAG File Processing Stats

File Path                                       PID    Runtime      # DAGs    # Errors  Last Runtime    Last Run
----------------------------------------------  -----  ---------  --------  ----------  --------------  -------------------
/opt/airflow/dags/01_demo_basic_dag.py                                   1           0  0.05s           2025-11-18T09:30:46
/opt/airflow/dags/02_demo_advanced_patterns.py                           1           0  0.15s           2025-11-18T09:30:46
================================================================================
[2025-11-18T09:31:40.905+0000] {manager.py:879} INFO - 
================================================================================
DAG File Processing Stats

File Path                                       PID    Runtime      # DAGs    # Errors  Last Runtime    Last Run
----------------------------------------------  -----  ---------  --------  ----------  --------------  -------------------
/opt/airflow/dags/01_demo_basic_dag.py                                   1           0  0.06s           2025-11-18T09:31:16
/opt/airflow/dags/02_demo_advanced_patterns.py                           1           0  0.16s           2025-11-18T09:31:16
================================================================================
[2025-11-18T09:32:11.190+0000] {manager.py:879} INFO - 
================================================================================
DAG File Processing Stats

File Path                                       PID    Runtime      # DAGs    # Errors  Last Runtime    Last Run
----------------------------------------------  -----  ---------  --------  ----------  --------------  -------------------
/opt/airflow/dags/01_demo_basic_dag.py                                   1           0  0.05s           2025-11-18T09:31:47
/opt/airflow/dags/02_demo_advanced_patterns.py                           1           0  0.16s           2025-11-18T09:31:47
================================================================================
[2025-11-18T09:32:41.490+0000] {manager.py:879} INFO - 
================================================================================
DAG File Processing Stats

File Path                                       PID    Runtime      # DAGs    # Errors  Last Runtime    Last Run
----------------------------------------------  -----  ---------  --------  ----------  --------------  -------------------
/opt/airflow/dags/01_demo_basic_dag.py                                   1           0  0.05s           2025-11-18T09:32:17
/opt/airflow/dags/02_demo_advanced_patterns.py                           1           0  0.21s           2025-11-18T09:32:17
================================================================================
[2025-11-18T09:33:11.809+0000] {manager.py:879} INFO - 
================================================================================
DAG File Processing Stats

File Path                                       PID    Runtime      # DAGs    # Errors  Last Runtime    Last Run
----------------------------------------------  -----  ---------  --------  ----------  --------------  -------------------
/opt/airflow/dags/01_demo_basic_dag.py                                   1           0  0.06s           2025-11-18T09:32:47
/opt/airflow/dags/02_demo_advanced_patterns.py                           1           0  0.17s           2025-11-18T09:32:47
================================================================================
[2025-11-18T09:33:42.125+0000] {manager.py:879} INFO - 
================================================================================
DAG File Processing Stats

File Path                                       PID    Runtime      # DAGs    # Errors  Last Runtime    Last Run
----------------------------------------------  -----  ---------  --------  ----------  --------------  -------------------
/opt/airflow/dags/01_demo_basic_dag.py                                   1           0  0.05s           2025-11-18T09:33:17
/opt/airflow/dags/02_demo_advanced_patterns.py                           1           0  0.15s           2025-11-18T09:33:18
================================================================================
[2025-11-18T09:34:12.441+0000] {manager.py:879} INFO - 
================================================================================
DAG File Processing Stats

File Path                                       PID    Runtime      # DAGs    # Errors  Last Runtime    Last Run
----------------------------------------------  -----  ---------  --------  ----------  --------------  -------------------
/opt/airflow/dags/01_demo_basic_dag.py                                   1           0  0.05s           2025-11-18T09:33:48
/opt/airflow/dags/02_demo_advanced_patterns.py                           1           0  0.15s           2025-11-18T09:33:48
================================================================================
[2025-11-18T09:34:42.743+0000] {manager.py:879} INFO - 
================================================================================
DAG File Processing Stats

File Path                                       PID    Runtime      # DAGs    # Errors  Last Runtime    Last Run
----------------------------------------------  -----  ---------  --------  ----------  --------------  -------------------
/opt/airflow/dags/01_demo_basic_dag.py                                   1           0  0.05s           2025-11-18T09:34:18
/opt/airflow/dags/02_demo_advanced_patterns.py                           1           0  0.15s           2025-11-18T09:34:18
================================================================================
[2025-11-18T09:34:42.809+0000] {manager.py:738} INFO - Searching for files in /opt/airflow/dags
[2025-11-18T09:34:42.815+0000] {manager.py:741} INFO - There are 2 files in /opt/airflow/dags
[2025-11-18T09:35:13.062+0000] {manager.py:879} INFO - 
================================================================================
DAG File Processing Stats

File Path                                       PID    Runtime      # DAGs    # Errors  Last Runtime    Last Run
----------------------------------------------  -----  ---------  --------  ----------  --------------  -------------------
/opt/airflow/dags/01_demo_basic_dag.py                                   1           0  0.05s           2025-11-18T09:34:48
/opt/airflow/dags/02_demo_advanced_patterns.py                           1           0  0.21s           2025-11-18T09:34:49
================================================================================
[2025-11-18T09:35:43.383+0000] {manager.py:879} INFO - 
================================================================================
DAG File Processing Stats

File Path                                       PID    Runtime      # DAGs    # Errors  Last Runtime    Last Run
----------------------------------------------  -----  ---------  --------  ----------  --------------  -------------------
/opt/airflow/dags/01_demo_basic_dag.py                                   1           0  0.05s           2025-11-18T09:35:19
/opt/airflow/dags/02_demo_advanced_patterns.py                           1           0  0.15s           2025-11-18T09:35:19
================================================================================
[2025-11-18T09:36:13.713+0000] {manager.py:879} INFO - 
================================================================================
DAG File Processing Stats

File Path                                       PID    Runtime      # DAGs    # Errors  Last Runtime    Last Run
----------------------------------------------  -----  ---------  --------  ----------  --------------  -------------------
/opt/airflow/dags/01_demo_basic_dag.py                                   1           0  0.06s           2025-11-18T09:35:49
/opt/airflow/dags/02_demo_advanced_patterns.py                           1           0  0.22s           2025-11-18T09:35:49
================================================================================
[2025-11-18T09:36:44.047+0000] {manager.py:879} INFO - 
================================================================================
DAG File Processing Stats

File Path                                       PID    Runtime      # DAGs    # Errors  Last Runtime    Last Run
----------------------------------------------  -----  ---------  --------  ----------  --------------  -------------------
/opt/airflow/dags/01_demo_basic_dag.py                                   1           0  0.05s           2025-11-18T09:36:19
/opt/airflow/dags/02_demo_advanced_patterns.py                           1           0  0.22s           2025-11-18T09:36:19
================================================================================
[2025-11-18T09:37:14.390+0000] {manager.py:879} INFO - 
================================================================================
DAG File Processing Stats

File Path                                       PID    Runtime      # DAGs    # Errors  Last Runtime    Last Run
----------------------------------------------  -----  ---------  --------  ----------  --------------  -------------------
/opt/airflow/dags/01_demo_basic_dag.py                                   1           0  0.05s           2025-11-18T09:36:50
/opt/airflow/dags/02_demo_advanced_patterns.py                           1           0  0.15s           2025-11-18T09:36:50
================================================================================
[2025-11-18T09:37:44.661+0000] {manager.py:879} INFO - 
================================================================================
DAG File Processing Stats

File Path                                       PID    Runtime      # DAGs    # Errors  Last Runtime    Last Run
----------------------------------------------  -----  ---------  --------  ----------  --------------  -------------------
/opt/airflow/dags/01_demo_basic_dag.py                                   1           0  0.05s           2025-11-18T09:37:20
/opt/airflow/dags/02_demo_advanced_patterns.py                           1           0  0.22s           2025-11-18T09:37:20
================================================================================
[2025-11-18T09:45:02.148+0000] {manager.py:738} INFO - Searching for files in /opt/airflow/dags
[2025-11-18T09:45:02.154+0000] {manager.py:741} INFO - There are 2 files in /opt/airflow/dags
[2025-11-18T09:45:04.238+0000] {manager.py:879} INFO - 
================================================================================
DAG File Processing Stats

File Path                                       PID    Runtime      # DAGs    # Errors  Last Runtime    Last Run
----------------------------------------------  -----  ---------  --------  ----------  --------------  -------------------
/opt/airflow/dags/01_demo_basic_dag.py                                   1           0  0.05s           2025-11-18T09:45:02
/opt/airflow/dags/02_demo_advanced_patterns.py                           1           0  0.27s           2025-11-18T09:45:02
================================================================================
[2025-11-18T10:50:30.278+0000] {manager.py:738} INFO - Searching for files in /opt/airflow/dags
[2025-11-18T10:50:30.280+0000] {manager.py:741} INFO - There are 2 files in /opt/airflow/dags
[2025-11-18T10:50:32.380+0000] {manager.py:879} INFO - 
================================================================================
DAG File Processing Stats

File Path                                       PID    Runtime      # DAGs    # Errors  Last Runtime    Last Run
----------------------------------------------  -----  ---------  --------  ----------  --------------  -------------------
/opt/airflow/dags/01_demo_basic_dag.py                                   1           0  0.06s           2025-11-18T10:50:30
/opt/airflow/dags/02_demo_advanced_patterns.py                           1           0  0.25s           2025-11-18T10:50:30
================================================================================
[2025-11-18T10:51:02.629+0000] {manager.py:879} INFO - 
================================================================================
DAG File Processing Stats

File Path                                       PID    Runtime      # DAGs    # Errors  Last Runtime    Last Run
----------------------------------------------  -----  ---------  --------  ----------  --------------  -------------------
/opt/airflow/dags/01_demo_basic_dag.py                                   1           0  0.05s           2025-11-18T10:51:00
/opt/airflow/dags/02_demo_advanced_patterns.py                           1           0  0.14s           2025-11-18T10:51:00
================================================================================
[2025-11-18T10:51:32.923+0000] {manager.py:879} INFO - 
================================================================================
DAG File Processing Stats

File Path                                       PID    Runtime      # DAGs    # Errors  Last Runtime    Last Run
----------------------------------------------  -----  ---------  --------  ----------  --------------  -------------------
/opt/airflow/dags/01_demo_basic_dag.py                                   1           0  0.05s           2025-11-18T10:51:30
/opt/airflow/dags/02_demo_advanced_patterns.py                           1           0  0.21s           2025-11-18T10:51:31
================================================================================
[2025-11-18T10:52:03.224+0000] {manager.py:879} INFO - 
================================================================================
DAG File Processing Stats

File Path                                       PID    Runtime      # DAGs    # Errors  Last Runtime    Last Run
----------------------------------------------  -----  ---------  --------  ----------  --------------  -------------------
/opt/airflow/dags/01_demo_basic_dag.py                                   1           0  0.05s           2025-11-18T10:52:01
/opt/airflow/dags/02_demo_advanced_patterns.py                           1           0  0.21s           2025-11-18T10:52:01
================================================================================
[2025-11-18T10:52:33.524+0000] {manager.py:879} INFO - 
================================================================================
DAG File Processing Stats

File Path                                       PID    Runtime      # DAGs    # Errors  Last Runtime    Last Run
----------------------------------------------  -----  ---------  --------  ----------  --------------  -------------------
/opt/airflow/dags/01_demo_basic_dag.py                                   1           0  0.06s           2025-11-18T10:52:31
/opt/airflow/dags/02_demo_advanced_patterns.py                           1           0  0.21s           2025-11-18T10:52:31
================================================================================
[2025-11-18T10:53:03.798+0000] {manager.py:879} INFO - 
================================================================================
DAG File Processing Stats

File Path                                       PID    Runtime      # DAGs    # Errors  Last Runtime    Last Run
----------------------------------------------  -----  ---------  --------  ----------  --------------  -------------------
/opt/airflow/dags/01_demo_basic_dag.py                                   1           0  0.05s           2025-11-18T10:53:01
/opt/airflow/dags/02_demo_advanced_patterns.py                           1           0  0.23s           2025-11-18T10:53:01
================================================================================
[2025-11-18T10:53:34.091+0000] {manager.py:879} INFO - 
================================================================================
DAG File Processing Stats

File Path                                       PID    Runtime      # DAGs    # Errors  Last Runtime    Last Run
----------------------------------------------  -----  ---------  --------  ----------  --------------  -------------------
/opt/airflow/dags/01_demo_basic_dag.py                                   1           0  0.05s           2025-11-18T10:53:32
/opt/airflow/dags/02_demo_advanced_patterns.py                           1           0  0.21s           2025-11-18T10:53:32
================================================================================
[2025-11-18T10:54:04.366+0000] {manager.py:879} INFO - 
================================================================================
DAG File Processing Stats

File Path                                       PID    Runtime      # DAGs    # Errors  Last Runtime    Last Run
----------------------------------------------  -----  ---------  --------  ----------  --------------  -------------------
/opt/airflow/dags/01_demo_basic_dag.py                                   1           0  0.05s           2025-11-18T10:54:02
/opt/airflow/dags/02_demo_advanced_patterns.py                           1           0  0.21s           2025-11-18T10:54:02
================================================================================
[2025-11-18T10:54:34.668+0000] {manager.py:879} INFO - 
================================================================================
DAG File Processing Stats

File Path                                       PID    Runtime      # DAGs    # Errors  Last Runtime    Last Run
----------------------------------------------  -----  ---------  --------  ----------  --------------  -------------------
/opt/airflow/dags/01_demo_basic_dag.py                                   1           0  0.05s           2025-11-18T10:54:32
/opt/airflow/dags/02_demo_advanced_patterns.py                           1           0  0.21s           2025-11-18T10:54:32
================================================================================
[2025-11-18T10:55:04.982+0000] {manager.py:879} INFO - 
================================================================================
DAG File Processing Stats

File Path                                       PID    Runtime      # DAGs    # Errors  Last Runtime    Last Run
----------------------------------------------  -----  ---------  --------  ----------  --------------  -------------------
/opt/airflow/dags/01_demo_basic_dag.py                                   1           0  0.06s           2025-11-18T10:55:02
/opt/airflow/dags/02_demo_advanced_patterns.py                           1           0  0.23s           2025-11-18T10:55:03
================================================================================
[2025-11-18T10:55:30.301+0000] {manager.py:738} INFO - Searching for files in /opt/airflow/dags
[2025-11-18T10:55:30.307+0000] {manager.py:741} INFO - There are 2 files in /opt/airflow/dags
[2025-11-18T10:55:35.272+0000] {manager.py:879} INFO - 
================================================================================
DAG File Processing Stats

File Path                                       PID    Runtime      # DAGs    # Errors  Last Runtime    Last Run
----------------------------------------------  -----  ---------  --------  ----------  --------------  -------------------
/opt/airflow/dags/01_demo_basic_dag.py                                   1           0  0.06s           2025-11-18T10:55:33
/opt/airflow/dags/02_demo_advanced_patterns.py                           1           0  0.21s           2025-11-18T10:55:33
================================================================================
[2025-11-18T10:56:05.530+0000] {manager.py:879} INFO - 
================================================================================
DAG File Processing Stats

File Path                                       PID    Runtime      # DAGs    # Errors  Last Runtime    Last Run
----------------------------------------------  -----  ---------  --------  ----------  --------------  -------------------
/opt/airflow/dags/01_demo_basic_dag.py                                   1           0  0.05s           2025-11-18T10:56:03
/opt/airflow/dags/02_demo_advanced_patterns.py                           1           0  0.23s           2025-11-18T10:56:03
================================================================================
[2025-11-18T10:56:35.772+0000] {manager.py:879} INFO - 
================================================================================
DAG File Processing Stats

File Path                                       PID    Runtime      # DAGs    # Errors  Last Runtime    Last Run
----------------------------------------------  -----  ---------  --------  ----------  --------------  -------------------
/opt/airflow/dags/01_demo_basic_dag.py                                   1           0  0.05s           2025-11-18T10:56:33
/opt/airflow/dags/02_demo_advanced_patterns.py                           1           0  0.23s           2025-11-18T10:56:33
================================================================================
[2025-11-18T10:57:06.048+0000] {manager.py:879} INFO - 
================================================================================
DAG File Processing Stats

File Path                                       PID    Runtime      # DAGs    # Errors  Last Runtime    Last Run
----------------------------------------------  -----  ---------  --------  ----------  --------------  -------------------
/opt/airflow/dags/01_demo_basic_dag.py                                   1           0  0.05s           2025-11-18T10:57:04
/opt/airflow/dags/02_demo_advanced_patterns.py                           1           0  0.21s           2025-11-18T10:57:04
================================================================================
[2025-11-18T10:57:36.342+0000] {manager.py:879} INFO - 
================================================================================
DAG File Processing Stats

File Path                                       PID    Runtime      # DAGs    # Errors  Last Runtime    Last Run
----------------------------------------------  -----  ---------  --------  ----------  --------------  -------------------
/opt/airflow/dags/01_demo_basic_dag.py                                   1           0  0.05s           2025-11-18T10:57:34
/opt/airflow/dags/02_demo_advanced_patterns.py                           1           0  0.22s           2025-11-18T10:57:34
================================================================================
[2025-11-18T10:58:06.638+0000] {manager.py:879} INFO - 
================================================================================
DAG File Processing Stats

File Path                                       PID    Runtime      # DAGs    # Errors  Last Runtime    Last Run
----------------------------------------------  -----  ---------  --------  ----------  --------------  -------------------
/opt/airflow/dags/01_demo_basic_dag.py                                   1           0  0.06s           2025-11-18T10:58:04
/opt/airflow/dags/02_demo_advanced_patterns.py                           1           0  0.24s           2025-11-18T10:58:04
================================================================================
[2025-11-18T10:58:36.909+0000] {manager.py:879} INFO - 
================================================================================
DAG File Processing Stats

File Path                                       PID    Runtime      # DAGs    # Errors  Last Runtime    Last Run
----------------------------------------------  -----  ---------  --------  ----------  --------------  -------------------
/opt/airflow/dags/01_demo_basic_dag.py                                   1           0  0.06s           2025-11-18T10:58:34
/opt/airflow/dags/02_demo_advanced_patterns.py                           1           0  0.21s           2025-11-18T10:58:35
================================================================================
[2025-11-18T10:59:07.191+0000] {manager.py:879} INFO - 
================================================================================
DAG File Processing Stats

File Path                                       PID    Runtime      # DAGs    # Errors  Last Runtime    Last Run
----------------------------------------------  -----  ---------  --------  ----------  --------------  -------------------
/opt/airflow/dags/01_demo_basic_dag.py                                   1           0  0.05s           2025-11-18T10:59:05
/opt/airflow/dags/02_demo_advanced_patterns.py                           1           0  0.21s           2025-11-18T10:59:05
================================================================================
[2025-11-18T10:59:37.494+0000] {manager.py:879} INFO - 
================================================================================
DAG File Processing Stats

File Path                                       PID    Runtime      # DAGs    # Errors  Last Runtime    Last Run
----------------------------------------------  -----  ---------  --------  ----------  --------------  -------------------
/opt/airflow/dags/01_demo_basic_dag.py                                   1           0  0.05s           2025-11-18T10:59:35
/opt/airflow/dags/02_demo_advanced_patterns.py                           1           0  0.22s           2025-11-18T10:59:35
================================================================================
[2025-11-18T11:00:07.782+0000] {manager.py:879} INFO - 
================================================================================
DAG File Processing Stats

File Path                                       PID    Runtime      # DAGs    # Errors  Last Runtime    Last Run
----------------------------------------------  -----  ---------  --------  ----------  --------------  -------------------
/opt/airflow/dags/01_demo_basic_dag.py                                   1           0  0.06s           2025-11-18T11:00:05
/opt/airflow/dags/02_demo_advanced_patterns.py                           1           0  0.23s           2025-11-18T11:00:05
================================================================================
[2025-11-18T11:00:30.953+0000] {manager.py:738} INFO - Searching for files in /opt/airflow/dags
[2025-11-18T11:00:30.960+0000] {manager.py:741} INFO - There are 2 files in /opt/airflow/dags
[2025-11-18T11:00:38.099+0000] {manager.py:879} INFO - 
================================================================================
DAG File Processing Stats

File Path                                       PID    Runtime      # DAGs    # Errors  Last Runtime    Last Run
----------------------------------------------  -----  ---------  --------  ----------  --------------  -------------------
/opt/airflow/dags/01_demo_basic_dag.py                                   1           0  0.06s           2025-11-18T11:00:36
/opt/airflow/dags/02_demo_advanced_patterns.py                           1           0  0.22s           2025-11-18T11:00:36
================================================================================
[2025-11-18T11:01:08.413+0000] {manager.py:879} INFO - 
================================================================================
DAG File Processing Stats

File Path                                       PID    Runtime      # DAGs    # Errors  Last Runtime    Last Run
----------------------------------------------  -----  ---------  --------  ----------  --------------  -------------------
/opt/airflow/dags/01_demo_basic_dag.py                                   1           0  0.07s           2025-11-18T11:01:06
/opt/airflow/dags/02_demo_advanced_patterns.py                           1           0  0.25s           2025-11-18T11:01:06
================================================================================
[2025-11-18T11:01:38.693+0000] {manager.py:879} INFO - 
================================================================================
DAG File Processing Stats

File Path                                       PID    Runtime      # DAGs    # Errors  Last Runtime    Last Run
----------------------------------------------  -----  ---------  --------  ----------  --------------  -------------------
/opt/airflow/dags/01_demo_basic_dag.py                                   1           0  0.06s           2025-11-18T11:01:36
/opt/airflow/dags/02_demo_advanced_patterns.py                           1           0  0.23s           2025-11-18T11:01:36
================================================================================
[2025-11-18T11:02:08.973+0000] {manager.py:879} INFO - 
================================================================================
DAG File Processing Stats

File Path                                       PID    Runtime      # DAGs    # Errors  Last Runtime    Last Run
----------------------------------------------  -----  ---------  --------  ----------  --------------  -------------------
/opt/airflow/dags/01_demo_basic_dag.py                                   1           0  0.05s           2025-11-18T11:02:06
/opt/airflow/dags/02_demo_advanced_patterns.py                           1           0  0.21s           2025-11-18T11:02:07
================================================================================
[2025-11-18T11:02:39.244+0000] {manager.py:879} INFO - 
================================================================================
DAG File Processing Stats

File Path                                       PID    Runtime      # DAGs    # Errors  Last Runtime    Last Run
----------------------------------------------  -----  ---------  --------  ----------  --------------  -------------------
/opt/airflow/dags/01_demo_basic_dag.py                                   1           0  0.05s           2025-11-18T11:02:37
/opt/airflow/dags/02_demo_advanced_patterns.py                           1           0  0.22s           2025-11-18T11:02:37
================================================================================
[2025-11-18T11:03:09.515+0000] {manager.py:879} INFO - 
================================================================================
DAG File Processing Stats

File Path                                       PID    Runtime      # DAGs    # Errors  Last Runtime    Last Run
----------------------------------------------  -----  ---------  --------  ----------  --------------  -------------------
/opt/airflow/dags/01_demo_basic_dag.py                                   1           0  0.06s           2025-11-18T11:03:07
/opt/airflow/dags/02_demo_advanced_patterns.py                           1           0  0.22s           2025-11-18T11:03:07
================================================================================
[2025-11-18T11:03:39.786+0000] {manager.py:879} INFO - 
================================================================================
DAG File Processing Stats

File Path                                       PID    Runtime      # DAGs    # Errors  Last Runtime    Last Run
----------------------------------------------  -----  ---------  --------  ----------  --------------  -------------------
/opt/airflow/dags/01_demo_basic_dag.py                                   1           0  0.06s           2025-11-18T11:03:37
/opt/airflow/dags/02_demo_advanced_patterns.py                           1           0  0.25s           2025-11-18T11:03:37
================================================================================
[2025-11-18T11:04:10.079+0000] {manager.py:879} INFO - 
================================================================================
DAG File Processing Stats

File Path                                       PID    Runtime      # DAGs    # Errors  Last Runtime    Last Run
----------------------------------------------  -----  ---------  --------  ----------  --------------  -------------------
/opt/airflow/dags/01_demo_basic_dag.py                                   1           0  0.06s           2025-11-18T11:04:08
/opt/airflow/dags/02_demo_advanced_patterns.py                           1           0  0.22s           2025-11-18T11:04:08
================================================================================
[2025-11-18T11:04:40.353+0000] {manager.py:879} INFO - 
================================================================================
DAG File Processing Stats

File Path                                       PID    Runtime      # DAGs    # Errors  Last Runtime    Last Run
----------------------------------------------  -----  ---------  --------  ----------  --------------  -------------------
/opt/airflow/dags/01_demo_basic_dag.py                                   1           0  0.05s           2025-11-18T11:04:38
/opt/airflow/dags/02_demo_advanced_patterns.py                           1           0  0.21s           2025-11-18T11:04:38
================================================================================
[2025-11-18T11:05:10.648+0000] {manager.py:879} INFO - 
================================================================================
DAG File Processing Stats

File Path                                       PID    Runtime      # DAGs    # Errors  Last Runtime    Last Run
----------------------------------------------  -----  ---------  --------  ----------  --------------  -------------------
/opt/airflow/dags/01_demo_basic_dag.py                                   1           0  0.05s           2025-11-18T11:05:08
/opt/airflow/dags/02_demo_advanced_patterns.py                           1           0  0.22s           2025-11-18T11:05:08
================================================================================
[2025-11-18T11:05:31.801+0000] {manager.py:738} INFO - Searching for files in /opt/airflow/dags
[2025-11-18T11:05:31.810+0000] {manager.py:741} INFO - There are 2 files in /opt/airflow/dags
[2025-11-18T11:05:40.957+0000] {manager.py:879} INFO - 
================================================================================
DAG File Processing Stats

File Path                                       PID    Runtime      # DAGs    # Errors  Last Runtime    Last Run
----------------------------------------------  -----  ---------  --------  ----------  --------------  -------------------
/opt/airflow/dags/01_demo_basic_dag.py                                   1           0  0.05s           2025-11-18T11:05:38
/opt/airflow/dags/02_demo_advanced_patterns.py                           1           0  0.22s           2025-11-18T11:05:39
================================================================================
[2025-11-18T11:06:11.257+0000] {manager.py:879} INFO - 
================================================================================
DAG File Processing Stats

File Path                                       PID    Runtime      # DAGs    # Errors  Last Runtime    Last Run
----------------------------------------------  -----  ---------  --------  ----------  --------------  -------------------
/opt/airflow/dags/01_demo_basic_dag.py                                   1           0  0.06s           2025-11-18T11:06:09
/opt/airflow/dags/02_demo_advanced_patterns.py                           1           0  0.22s           2025-11-18T11:06:09
================================================================================
[2025-11-18T11:06:41.562+0000] {manager.py:879} INFO - 
================================================================================
DAG File Processing Stats

File Path                                       PID    Runtime      # DAGs    # Errors  Last Runtime    Last Run
----------------------------------------------  -----  ---------  --------  ----------  --------------  -------------------
/opt/airflow/dags/01_demo_basic_dag.py                                   1           0  0.05s           2025-11-18T11:06:39
/opt/airflow/dags/02_demo_advanced_patterns.py                           1           0  0.22s           2025-11-18T11:06:39
================================================================================
[2025-11-18T11:07:11.853+0000] {manager.py:879} INFO - 
================================================================================
DAG File Processing Stats

File Path                                       PID    Runtime      # DAGs    # Errors  Last Runtime    Last Run
----------------------------------------------  -----  ---------  --------  ----------  --------------  -------------------
/opt/airflow/dags/01_demo_basic_dag.py                                   1           0  0.05s           2025-11-18T11:07:09
/opt/airflow/dags/02_demo_advanced_patterns.py                           1           0  0.22s           2025-11-18T11:07:09
================================================================================
[2025-11-18T11:07:42.160+0000] {manager.py:879} INFO - 
================================================================================
DAG File Processing Stats

File Path                                       PID    Runtime      # DAGs    # Errors  Last Runtime    Last Run
----------------------------------------------  -----  ---------  --------  ----------  --------------  -------------------
/opt/airflow/dags/01_demo_basic_dag.py                                   1           0  0.06s           2025-11-18T11:07:40
/opt/airflow/dags/02_demo_advanced_patterns.py                           1           0  0.22s           2025-11-18T11:07:40
================================================================================
[2025-11-18T11:08:12.443+0000] {manager.py:879} INFO - 
================================================================================
DAG File Processing Stats

File Path                                       PID    Runtime      # DAGs    # Errors  Last Runtime    Last Run
----------------------------------------------  -----  ---------  --------  ----------  --------------  -------------------
/opt/airflow/dags/01_demo_basic_dag.py                                   1           0  0.06s           2025-11-18T11:08:10
/opt/airflow/dags/02_demo_advanced_patterns.py                           1           0  0.21s           2025-11-18T11:08:10
================================================================================
[2025-11-18T11:08:42.732+0000] {manager.py:879} INFO - 
================================================================================
DAG File Processing Stats

File Path                                       PID    Runtime      # DAGs    # Errors  Last Runtime    Last Run
----------------------------------------------  -----  ---------  --------  ----------  --------------  -------------------
/opt/airflow/dags/01_demo_basic_dag.py                                   1           0  0.06s           2025-11-18T11:08:40
/opt/airflow/dags/02_demo_advanced_patterns.py                           1           0  0.25s           2025-11-18T11:08:40
================================================================================
[2025-11-18T11:09:13.017+0000] {manager.py:879} INFO - 
================================================================================
DAG File Processing Stats

File Path                                       PID    Runtime      # DAGs    # Errors  Last Runtime    Last Run
----------------------------------------------  -----  ---------  --------  ----------  --------------  -------------------
/opt/airflow/dags/01_demo_basic_dag.py                                   1           0  0.06s           2025-11-18T11:09:11
/opt/airflow/dags/02_demo_advanced_patterns.py                           1           0  0.22s           2025-11-18T11:09:11
================================================================================
[2025-11-18T11:09:43.277+0000] {manager.py:879} INFO - 
================================================================================
DAG File Processing Stats

File Path                                       PID    Runtime      # DAGs    # Errors  Last Runtime    Last Run
----------------------------------------------  -----  ---------  --------  ----------  --------------  -------------------
/opt/airflow/dags/01_demo_basic_dag.py                                   1           0  0.06s           2025-11-18T11:09:41
/opt/airflow/dags/02_demo_advanced_patterns.py                           1           0  0.25s           2025-11-18T11:09:41
================================================================================
[2025-11-18T11:10:13.538+0000] {manager.py:879} INFO - 
================================================================================
DAG File Processing Stats

File Path                                       PID    Runtime      # DAGs    # Errors  Last Runtime    Last Run
----------------------------------------------  -----  ---------  --------  ----------  --------------  -------------------
/opt/airflow/dags/01_demo_basic_dag.py                                   1           0  0.05s           2025-11-18T11:10:11
/opt/airflow/dags/02_demo_advanced_patterns.py                           1           0  0.24s           2025-11-18T11:10:11
================================================================================
[2025-11-18T11:10:31.825+0000] {manager.py:738} INFO - Searching for files in /opt/airflow/dags
[2025-11-18T11:10:31.830+0000] {manager.py:741} INFO - There are 2 files in /opt/airflow/dags
[2025-11-18T11:10:43.814+0000] {manager.py:879} INFO - 
================================================================================
DAG File Processing Stats

File Path                                       PID    Runtime      # DAGs    # Errors  Last Runtime    Last Run
----------------------------------------------  -----  ---------  --------  ----------  --------------  -------------------
/opt/airflow/dags/01_demo_basic_dag.py                                   1           0  0.05s           2025-11-18T11:10:41
/opt/airflow/dags/02_demo_advanced_patterns.py                           1           0  0.23s           2025-11-18T11:10:41
================================================================================
[2025-11-18T11:11:14.095+0000] {manager.py:879} INFO - 
================================================================================
DAG File Processing Stats

File Path                                       PID    Runtime      # DAGs    # Errors  Last Runtime    Last Run
----------------------------------------------  -----  ---------  --------  ----------  --------------  -------------------
/opt/airflow/dags/01_demo_basic_dag.py                                   1           0  0.06s           2025-11-18T11:11:12
/opt/airflow/dags/02_demo_advanced_patterns.py                           1           0  0.25s           2025-11-18T11:11:12
================================================================================
[2025-11-18T11:11:44.379+0000] {manager.py:879} INFO - 
================================================================================
DAG File Processing Stats

File Path                                       PID    Runtime      # DAGs    # Errors  Last Runtime    Last Run
----------------------------------------------  -----  ---------  --------  ----------  --------------  -------------------
/opt/airflow/dags/01_demo_basic_dag.py                                   1           0  0.06s           2025-11-18T11:11:42
/opt/airflow/dags/02_demo_advanced_patterns.py                           1           0  0.23s           2025-11-18T11:11:42
================================================================================
[2025-11-18T11:12:14.687+0000] {manager.py:879} INFO - 
================================================================================
DAG File Processing Stats

File Path                                       PID    Runtime      # DAGs    # Errors  Last Runtime    Last Run
----------------------------------------------  -----  ---------  --------  ----------  --------------  -------------------
/opt/airflow/dags/01_demo_basic_dag.py                                   1           0  0.05s           2025-11-18T11:12:12
/opt/airflow/dags/02_demo_advanced_patterns.py                           1           0  0.22s           2025-11-18T11:12:12
================================================================================
[2025-11-18T11:12:44.971+0000] {manager.py:879} INFO - 
================================================================================
DAG File Processing Stats

File Path                                       PID    Runtime      # DAGs    # Errors  Last Runtime    Last Run
----------------------------------------------  -----  ---------  --------  ----------  --------------  -------------------
/opt/airflow/dags/01_demo_basic_dag.py                                   1           0  0.05s           2025-11-18T11:12:42
/opt/airflow/dags/02_demo_advanced_patterns.py                           1           0  0.24s           2025-11-18T11:12:43
================================================================================
[2025-11-18T11:13:15.245+0000] {manager.py:879} INFO - 
================================================================================
DAG File Processing Stats

File Path                                       PID    Runtime      # DAGs    # Errors  Last Runtime    Last Run
----------------------------------------------  -----  ---------  --------  ----------  --------------  -------------------
/opt/airflow/dags/01_demo_basic_dag.py                                   1           0  0.05s           2025-11-18T11:13:13
/opt/airflow/dags/02_demo_advanced_patterns.py                           1           0  0.22s           2025-11-18T11:13:13
================================================================================
[2025-11-18T11:13:45.540+0000] {manager.py:879} INFO - 
================================================================================
DAG File Processing Stats

File Path                                       PID    Runtime      # DAGs    # Errors  Last Runtime    Last Run
----------------------------------------------  -----  ---------  --------  ----------  --------------  -------------------
/opt/airflow/dags/01_demo_basic_dag.py                                   1           0  0.06s           2025-11-18T11:13:43
/opt/airflow/dags/02_demo_advanced_patterns.py                           1           0  0.21s           2025-11-18T11:13:43
================================================================================
[2025-11-18T11:14:15.812+0000] {manager.py:879} INFO - 
================================================================================
DAG File Processing Stats

File Path                                       PID    Runtime      # DAGs    # Errors  Last Runtime    Last Run
----------------------------------------------  -----  ---------  --------  ----------  --------------  -------------------
/opt/airflow/dags/01_demo_basic_dag.py                                   1           0  0.05s           2025-11-18T11:14:13
/opt/airflow/dags/02_demo_advanced_patterns.py                           1           0  0.21s           2025-11-18T11:14:13
================================================================================
[2025-11-18T11:14:46.103+0000] {manager.py:879} INFO - 
================================================================================
DAG File Processing Stats

File Path                                       PID    Runtime      # DAGs    # Errors  Last Runtime    Last Run
----------------------------------------------  -----  ---------  --------  ----------  --------------  -------------------
/opt/airflow/dags/01_demo_basic_dag.py                                   1           0  0.05s           2025-11-18T11:14:44
/opt/airflow/dags/02_demo_advanced_patterns.py                           1           0  0.21s           2025-11-18T11:14:44
================================================================================
[2025-11-18T11:15:16.390+0000] {manager.py:879} INFO - 
================================================================================
DAG File Processing Stats

File Path                                       PID    Runtime      # DAGs    # Errors  Last Runtime    Last Run
----------------------------------------------  -----  ---------  --------  ----------  --------------  -------------------
/opt/airflow/dags/01_demo_basic_dag.py                                   1           0  0.06s           2025-11-18T11:15:14
/opt/airflow/dags/02_demo_advanced_patterns.py                           1           0  0.21s           2025-11-18T11:15:14
================================================================================
[2025-11-18T11:15:32.507+0000] {manager.py:738} INFO - Searching for files in /opt/airflow/dags
[2025-11-18T11:15:32.511+0000] {manager.py:741} INFO - There are 2 files in /opt/airflow/dags
[2025-11-18T11:15:46.699+0000] {manager.py:879} INFO - 
================================================================================
DAG File Processing Stats

File Path                                       PID    Runtime      # DAGs    # Errors  Last Runtime    Last Run
----------------------------------------------  -----  ---------  --------  ----------  --------------  -------------------
/opt/airflow/dags/01_demo_basic_dag.py                                   1           0  0.05s           2025-11-18T11:15:44
/opt/airflow/dags/02_demo_advanced_patterns.py                           1           0  0.24s           2025-11-18T11:15:44
================================================================================
[2025-11-18T11:16:16.978+0000] {manager.py:879} INFO - 
================================================================================
DAG File Processing Stats

File Path                                       PID    Runtime      # DAGs    # Errors  Last Runtime    Last Run
----------------------------------------------  -----  ---------  --------  ----------  --------------  -------------------
/opt/airflow/dags/01_demo_basic_dag.py                                   1           0  0.06s           2025-11-18T11:16:14
/opt/airflow/dags/02_demo_advanced_patterns.py                           1           0  0.23s           2025-11-18T11:16:15
================================================================================
[2025-11-18T11:16:47.250+0000] {manager.py:879} INFO - 
================================================================================
DAG File Processing Stats

File Path                                       PID    Runtime      # DAGs    # Errors  Last Runtime    Last Run
----------------------------------------------  -----  ---------  --------  ----------  --------------  -------------------
/opt/airflow/dags/01_demo_basic_dag.py                                   1           0  0.05s           2025-11-18T11:16:45
/opt/airflow/dags/02_demo_advanced_patterns.py                           1           0  0.21s           2025-11-18T11:16:45
================================================================================
[2025-11-18T11:17:17.510+0000] {manager.py:879} INFO - 
================================================================================
DAG File Processing Stats

File Path                                       PID    Runtime      # DAGs    # Errors  Last Runtime    Last Run
----------------------------------------------  -----  ---------  --------  ----------  --------------  -------------------
/opt/airflow/dags/01_demo_basic_dag.py                                   1           0  0.05s           2025-11-18T11:17:15
/opt/airflow/dags/02_demo_advanced_patterns.py                           1           0  0.21s           2025-11-18T11:17:15
================================================================================
[2025-11-18T11:17:47.773+0000] {manager.py:879} INFO - 
================================================================================
DAG File Processing Stats

File Path                                       PID    Runtime      # DAGs    # Errors  Last Runtime    Last Run
----------------------------------------------  -----  ---------  --------  ----------  --------------  -------------------
/opt/airflow/dags/01_demo_basic_dag.py                                   1           0  0.05s           2025-11-18T11:17:45
/opt/airflow/dags/02_demo_advanced_patterns.py                           1           0  0.21s           2025-11-18T11:17:45
================================================================================
[2025-11-18T11:18:18.051+0000] {manager.py:879} INFO - 
================================================================================
DAG File Processing Stats

File Path                                       PID    Runtime      # DAGs    # Errors  Last Runtime    Last Run
----------------------------------------------  -----  ---------  --------  ----------  --------------  -------------------
/opt/airflow/dags/01_demo_basic_dag.py                                   1           0  0.06s           2025-11-18T11:18:16
/opt/airflow/dags/02_demo_advanced_patterns.py                           1           0  0.22s           2025-11-18T11:18:16
================================================================================
[2025-11-18T11:18:48.337+0000] {manager.py:879} INFO - 
================================================================================
DAG File Processing Stats

File Path                                       PID    Runtime      # DAGs    # Errors  Last Runtime    Last Run
----------------------------------------------  -----  ---------  --------  ----------  --------------  -------------------
/opt/airflow/dags/01_demo_basic_dag.py                                   1           0  0.05s           2025-11-18T11:18:46
/opt/airflow/dags/02_demo_advanced_patterns.py                           1           0  0.21s           2025-11-18T11:18:46
================================================================================
[2025-11-18T11:19:18.640+0000] {manager.py:879} INFO - 
================================================================================
DAG File Processing Stats

File Path                                       PID    Runtime      # DAGs    # Errors  Last Runtime    Last Run
----------------------------------------------  -----  ---------  --------  ----------  --------------  -------------------
/opt/airflow/dags/01_demo_basic_dag.py                                   1           0  0.05s           2025-11-18T11:19:16
/opt/airflow/dags/02_demo_advanced_patterns.py                           1           0  0.22s           2025-11-18T11:19:16
================================================================================
[2025-11-18T11:19:48.973+0000] {manager.py:879} INFO - 
================================================================================
DAG File Processing Stats

File Path                                       PID    Runtime      # DAGs    # Errors  Last Runtime    Last Run
----------------------------------------------  -----  ---------  --------  ----------  --------------  -------------------
/opt/airflow/dags/01_demo_basic_dag.py                                   1           0  0.06s           2025-11-18T11:19:46
/opt/airflow/dags/02_demo_advanced_patterns.py                           1           0  0.22s           2025-11-18T11:19:47
================================================================================
[2025-11-18T11:20:19.279+0000] {manager.py:879} INFO - 
================================================================================
DAG File Processing Stats

File Path                                       PID    Runtime      # DAGs    # Errors  Last Runtime    Last Run
----------------------------------------------  -----  ---------  --------  ----------  --------------  -------------------
/opt/airflow/dags/01_demo_basic_dag.py                                   1           0  0.06s           2025-11-18T11:20:17
/opt/airflow/dags/02_demo_advanced_patterns.py                           1           0  0.22s           2025-11-18T11:20:17
================================================================================
[2025-11-18T11:20:32.520+0000] {manager.py:738} INFO - Searching for files in /opt/airflow/dags
[2025-11-18T11:20:32.527+0000] {manager.py:741} INFO - There are 2 files in /opt/airflow/dags
[2025-11-18T11:20:49.565+0000] {manager.py:879} INFO - 
================================================================================
DAG File Processing Stats

File Path                                       PID    Runtime      # DAGs    # Errors  Last Runtime    Last Run
----------------------------------------------  -----  ---------  --------  ----------  --------------  -------------------
/opt/airflow/dags/01_demo_basic_dag.py                                   1           0  0.05s           2025-11-18T11:20:47
/opt/airflow/dags/02_demo_advanced_patterns.py                           1           0  0.22s           2025-11-18T11:20:47
================================================================================
[2025-11-18T11:21:19.897+0000] {manager.py:879} INFO - 
================================================================================
DAG File Processing Stats

File Path                                       PID    Runtime      # DAGs    # Errors  Last Runtime    Last Run
----------------------------------------------  -----  ---------  --------  ----------  --------------  -------------------
/opt/airflow/dags/01_demo_basic_dag.py                                   1           0  0.05s           2025-11-18T11:21:17
/opt/airflow/dags/02_demo_advanced_patterns.py                           1           0  0.23s           2025-11-18T11:21:18
================================================================================
[2025-11-18T11:21:50.289+0000] {manager.py:879} INFO - 
================================================================================
DAG File Processing Stats

File Path                                       PID    Runtime      # DAGs    # Errors  Last Runtime    Last Run
----------------------------------------------  -----  ---------  --------  ----------  --------------  -------------------
/opt/airflow/dags/01_demo_basic_dag.py                                   1           0  0.05s           2025-11-18T11:21:48
/opt/airflow/dags/02_demo_advanced_patterns.py                           1           0  0.22s           2025-11-18T11:21:48
================================================================================
[2025-11-18T11:22:20.611+0000] {manager.py:879} INFO - 
================================================================================
DAG File Processing Stats

File Path                                       PID    Runtime      # DAGs    # Errors  Last Runtime    Last Run
----------------------------------------------  -----  ---------  --------  ----------  --------------  -------------------
/opt/airflow/dags/01_demo_basic_dag.py                                   1           0  0.05s           2025-11-18T11:22:18
/opt/airflow/dags/02_demo_advanced_patterns.py                           1           0  0.22s           2025-11-18T11:22:18
================================================================================
[2025-11-18T11:22:50.924+0000] {manager.py:879} INFO - 
================================================================================
DAG File Processing Stats

File Path                                       PID    Runtime      # DAGs    # Errors  Last Runtime    Last Run
----------------------------------------------  -----  ---------  --------  ----------  --------------  -------------------
/opt/airflow/dags/01_demo_basic_dag.py                                   1           0  0.05s           2025-11-18T11:22:48
/opt/airflow/dags/02_demo_advanced_patterns.py                           1           0  0.23s           2025-11-18T11:22:49
================================================================================
[2025-11-18T11:23:21.274+0000] {manager.py:879} INFO - 
================================================================================
DAG File Processing Stats

File Path                                       PID    Runtime      # DAGs    # Errors  Last Runtime    Last Run
----------------------------------------------  -----  ---------  --------  ----------  --------------  -------------------
/opt/airflow/dags/01_demo_basic_dag.py                                   1           0  0.06s           2025-11-18T11:23:19
/opt/airflow/dags/02_demo_advanced_patterns.py                           1           0  0.22s           2025-11-18T11:23:19
================================================================================
[2025-11-18T11:23:51.597+0000] {manager.py:879} INFO - 
================================================================================
DAG File Processing Stats

File Path                                       PID    Runtime      # DAGs    # Errors  Last Runtime    Last Run
----------------------------------------------  -----  ---------  --------  ----------  --------------  -------------------
/opt/airflow/dags/01_demo_basic_dag.py                                   1           0  0.05s           2025-11-18T11:23:49
/opt/airflow/dags/02_demo_advanced_patterns.py                           1           0  0.21s           2025-11-18T11:23:49
================================================================================
[2025-11-18T11:24:21.874+0000] {manager.py:879} INFO - 
================================================================================
DAG File Processing Stats

File Path                                       PID    Runtime      # DAGs    # Errors  Last Runtime    Last Run
----------------------------------------------  -----  ---------  --------  ----------  --------------  -------------------
/opt/airflow/dags/01_demo_basic_dag.py                                   1           0  0.06s           2025-11-18T11:24:19
/opt/airflow/dags/02_demo_advanced_patterns.py                           1           0  0.24s           2025-11-18T11:24:20
================================================================================
[2025-11-18T11:24:52.165+0000] {manager.py:879} INFO - 
================================================================================
DAG File Processing Stats

File Path                                       PID    Runtime      # DAGs    # Errors  Last Runtime    Last Run
----------------------------------------------  -----  ---------  --------  ----------  --------------  -------------------
/opt/airflow/dags/01_demo_basic_dag.py                                   1           0  0.05s           2025-11-18T11:24:50
/opt/airflow/dags/02_demo_advanced_patterns.py                           1           0  0.22s           2025-11-18T11:24:50
================================================================================
[2025-11-18T11:25:22.450+0000] {manager.py:879} INFO - 
================================================================================
DAG File Processing Stats

File Path                                       PID    Runtime      # DAGs    # Errors  Last Runtime    Last Run
----------------------------------------------  -----  ---------  --------  ----------  --------------  -------------------
/opt/airflow/dags/01_demo_basic_dag.py                                   1           0  0.05s           2025-11-18T11:25:20
/opt/airflow/dags/02_demo_advanced_patterns.py                           1           0  0.23s           2025-11-18T11:25:20
================================================================================
[2025-11-18T11:25:32.683+0000] {manager.py:738} INFO - Searching for files in /opt/airflow/dags
[2025-11-18T11:25:32.687+0000] {manager.py:741} INFO - There are 2 files in /opt/airflow/dags
[2025-11-18T11:25:52.719+0000] {manager.py:879} INFO - 
================================================================================
DAG File Processing Stats

File Path                                       PID    Runtime      # DAGs    # Errors  Last Runtime    Last Run
----------------------------------------------  -----  ---------  --------  ----------  --------------  -------------------
/opt/airflow/dags/01_demo_basic_dag.py                                   1           0  0.05s           2025-11-18T11:25:50
/opt/airflow/dags/02_demo_advanced_patterns.py                           1           0  0.22s           2025-11-18T11:25:50
================================================================================
[2025-11-18T11:25:54.506+0000] {manager.py:451} INFO - Exiting gracefully upon receiving signal 15
