[2025-11-18T03:36:14.907+0000] {processor.py:161} INFO - Started process (PID=38) to work on /opt/airflow/dags/01_demo_basic_dag.py
[2025-11-18T03:36:14.908+0000] {processor.py:830} INFO - Processing file /opt/airflow/dags/01_demo_basic_dag.py for tasks to queue
[2025-11-18T03:36:14.910+0000] {logging_mixin.py:188} INFO - [2025-11-18T03:36:14.910+0000] {dagbag.py:538} INFO - Filling up the DagBag from /opt/airflow/dags/01_demo_basic_dag.py
[2025-11-18T03:36:14.935+0000] {logging_mixin.py:188} WARNING - /home/airflow/.local/lib/python3.10/site-packages/airflow/models/baseoperator.py:437 RemovedInAirflow3Warning: none_failed_or_skipped Trigger Rule is deprecated. Please use `none_failed_min_one_success`.
[2025-11-18T03:36:14.940+0000] {processor.py:840} INFO - DAG(s) '01_demo_basic_dag' retrieved from /opt/airflow/dags/01_demo_basic_dag.py
[2025-11-18T03:36:15.100+0000] {logging_mixin.py:188} INFO - [2025-11-18T03:36:15.100+0000] {override.py:1769} INFO - Created Permission View: can delete on DAG:01_demo_basic_dag
[2025-11-18T03:36:15.117+0000] {logging_mixin.py:188} INFO - [2025-11-18T03:36:15.117+0000] {override.py:1769} INFO - Created Permission View: can read on DAG:01_demo_basic_dag
[2025-11-18T03:36:15.145+0000] {logging_mixin.py:188} INFO - [2025-11-18T03:36:15.145+0000] {override.py:1769} INFO - Created Permission View: can edit on DAG:01_demo_basic_dag
[2025-11-18T03:36:15.147+0000] {logging_mixin.py:188} INFO - [2025-11-18T03:36:15.147+0000] {dag.py:3033} INFO - Sync 1 DAGs
[2025-11-18T03:36:15.156+0000] {logging_mixin.py:188} INFO - [2025-11-18T03:36:15.156+0000] {dag.py:3055} INFO - Creating ORM DAG for 01_demo_basic_dag
[2025-11-18T03:36:15.165+0000] {logging_mixin.py:188} INFO - [2025-11-18T03:36:15.165+0000] {dag.py:3820} INFO - Setting next_dagrun for 01_demo_basic_dag to 2025-11-18T00:00:00+00:00, run_after=2025-11-18T02:00:00+00:00
[2025-11-18T03:36:15.176+0000] {processor.py:183} INFO - Processing /opt/airflow/dags/01_demo_basic_dag.py took 0.271 seconds
[2025-11-18T03:36:45.354+0000] {processor.py:161} INFO - Started process (PID=40) to work on /opt/airflow/dags/01_demo_basic_dag.py
[2025-11-18T03:36:45.355+0000] {processor.py:830} INFO - Processing file /opt/airflow/dags/01_demo_basic_dag.py for tasks to queue
[2025-11-18T03:36:45.356+0000] {logging_mixin.py:188} INFO - [2025-11-18T03:36:45.356+0000] {dagbag.py:538} INFO - Filling up the DagBag from /opt/airflow/dags/01_demo_basic_dag.py
[2025-11-18T03:36:45.367+0000] {logging_mixin.py:188} WARNING - /home/airflow/.local/lib/python3.10/site-packages/airflow/models/baseoperator.py:437 RemovedInAirflow3Warning: none_failed_or_skipped Trigger Rule is deprecated. Please use `none_failed_min_one_success`.
[2025-11-18T03:36:45.369+0000] {processor.py:840} INFO - DAG(s) '01_demo_basic_dag' retrieved from /opt/airflow/dags/01_demo_basic_dag.py
[2025-11-18T03:36:45.381+0000] {logging_mixin.py:188} INFO - [2025-11-18T03:36:45.381+0000] {dag.py:3033} INFO - Sync 1 DAGs
[2025-11-18T03:36:45.392+0000] {logging_mixin.py:188} INFO - [2025-11-18T03:36:45.392+0000] {dag.py:3820} INFO - Setting next_dagrun for 01_demo_basic_dag to 2025-11-18T00:00:00+00:00, run_after=2025-11-18T02:00:00+00:00
[2025-11-18T03:36:45.400+0000] {processor.py:183} INFO - Processing /opt/airflow/dags/01_demo_basic_dag.py took 0.047 seconds
[2025-11-18T03:37:15.590+0000] {processor.py:161} INFO - Started process (PID=43) to work on /opt/airflow/dags/01_demo_basic_dag.py
[2025-11-18T03:37:15.590+0000] {processor.py:830} INFO - Processing file /opt/airflow/dags/01_demo_basic_dag.py for tasks to queue
[2025-11-18T03:37:15.591+0000] {logging_mixin.py:188} INFO - [2025-11-18T03:37:15.591+0000] {dagbag.py:538} INFO - Filling up the DagBag from /opt/airflow/dags/01_demo_basic_dag.py
[2025-11-18T03:37:15.599+0000] {logging_mixin.py:188} WARNING - /home/airflow/.local/lib/python3.10/site-packages/airflow/models/baseoperator.py:437 RemovedInAirflow3Warning: none_failed_or_skipped Trigger Rule is deprecated. Please use `none_failed_min_one_success`.
[2025-11-18T03:37:15.600+0000] {processor.py:840} INFO - DAG(s) '01_demo_basic_dag' retrieved from /opt/airflow/dags/01_demo_basic_dag.py
[2025-11-18T03:37:15.611+0000] {logging_mixin.py:188} INFO - [2025-11-18T03:37:15.611+0000] {dag.py:3033} INFO - Sync 1 DAGs
[2025-11-18T03:37:15.621+0000] {logging_mixin.py:188} INFO - [2025-11-18T03:37:15.621+0000] {dag.py:3820} INFO - Setting next_dagrun for 01_demo_basic_dag to 2025-11-18T00:00:00+00:00, run_after=2025-11-18T02:00:00+00:00
[2025-11-18T03:37:15.628+0000] {processor.py:183} INFO - Processing /opt/airflow/dags/01_demo_basic_dag.py took 0.040 seconds
[2025-11-18T03:37:45.831+0000] {processor.py:161} INFO - Started process (PID=46) to work on /opt/airflow/dags/01_demo_basic_dag.py
[2025-11-18T03:37:45.832+0000] {processor.py:830} INFO - Processing file /opt/airflow/dags/01_demo_basic_dag.py for tasks to queue
[2025-11-18T03:37:45.833+0000] {logging_mixin.py:188} INFO - [2025-11-18T03:37:45.833+0000] {dagbag.py:538} INFO - Filling up the DagBag from /opt/airflow/dags/01_demo_basic_dag.py
[2025-11-18T03:37:45.840+0000] {logging_mixin.py:188} WARNING - /home/airflow/.local/lib/python3.10/site-packages/airflow/models/baseoperator.py:437 RemovedInAirflow3Warning: none_failed_or_skipped Trigger Rule is deprecated. Please use `none_failed_min_one_success`.
[2025-11-18T03:37:45.841+0000] {processor.py:840} INFO - DAG(s) '01_demo_basic_dag' retrieved from /opt/airflow/dags/01_demo_basic_dag.py
[2025-11-18T03:37:45.852+0000] {logging_mixin.py:188} INFO - [2025-11-18T03:37:45.852+0000] {dag.py:3033} INFO - Sync 1 DAGs
[2025-11-18T03:37:45.861+0000] {logging_mixin.py:188} INFO - [2025-11-18T03:37:45.861+0000] {dag.py:3820} INFO - Setting next_dagrun for 01_demo_basic_dag to 2025-11-18T00:00:00+00:00, run_after=2025-11-18T02:00:00+00:00
[2025-11-18T03:37:45.869+0000] {processor.py:183} INFO - Processing /opt/airflow/dags/01_demo_basic_dag.py took 0.039 seconds
[2025-11-18T03:38:16.096+0000] {processor.py:161} INFO - Started process (PID=49) to work on /opt/airflow/dags/01_demo_basic_dag.py
[2025-11-18T03:38:16.096+0000] {processor.py:830} INFO - Processing file /opt/airflow/dags/01_demo_basic_dag.py for tasks to queue
[2025-11-18T03:38:16.098+0000] {logging_mixin.py:188} INFO - [2025-11-18T03:38:16.097+0000] {dagbag.py:538} INFO - Filling up the DagBag from /opt/airflow/dags/01_demo_basic_dag.py
[2025-11-18T03:38:16.106+0000] {logging_mixin.py:188} WARNING - /home/airflow/.local/lib/python3.10/site-packages/airflow/models/baseoperator.py:437 RemovedInAirflow3Warning: none_failed_or_skipped Trigger Rule is deprecated. Please use `none_failed_min_one_success`.
[2025-11-18T03:38:16.108+0000] {processor.py:840} INFO - DAG(s) '01_demo_basic_dag' retrieved from /opt/airflow/dags/01_demo_basic_dag.py
[2025-11-18T03:38:16.119+0000] {logging_mixin.py:188} INFO - [2025-11-18T03:38:16.119+0000] {dag.py:3033} INFO - Sync 1 DAGs
[2025-11-18T03:38:16.130+0000] {logging_mixin.py:188} INFO - [2025-11-18T03:38:16.130+0000] {dag.py:3820} INFO - Setting next_dagrun for 01_demo_basic_dag to 2025-11-18T00:00:00+00:00, run_after=2025-11-18T02:00:00+00:00
[2025-11-18T03:38:16.137+0000] {processor.py:183} INFO - Processing /opt/airflow/dags/01_demo_basic_dag.py took 0.043 seconds
[2025-11-18T03:38:46.356+0000] {processor.py:161} INFO - Started process (PID=52) to work on /opt/airflow/dags/01_demo_basic_dag.py
[2025-11-18T03:38:46.356+0000] {processor.py:830} INFO - Processing file /opt/airflow/dags/01_demo_basic_dag.py for tasks to queue
[2025-11-18T03:38:46.357+0000] {logging_mixin.py:188} INFO - [2025-11-18T03:38:46.357+0000] {dagbag.py:538} INFO - Filling up the DagBag from /opt/airflow/dags/01_demo_basic_dag.py
[2025-11-18T03:38:46.365+0000] {logging_mixin.py:188} WARNING - /home/airflow/.local/lib/python3.10/site-packages/airflow/models/baseoperator.py:437 RemovedInAirflow3Warning: none_failed_or_skipped Trigger Rule is deprecated. Please use `none_failed_min_one_success`.
[2025-11-18T03:38:46.367+0000] {processor.py:840} INFO - DAG(s) '01_demo_basic_dag' retrieved from /opt/airflow/dags/01_demo_basic_dag.py
[2025-11-18T03:38:46.380+0000] {logging_mixin.py:188} INFO - [2025-11-18T03:38:46.380+0000] {dag.py:3033} INFO - Sync 1 DAGs
[2025-11-18T03:38:46.392+0000] {logging_mixin.py:188} INFO - [2025-11-18T03:38:46.392+0000] {dag.py:3820} INFO - Setting next_dagrun for 01_demo_basic_dag to 2025-11-18T00:00:00+00:00, run_after=2025-11-18T02:00:00+00:00
[2025-11-18T03:38:46.402+0000] {processor.py:183} INFO - Processing /opt/airflow/dags/01_demo_basic_dag.py took 0.048 seconds
[2025-11-18T03:39:16.613+0000] {processor.py:161} INFO - Started process (PID=55) to work on /opt/airflow/dags/01_demo_basic_dag.py
[2025-11-18T03:39:16.614+0000] {processor.py:830} INFO - Processing file /opt/airflow/dags/01_demo_basic_dag.py for tasks to queue
[2025-11-18T03:39:16.615+0000] {logging_mixin.py:188} INFO - [2025-11-18T03:39:16.615+0000] {dagbag.py:538} INFO - Filling up the DagBag from /opt/airflow/dags/01_demo_basic_dag.py
[2025-11-18T03:39:16.623+0000] {logging_mixin.py:188} WARNING - /home/airflow/.local/lib/python3.10/site-packages/airflow/models/baseoperator.py:437 RemovedInAirflow3Warning: none_failed_or_skipped Trigger Rule is deprecated. Please use `none_failed_min_one_success`.
[2025-11-18T03:39:16.624+0000] {processor.py:840} INFO - DAG(s) '01_demo_basic_dag' retrieved from /opt/airflow/dags/01_demo_basic_dag.py
[2025-11-18T03:39:16.637+0000] {logging_mixin.py:188} INFO - [2025-11-18T03:39:16.637+0000] {dag.py:3033} INFO - Sync 1 DAGs
[2025-11-18T03:39:16.649+0000] {logging_mixin.py:188} INFO - [2025-11-18T03:39:16.649+0000] {dag.py:3820} INFO - Setting next_dagrun for 01_demo_basic_dag to 2025-11-18T00:00:00+00:00, run_after=2025-11-18T02:00:00+00:00
[2025-11-18T03:39:16.658+0000] {processor.py:183} INFO - Processing /opt/airflow/dags/01_demo_basic_dag.py took 0.047 seconds
[2025-11-18T03:39:46.877+0000] {processor.py:161} INFO - Started process (PID=58) to work on /opt/airflow/dags/01_demo_basic_dag.py
[2025-11-18T03:39:46.877+0000] {processor.py:830} INFO - Processing file /opt/airflow/dags/01_demo_basic_dag.py for tasks to queue
[2025-11-18T03:39:46.879+0000] {logging_mixin.py:188} INFO - [2025-11-18T03:39:46.879+0000] {dagbag.py:538} INFO - Filling up the DagBag from /opt/airflow/dags/01_demo_basic_dag.py
[2025-11-18T03:39:46.889+0000] {logging_mixin.py:188} WARNING - /home/airflow/.local/lib/python3.10/site-packages/airflow/models/baseoperator.py:437 RemovedInAirflow3Warning: none_failed_or_skipped Trigger Rule is deprecated. Please use `none_failed_min_one_success`.
[2025-11-18T03:39:46.891+0000] {processor.py:840} INFO - DAG(s) '01_demo_basic_dag' retrieved from /opt/airflow/dags/01_demo_basic_dag.py
[2025-11-18T03:39:46.903+0000] {logging_mixin.py:188} INFO - [2025-11-18T03:39:46.903+0000] {dag.py:3033} INFO - Sync 1 DAGs
[2025-11-18T03:39:46.914+0000] {logging_mixin.py:188} INFO - [2025-11-18T03:39:46.913+0000] {dag.py:3820} INFO - Setting next_dagrun for 01_demo_basic_dag to 2025-11-18T00:00:00+00:00, run_after=2025-11-18T02:00:00+00:00
[2025-11-18T03:39:46.923+0000] {processor.py:183} INFO - Processing /opt/airflow/dags/01_demo_basic_dag.py took 0.049 seconds
[2025-11-18T03:40:17.162+0000] {processor.py:161} INFO - Started process (PID=61) to work on /opt/airflow/dags/01_demo_basic_dag.py
[2025-11-18T03:40:17.163+0000] {processor.py:830} INFO - Processing file /opt/airflow/dags/01_demo_basic_dag.py for tasks to queue
[2025-11-18T03:40:17.164+0000] {logging_mixin.py:188} INFO - [2025-11-18T03:40:17.164+0000] {dagbag.py:538} INFO - Filling up the DagBag from /opt/airflow/dags/01_demo_basic_dag.py
[2025-11-18T03:40:17.173+0000] {logging_mixin.py:188} WARNING - /home/airflow/.local/lib/python3.10/site-packages/airflow/models/baseoperator.py:437 RemovedInAirflow3Warning: none_failed_or_skipped Trigger Rule is deprecated. Please use `none_failed_min_one_success`.
[2025-11-18T03:40:17.175+0000] {processor.py:840} INFO - DAG(s) '01_demo_basic_dag' retrieved from /opt/airflow/dags/01_demo_basic_dag.py
[2025-11-18T03:40:17.189+0000] {logging_mixin.py:188} INFO - [2025-11-18T03:40:17.189+0000] {dag.py:3033} INFO - Sync 1 DAGs
[2025-11-18T03:40:17.201+0000] {logging_mixin.py:188} INFO - [2025-11-18T03:40:17.201+0000] {dag.py:3820} INFO - Setting next_dagrun for 01_demo_basic_dag to 2025-11-18T00:00:00+00:00, run_after=2025-11-18T02:00:00+00:00
[2025-11-18T03:40:17.212+0000] {processor.py:183} INFO - Processing /opt/airflow/dags/01_demo_basic_dag.py took 0.051 seconds
[2025-11-18T03:40:47.427+0000] {processor.py:161} INFO - Started process (PID=64) to work on /opt/airflow/dags/01_demo_basic_dag.py
[2025-11-18T03:40:47.427+0000] {processor.py:830} INFO - Processing file /opt/airflow/dags/01_demo_basic_dag.py for tasks to queue
[2025-11-18T03:40:47.428+0000] {logging_mixin.py:188} INFO - [2025-11-18T03:40:47.428+0000] {dagbag.py:538} INFO - Filling up the DagBag from /opt/airflow/dags/01_demo_basic_dag.py
[2025-11-18T03:40:47.437+0000] {logging_mixin.py:188} WARNING - /home/airflow/.local/lib/python3.10/site-packages/airflow/models/baseoperator.py:437 RemovedInAirflow3Warning: none_failed_or_skipped Trigger Rule is deprecated. Please use `none_failed_min_one_success`.
[2025-11-18T03:40:47.438+0000] {processor.py:840} INFO - DAG(s) '01_demo_basic_dag' retrieved from /opt/airflow/dags/01_demo_basic_dag.py
[2025-11-18T03:40:47.450+0000] {logging_mixin.py:188} INFO - [2025-11-18T03:40:47.450+0000] {dag.py:3033} INFO - Sync 1 DAGs
[2025-11-18T03:40:47.460+0000] {logging_mixin.py:188} INFO - [2025-11-18T03:40:47.460+0000] {dag.py:3820} INFO - Setting next_dagrun for 01_demo_basic_dag to 2025-11-18T00:00:00+00:00, run_after=2025-11-18T02:00:00+00:00
[2025-11-18T03:40:47.469+0000] {processor.py:183} INFO - Processing /opt/airflow/dags/01_demo_basic_dag.py took 0.044 seconds
[2025-11-18T03:41:17.690+0000] {processor.py:161} INFO - Started process (PID=67) to work on /opt/airflow/dags/01_demo_basic_dag.py
[2025-11-18T03:41:17.691+0000] {processor.py:830} INFO - Processing file /opt/airflow/dags/01_demo_basic_dag.py for tasks to queue
[2025-11-18T03:41:17.692+0000] {logging_mixin.py:188} INFO - [2025-11-18T03:41:17.692+0000] {dagbag.py:538} INFO - Filling up the DagBag from /opt/airflow/dags/01_demo_basic_dag.py
[2025-11-18T03:41:17.700+0000] {logging_mixin.py:188} WARNING - /home/airflow/.local/lib/python3.10/site-packages/airflow/models/baseoperator.py:437 RemovedInAirflow3Warning: none_failed_or_skipped Trigger Rule is deprecated. Please use `none_failed_min_one_success`.
[2025-11-18T03:41:17.701+0000] {processor.py:840} INFO - DAG(s) '01_demo_basic_dag' retrieved from /opt/airflow/dags/01_demo_basic_dag.py
[2025-11-18T03:41:17.712+0000] {logging_mixin.py:188} INFO - [2025-11-18T03:41:17.712+0000] {dag.py:3033} INFO - Sync 1 DAGs
[2025-11-18T03:41:17.722+0000] {logging_mixin.py:188} INFO - [2025-11-18T03:41:17.721+0000] {dag.py:3820} INFO - Setting next_dagrun for 01_demo_basic_dag to 2025-11-18T00:00:00+00:00, run_after=2025-11-18T02:00:00+00:00
[2025-11-18T03:41:17.730+0000] {processor.py:183} INFO - Processing /opt/airflow/dags/01_demo_basic_dag.py took 0.041 seconds
[2025-11-18T03:41:47.946+0000] {processor.py:161} INFO - Started process (PID=70) to work on /opt/airflow/dags/01_demo_basic_dag.py
[2025-11-18T03:41:47.946+0000] {processor.py:830} INFO - Processing file /opt/airflow/dags/01_demo_basic_dag.py for tasks to queue
[2025-11-18T03:41:47.947+0000] {logging_mixin.py:188} INFO - [2025-11-18T03:41:47.947+0000] {dagbag.py:538} INFO - Filling up the DagBag from /opt/airflow/dags/01_demo_basic_dag.py
[2025-11-18T03:41:47.955+0000] {logging_mixin.py:188} WARNING - /home/airflow/.local/lib/python3.10/site-packages/airflow/models/baseoperator.py:437 RemovedInAirflow3Warning: none_failed_or_skipped Trigger Rule is deprecated. Please use `none_failed_min_one_success`.
[2025-11-18T03:41:47.957+0000] {processor.py:840} INFO - DAG(s) '01_demo_basic_dag' retrieved from /opt/airflow/dags/01_demo_basic_dag.py
[2025-11-18T03:41:47.968+0000] {logging_mixin.py:188} INFO - [2025-11-18T03:41:47.968+0000] {dag.py:3033} INFO - Sync 1 DAGs
[2025-11-18T03:41:47.978+0000] {logging_mixin.py:188} INFO - [2025-11-18T03:41:47.978+0000] {dag.py:3820} INFO - Setting next_dagrun for 01_demo_basic_dag to 2025-11-18T00:00:00+00:00, run_after=2025-11-18T02:00:00+00:00
[2025-11-18T03:41:47.985+0000] {processor.py:183} INFO - Processing /opt/airflow/dags/01_demo_basic_dag.py took 0.041 seconds
[2025-11-18T03:42:18.197+0000] {processor.py:161} INFO - Started process (PID=73) to work on /opt/airflow/dags/01_demo_basic_dag.py
[2025-11-18T03:42:18.197+0000] {processor.py:830} INFO - Processing file /opt/airflow/dags/01_demo_basic_dag.py for tasks to queue
[2025-11-18T03:42:18.198+0000] {logging_mixin.py:188} INFO - [2025-11-18T03:42:18.198+0000] {dagbag.py:538} INFO - Filling up the DagBag from /opt/airflow/dags/01_demo_basic_dag.py
[2025-11-18T03:42:18.206+0000] {logging_mixin.py:188} WARNING - /home/airflow/.local/lib/python3.10/site-packages/airflow/models/baseoperator.py:437 RemovedInAirflow3Warning: none_failed_or_skipped Trigger Rule is deprecated. Please use `none_failed_min_one_success`.
[2025-11-18T03:42:18.208+0000] {processor.py:840} INFO - DAG(s) '01_demo_basic_dag' retrieved from /opt/airflow/dags/01_demo_basic_dag.py
[2025-11-18T03:42:18.217+0000] {logging_mixin.py:188} INFO - [2025-11-18T03:42:18.217+0000] {dag.py:3033} INFO - Sync 1 DAGs
[2025-11-18T03:42:18.226+0000] {logging_mixin.py:188} INFO - [2025-11-18T03:42:18.226+0000] {dag.py:3820} INFO - Setting next_dagrun for 01_demo_basic_dag to 2025-11-18T00:00:00+00:00, run_after=2025-11-18T02:00:00+00:00
[2025-11-18T03:42:18.234+0000] {processor.py:183} INFO - Processing /opt/airflow/dags/01_demo_basic_dag.py took 0.039 seconds
[2025-11-18T03:42:48.450+0000] {processor.py:161} INFO - Started process (PID=76) to work on /opt/airflow/dags/01_demo_basic_dag.py
[2025-11-18T03:42:48.451+0000] {processor.py:830} INFO - Processing file /opt/airflow/dags/01_demo_basic_dag.py for tasks to queue
[2025-11-18T03:42:48.452+0000] {logging_mixin.py:188} INFO - [2025-11-18T03:42:48.452+0000] {dagbag.py:538} INFO - Filling up the DagBag from /opt/airflow/dags/01_demo_basic_dag.py
[2025-11-18T03:42:48.459+0000] {logging_mixin.py:188} WARNING - /home/airflow/.local/lib/python3.10/site-packages/airflow/models/baseoperator.py:437 RemovedInAirflow3Warning: none_failed_or_skipped Trigger Rule is deprecated. Please use `none_failed_min_one_success`.
[2025-11-18T03:42:48.460+0000] {processor.py:840} INFO - DAG(s) '01_demo_basic_dag' retrieved from /opt/airflow/dags/01_demo_basic_dag.py
[2025-11-18T03:42:48.470+0000] {logging_mixin.py:188} INFO - [2025-11-18T03:42:48.470+0000] {dag.py:3033} INFO - Sync 1 DAGs
[2025-11-18T03:42:48.480+0000] {logging_mixin.py:188} INFO - [2025-11-18T03:42:48.480+0000] {dag.py:3820} INFO - Setting next_dagrun for 01_demo_basic_dag to 2025-11-18T00:00:00+00:00, run_after=2025-11-18T02:00:00+00:00
[2025-11-18T03:42:48.487+0000] {processor.py:183} INFO - Processing /opt/airflow/dags/01_demo_basic_dag.py took 0.038 seconds
[2025-11-18T03:43:18.704+0000] {processor.py:161} INFO - Started process (PID=79) to work on /opt/airflow/dags/01_demo_basic_dag.py
[2025-11-18T03:43:18.705+0000] {processor.py:830} INFO - Processing file /opt/airflow/dags/01_demo_basic_dag.py for tasks to queue
[2025-11-18T03:43:18.706+0000] {logging_mixin.py:188} INFO - [2025-11-18T03:43:18.706+0000] {dagbag.py:538} INFO - Filling up the DagBag from /opt/airflow/dags/01_demo_basic_dag.py
[2025-11-18T03:43:18.713+0000] {logging_mixin.py:188} WARNING - /home/airflow/.local/lib/python3.10/site-packages/airflow/models/baseoperator.py:437 RemovedInAirflow3Warning: none_failed_or_skipped Trigger Rule is deprecated. Please use `none_failed_min_one_success`.
[2025-11-18T03:43:18.714+0000] {processor.py:840} INFO - DAG(s) '01_demo_basic_dag' retrieved from /opt/airflow/dags/01_demo_basic_dag.py
[2025-11-18T03:43:18.725+0000] {logging_mixin.py:188} INFO - [2025-11-18T03:43:18.725+0000] {dag.py:3033} INFO - Sync 1 DAGs
[2025-11-18T03:43:18.734+0000] {logging_mixin.py:188} INFO - [2025-11-18T03:43:18.734+0000] {dag.py:3820} INFO - Setting next_dagrun for 01_demo_basic_dag to 2025-11-18T00:00:00+00:00, run_after=2025-11-18T02:00:00+00:00
[2025-11-18T03:43:18.742+0000] {processor.py:183} INFO - Processing /opt/airflow/dags/01_demo_basic_dag.py took 0.039 seconds
[2025-11-18T03:43:48.955+0000] {processor.py:161} INFO - Started process (PID=82) to work on /opt/airflow/dags/01_demo_basic_dag.py
[2025-11-18T03:43:48.956+0000] {processor.py:830} INFO - Processing file /opt/airflow/dags/01_demo_basic_dag.py for tasks to queue
[2025-11-18T03:43:48.957+0000] {logging_mixin.py:188} INFO - [2025-11-18T03:43:48.956+0000] {dagbag.py:538} INFO - Filling up the DagBag from /opt/airflow/dags/01_demo_basic_dag.py
[2025-11-18T03:43:48.964+0000] {logging_mixin.py:188} WARNING - /home/airflow/.local/lib/python3.10/site-packages/airflow/models/baseoperator.py:437 RemovedInAirflow3Warning: none_failed_or_skipped Trigger Rule is deprecated. Please use `none_failed_min_one_success`.
[2025-11-18T03:43:48.965+0000] {processor.py:840} INFO - DAG(s) '01_demo_basic_dag' retrieved from /opt/airflow/dags/01_demo_basic_dag.py
[2025-11-18T03:43:48.975+0000] {logging_mixin.py:188} INFO - [2025-11-18T03:43:48.975+0000] {dag.py:3033} INFO - Sync 1 DAGs
[2025-11-18T03:43:48.986+0000] {logging_mixin.py:188} INFO - [2025-11-18T03:43:48.986+0000] {dag.py:3820} INFO - Setting next_dagrun for 01_demo_basic_dag to 2025-11-18T00:00:00+00:00, run_after=2025-11-18T02:00:00+00:00
[2025-11-18T03:43:48.993+0000] {processor.py:183} INFO - Processing /opt/airflow/dags/01_demo_basic_dag.py took 0.040 seconds
[2025-11-18T03:44:19.178+0000] {processor.py:161} INFO - Started process (PID=85) to work on /opt/airflow/dags/01_demo_basic_dag.py
[2025-11-18T03:44:19.178+0000] {processor.py:830} INFO - Processing file /opt/airflow/dags/01_demo_basic_dag.py for tasks to queue
[2025-11-18T03:44:19.179+0000] {logging_mixin.py:188} INFO - [2025-11-18T03:44:19.179+0000] {dagbag.py:538} INFO - Filling up the DagBag from /opt/airflow/dags/01_demo_basic_dag.py
[2025-11-18T03:44:19.187+0000] {logging_mixin.py:188} WARNING - /home/airflow/.local/lib/python3.10/site-packages/airflow/models/baseoperator.py:437 RemovedInAirflow3Warning: none_failed_or_skipped Trigger Rule is deprecated. Please use `none_failed_min_one_success`.
[2025-11-18T03:44:19.188+0000] {processor.py:840} INFO - DAG(s) '01_demo_basic_dag' retrieved from /opt/airflow/dags/01_demo_basic_dag.py
[2025-11-18T03:44:19.198+0000] {logging_mixin.py:188} INFO - [2025-11-18T03:44:19.198+0000] {dag.py:3033} INFO - Sync 1 DAGs
[2025-11-18T03:44:19.208+0000] {logging_mixin.py:188} INFO - [2025-11-18T03:44:19.208+0000] {dag.py:3820} INFO - Setting next_dagrun for 01_demo_basic_dag to 2025-11-18T00:00:00+00:00, run_after=2025-11-18T02:00:00+00:00
[2025-11-18T03:44:19.215+0000] {processor.py:183} INFO - Processing /opt/airflow/dags/01_demo_basic_dag.py took 0.038 seconds
[2025-11-18T03:44:49.412+0000] {processor.py:161} INFO - Started process (PID=88) to work on /opt/airflow/dags/01_demo_basic_dag.py
[2025-11-18T03:44:49.413+0000] {processor.py:830} INFO - Processing file /opt/airflow/dags/01_demo_basic_dag.py for tasks to queue
[2025-11-18T03:44:49.414+0000] {logging_mixin.py:188} INFO - [2025-11-18T03:44:49.414+0000] {dagbag.py:538} INFO - Filling up the DagBag from /opt/airflow/dags/01_demo_basic_dag.py
[2025-11-18T03:44:49.423+0000] {logging_mixin.py:188} WARNING - /home/airflow/.local/lib/python3.10/site-packages/airflow/models/baseoperator.py:437 RemovedInAirflow3Warning: none_failed_or_skipped Trigger Rule is deprecated. Please use `none_failed_min_one_success`.
[2025-11-18T03:44:49.425+0000] {processor.py:840} INFO - DAG(s) '01_demo_basic_dag' retrieved from /opt/airflow/dags/01_demo_basic_dag.py
[2025-11-18T03:44:49.437+0000] {logging_mixin.py:188} INFO - [2025-11-18T03:44:49.437+0000] {dag.py:3033} INFO - Sync 1 DAGs
[2025-11-18T03:44:49.447+0000] {logging_mixin.py:188} INFO - [2025-11-18T03:44:49.447+0000] {dag.py:3820} INFO - Setting next_dagrun for 01_demo_basic_dag to 2025-11-18T00:00:00+00:00, run_after=2025-11-18T02:00:00+00:00
[2025-11-18T03:44:49.454+0000] {processor.py:183} INFO - Processing /opt/airflow/dags/01_demo_basic_dag.py took 0.044 seconds
[2025-11-18T03:45:19.646+0000] {processor.py:161} INFO - Started process (PID=91) to work on /opt/airflow/dags/01_demo_basic_dag.py
[2025-11-18T03:45:19.646+0000] {processor.py:830} INFO - Processing file /opt/airflow/dags/01_demo_basic_dag.py for tasks to queue
[2025-11-18T03:45:19.648+0000] {logging_mixin.py:188} INFO - [2025-11-18T03:45:19.647+0000] {dagbag.py:538} INFO - Filling up the DagBag from /opt/airflow/dags/01_demo_basic_dag.py
[2025-11-18T03:45:19.656+0000] {logging_mixin.py:188} WARNING - /home/airflow/.local/lib/python3.10/site-packages/airflow/models/baseoperator.py:437 RemovedInAirflow3Warning: none_failed_or_skipped Trigger Rule is deprecated. Please use `none_failed_min_one_success`.
[2025-11-18T03:45:19.658+0000] {processor.py:840} INFO - DAG(s) '01_demo_basic_dag' retrieved from /opt/airflow/dags/01_demo_basic_dag.py
[2025-11-18T03:45:19.671+0000] {logging_mixin.py:188} INFO - [2025-11-18T03:45:19.671+0000] {dag.py:3033} INFO - Sync 1 DAGs
[2025-11-18T03:45:19.683+0000] {logging_mixin.py:188} INFO - [2025-11-18T03:45:19.683+0000] {dag.py:3820} INFO - Setting next_dagrun for 01_demo_basic_dag to 2025-11-18T00:00:00+00:00, run_after=2025-11-18T02:00:00+00:00
[2025-11-18T03:45:19.691+0000] {processor.py:183} INFO - Processing /opt/airflow/dags/01_demo_basic_dag.py took 0.047 seconds
[2025-11-18T03:45:49.878+0000] {processor.py:161} INFO - Started process (PID=94) to work on /opt/airflow/dags/01_demo_basic_dag.py
[2025-11-18T03:45:49.879+0000] {processor.py:830} INFO - Processing file /opt/airflow/dags/01_demo_basic_dag.py for tasks to queue
[2025-11-18T03:45:49.880+0000] {logging_mixin.py:188} INFO - [2025-11-18T03:45:49.880+0000] {dagbag.py:538} INFO - Filling up the DagBag from /opt/airflow/dags/01_demo_basic_dag.py
[2025-11-18T03:45:49.888+0000] {logging_mixin.py:188} WARNING - /home/airflow/.local/lib/python3.10/site-packages/airflow/models/baseoperator.py:437 RemovedInAirflow3Warning: none_failed_or_skipped Trigger Rule is deprecated. Please use `none_failed_min_one_success`.
[2025-11-18T03:45:49.889+0000] {processor.py:840} INFO - DAG(s) '01_demo_basic_dag' retrieved from /opt/airflow/dags/01_demo_basic_dag.py
[2025-11-18T03:45:49.901+0000] {logging_mixin.py:188} INFO - [2025-11-18T03:45:49.900+0000] {dag.py:3033} INFO - Sync 1 DAGs
[2025-11-18T03:45:49.910+0000] {logging_mixin.py:188} INFO - [2025-11-18T03:45:49.910+0000] {dag.py:3820} INFO - Setting next_dagrun for 01_demo_basic_dag to 2025-11-18T00:00:00+00:00, run_after=2025-11-18T02:00:00+00:00
[2025-11-18T03:45:49.917+0000] {processor.py:183} INFO - Processing /opt/airflow/dags/01_demo_basic_dag.py took 0.041 seconds
[2025-11-18T03:46:20.127+0000] {processor.py:161} INFO - Started process (PID=97) to work on /opt/airflow/dags/01_demo_basic_dag.py
[2025-11-18T03:46:20.128+0000] {processor.py:830} INFO - Processing file /opt/airflow/dags/01_demo_basic_dag.py for tasks to queue
[2025-11-18T03:46:20.129+0000] {logging_mixin.py:188} INFO - [2025-11-18T03:46:20.129+0000] {dagbag.py:538} INFO - Filling up the DagBag from /opt/airflow/dags/01_demo_basic_dag.py
[2025-11-18T03:46:20.137+0000] {logging_mixin.py:188} WARNING - /home/airflow/.local/lib/python3.10/site-packages/airflow/models/baseoperator.py:437 RemovedInAirflow3Warning: none_failed_or_skipped Trigger Rule is deprecated. Please use `none_failed_min_one_success`.
[2025-11-18T03:46:20.139+0000] {processor.py:840} INFO - DAG(s) '01_demo_basic_dag' retrieved from /opt/airflow/dags/01_demo_basic_dag.py
[2025-11-18T03:46:20.151+0000] {logging_mixin.py:188} INFO - [2025-11-18T03:46:20.151+0000] {dag.py:3033} INFO - Sync 1 DAGs
[2025-11-18T03:46:20.163+0000] {logging_mixin.py:188} INFO - [2025-11-18T03:46:20.163+0000] {dag.py:3820} INFO - Setting next_dagrun for 01_demo_basic_dag to 2025-11-18T00:00:00+00:00, run_after=2025-11-18T02:00:00+00:00
[2025-11-18T03:46:20.176+0000] {processor.py:183} INFO - Processing /opt/airflow/dags/01_demo_basic_dag.py took 0.050 seconds
[2025-11-18T03:46:50.353+0000] {processor.py:161} INFO - Started process (PID=100) to work on /opt/airflow/dags/01_demo_basic_dag.py
[2025-11-18T03:46:50.354+0000] {processor.py:830} INFO - Processing file /opt/airflow/dags/01_demo_basic_dag.py for tasks to queue
[2025-11-18T03:46:50.355+0000] {logging_mixin.py:188} INFO - [2025-11-18T03:46:50.355+0000] {dagbag.py:538} INFO - Filling up the DagBag from /opt/airflow/dags/01_demo_basic_dag.py
[2025-11-18T03:46:50.364+0000] {logging_mixin.py:188} WARNING - /home/airflow/.local/lib/python3.10/site-packages/airflow/models/baseoperator.py:437 RemovedInAirflow3Warning: none_failed_or_skipped Trigger Rule is deprecated. Please use `none_failed_min_one_success`.
[2025-11-18T03:46:50.366+0000] {processor.py:840} INFO - DAG(s) '01_demo_basic_dag' retrieved from /opt/airflow/dags/01_demo_basic_dag.py
[2025-11-18T03:46:50.379+0000] {logging_mixin.py:188} INFO - [2025-11-18T03:46:50.378+0000] {dag.py:3033} INFO - Sync 1 DAGs
[2025-11-18T03:46:50.391+0000] {logging_mixin.py:188} INFO - [2025-11-18T03:46:50.391+0000] {dag.py:3820} INFO - Setting next_dagrun for 01_demo_basic_dag to 2025-11-18T00:00:00+00:00, run_after=2025-11-18T02:00:00+00:00
[2025-11-18T03:46:50.402+0000] {processor.py:183} INFO - Processing /opt/airflow/dags/01_demo_basic_dag.py took 0.051 seconds
[2025-11-18T03:47:20.606+0000] {processor.py:161} INFO - Started process (PID=103) to work on /opt/airflow/dags/01_demo_basic_dag.py
[2025-11-18T03:47:20.606+0000] {processor.py:830} INFO - Processing file /opt/airflow/dags/01_demo_basic_dag.py for tasks to queue
[2025-11-18T03:47:20.607+0000] {logging_mixin.py:188} INFO - [2025-11-18T03:47:20.607+0000] {dagbag.py:538} INFO - Filling up the DagBag from /opt/airflow/dags/01_demo_basic_dag.py
[2025-11-18T03:47:20.615+0000] {logging_mixin.py:188} WARNING - /home/airflow/.local/lib/python3.10/site-packages/airflow/models/baseoperator.py:437 RemovedInAirflow3Warning: none_failed_or_skipped Trigger Rule is deprecated. Please use `none_failed_min_one_success`.
[2025-11-18T03:47:20.616+0000] {processor.py:840} INFO - DAG(s) '01_demo_basic_dag' retrieved from /opt/airflow/dags/01_demo_basic_dag.py
[2025-11-18T03:47:20.627+0000] {logging_mixin.py:188} INFO - [2025-11-18T03:47:20.627+0000] {dag.py:3033} INFO - Sync 1 DAGs
[2025-11-18T03:47:20.636+0000] {logging_mixin.py:188} INFO - [2025-11-18T03:47:20.636+0000] {dag.py:3820} INFO - Setting next_dagrun for 01_demo_basic_dag to 2025-11-18T00:00:00+00:00, run_after=2025-11-18T02:00:00+00:00
[2025-11-18T03:47:20.644+0000] {processor.py:183} INFO - Processing /opt/airflow/dags/01_demo_basic_dag.py took 0.040 seconds
[2025-11-18T03:47:50.874+0000] {processor.py:161} INFO - Started process (PID=106) to work on /opt/airflow/dags/01_demo_basic_dag.py
[2025-11-18T03:47:50.874+0000] {processor.py:830} INFO - Processing file /opt/airflow/dags/01_demo_basic_dag.py for tasks to queue
[2025-11-18T03:47:50.875+0000] {logging_mixin.py:188} INFO - [2025-11-18T03:47:50.875+0000] {dagbag.py:538} INFO - Filling up the DagBag from /opt/airflow/dags/01_demo_basic_dag.py
[2025-11-18T03:47:50.884+0000] {logging_mixin.py:188} WARNING - /home/airflow/.local/lib/python3.10/site-packages/airflow/models/baseoperator.py:437 RemovedInAirflow3Warning: none_failed_or_skipped Trigger Rule is deprecated. Please use `none_failed_min_one_success`.
[2025-11-18T03:47:50.885+0000] {processor.py:840} INFO - DAG(s) '01_demo_basic_dag' retrieved from /opt/airflow/dags/01_demo_basic_dag.py
[2025-11-18T03:47:50.897+0000] {logging_mixin.py:188} INFO - [2025-11-18T03:47:50.897+0000] {dag.py:3033} INFO - Sync 1 DAGs
[2025-11-18T03:47:50.909+0000] {logging_mixin.py:188} INFO - [2025-11-18T03:47:50.909+0000] {dag.py:3820} INFO - Setting next_dagrun for 01_demo_basic_dag to 2025-11-18T00:00:00+00:00, run_after=2025-11-18T02:00:00+00:00
[2025-11-18T03:47:50.918+0000] {processor.py:183} INFO - Processing /opt/airflow/dags/01_demo_basic_dag.py took 0.046 seconds
[2025-11-18T03:48:21.110+0000] {processor.py:161} INFO - Started process (PID=109) to work on /opt/airflow/dags/01_demo_basic_dag.py
[2025-11-18T03:48:21.110+0000] {processor.py:830} INFO - Processing file /opt/airflow/dags/01_demo_basic_dag.py for tasks to queue
[2025-11-18T03:48:21.112+0000] {logging_mixin.py:188} INFO - [2025-11-18T03:48:21.111+0000] {dagbag.py:538} INFO - Filling up the DagBag from /opt/airflow/dags/01_demo_basic_dag.py
[2025-11-18T03:48:21.119+0000] {logging_mixin.py:188} WARNING - /home/airflow/.local/lib/python3.10/site-packages/airflow/models/baseoperator.py:437 RemovedInAirflow3Warning: none_failed_or_skipped Trigger Rule is deprecated. Please use `none_failed_min_one_success`.
[2025-11-18T03:48:21.121+0000] {processor.py:840} INFO - DAG(s) '01_demo_basic_dag' retrieved from /opt/airflow/dags/01_demo_basic_dag.py
[2025-11-18T03:48:21.131+0000] {logging_mixin.py:188} INFO - [2025-11-18T03:48:21.131+0000] {dag.py:3033} INFO - Sync 1 DAGs
[2025-11-18T03:48:21.141+0000] {logging_mixin.py:188} INFO - [2025-11-18T03:48:21.141+0000] {dag.py:3820} INFO - Setting next_dagrun for 01_demo_basic_dag to 2025-11-18T00:00:00+00:00, run_after=2025-11-18T02:00:00+00:00
[2025-11-18T03:48:21.149+0000] {processor.py:183} INFO - Processing /opt/airflow/dags/01_demo_basic_dag.py took 0.040 seconds
[2025-11-18T03:48:51.384+0000] {processor.py:161} INFO - Started process (PID=112) to work on /opt/airflow/dags/01_demo_basic_dag.py
[2025-11-18T03:48:51.385+0000] {processor.py:830} INFO - Processing file /opt/airflow/dags/01_demo_basic_dag.py for tasks to queue
[2025-11-18T03:48:51.386+0000] {logging_mixin.py:188} INFO - [2025-11-18T03:48:51.386+0000] {dagbag.py:538} INFO - Filling up the DagBag from /opt/airflow/dags/01_demo_basic_dag.py
[2025-11-18T03:48:51.393+0000] {logging_mixin.py:188} WARNING - /home/airflow/.local/lib/python3.10/site-packages/airflow/models/baseoperator.py:437 RemovedInAirflow3Warning: none_failed_or_skipped Trigger Rule is deprecated. Please use `none_failed_min_one_success`.
[2025-11-18T03:48:51.395+0000] {processor.py:840} INFO - DAG(s) '01_demo_basic_dag' retrieved from /opt/airflow/dags/01_demo_basic_dag.py
[2025-11-18T03:48:51.406+0000] {logging_mixin.py:188} INFO - [2025-11-18T03:48:51.406+0000] {dag.py:3033} INFO - Sync 1 DAGs
[2025-11-18T03:48:51.417+0000] {logging_mixin.py:188} INFO - [2025-11-18T03:48:51.417+0000] {dag.py:3820} INFO - Setting next_dagrun for 01_demo_basic_dag to 2025-11-18T00:00:00+00:00, run_after=2025-11-18T02:00:00+00:00
[2025-11-18T03:48:51.426+0000] {processor.py:183} INFO - Processing /opt/airflow/dags/01_demo_basic_dag.py took 0.043 seconds
[2025-11-18T03:49:21.628+0000] {processor.py:161} INFO - Started process (PID=115) to work on /opt/airflow/dags/01_demo_basic_dag.py
[2025-11-18T03:49:21.628+0000] {processor.py:830} INFO - Processing file /opt/airflow/dags/01_demo_basic_dag.py for tasks to queue
[2025-11-18T03:49:21.629+0000] {logging_mixin.py:188} INFO - [2025-11-18T03:49:21.629+0000] {dagbag.py:538} INFO - Filling up the DagBag from /opt/airflow/dags/01_demo_basic_dag.py
[2025-11-18T03:49:21.638+0000] {logging_mixin.py:188} WARNING - /home/airflow/.local/lib/python3.10/site-packages/airflow/models/baseoperator.py:437 RemovedInAirflow3Warning: none_failed_or_skipped Trigger Rule is deprecated. Please use `none_failed_min_one_success`.
[2025-11-18T03:49:21.640+0000] {processor.py:840} INFO - DAG(s) '01_demo_basic_dag' retrieved from /opt/airflow/dags/01_demo_basic_dag.py
[2025-11-18T03:49:21.653+0000] {logging_mixin.py:188} INFO - [2025-11-18T03:49:21.653+0000] {dag.py:3033} INFO - Sync 1 DAGs
[2025-11-18T03:49:21.665+0000] {logging_mixin.py:188} INFO - [2025-11-18T03:49:21.665+0000] {dag.py:3820} INFO - Setting next_dagrun for 01_demo_basic_dag to 2025-11-18T00:00:00+00:00, run_after=2025-11-18T02:00:00+00:00
[2025-11-18T03:49:21.675+0000] {processor.py:183} INFO - Processing /opt/airflow/dags/01_demo_basic_dag.py took 0.049 seconds
[2025-11-18T03:49:51.919+0000] {processor.py:161} INFO - Started process (PID=118) to work on /opt/airflow/dags/01_demo_basic_dag.py
[2025-11-18T03:49:51.919+0000] {processor.py:830} INFO - Processing file /opt/airflow/dags/01_demo_basic_dag.py for tasks to queue
[2025-11-18T03:49:51.920+0000] {logging_mixin.py:188} INFO - [2025-11-18T03:49:51.920+0000] {dagbag.py:538} INFO - Filling up the DagBag from /opt/airflow/dags/01_demo_basic_dag.py
[2025-11-18T03:49:51.928+0000] {logging_mixin.py:188} WARNING - /home/airflow/.local/lib/python3.10/site-packages/airflow/models/baseoperator.py:437 RemovedInAirflow3Warning: none_failed_or_skipped Trigger Rule is deprecated. Please use `none_failed_min_one_success`.
[2025-11-18T03:49:51.929+0000] {processor.py:840} INFO - DAG(s) '01_demo_basic_dag' retrieved from /opt/airflow/dags/01_demo_basic_dag.py
[2025-11-18T03:49:51.939+0000] {logging_mixin.py:188} INFO - [2025-11-18T03:49:51.939+0000] {dag.py:3033} INFO - Sync 1 DAGs
[2025-11-18T03:49:51.948+0000] {logging_mixin.py:188} INFO - [2025-11-18T03:49:51.948+0000] {dag.py:3820} INFO - Setting next_dagrun for 01_demo_basic_dag to 2025-11-18T00:00:00+00:00, run_after=2025-11-18T02:00:00+00:00
[2025-11-18T03:49:51.956+0000] {processor.py:183} INFO - Processing /opt/airflow/dags/01_demo_basic_dag.py took 0.038 seconds
[2025-11-18T03:50:22.177+0000] {processor.py:161} INFO - Started process (PID=121) to work on /opt/airflow/dags/01_demo_basic_dag.py
[2025-11-18T03:50:22.178+0000] {processor.py:830} INFO - Processing file /opt/airflow/dags/01_demo_basic_dag.py for tasks to queue
[2025-11-18T03:50:22.179+0000] {logging_mixin.py:188} INFO - [2025-11-18T03:50:22.178+0000] {dagbag.py:538} INFO - Filling up the DagBag from /opt/airflow/dags/01_demo_basic_dag.py
[2025-11-18T03:50:22.185+0000] {logging_mixin.py:188} WARNING - /home/airflow/.local/lib/python3.10/site-packages/airflow/models/baseoperator.py:437 RemovedInAirflow3Warning: none_failed_or_skipped Trigger Rule is deprecated. Please use `none_failed_min_one_success`.
[2025-11-18T03:50:22.186+0000] {processor.py:840} INFO - DAG(s) '01_demo_basic_dag' retrieved from /opt/airflow/dags/01_demo_basic_dag.py
[2025-11-18T03:50:22.197+0000] {logging_mixin.py:188} INFO - [2025-11-18T03:50:22.197+0000] {dag.py:3033} INFO - Sync 1 DAGs
[2025-11-18T03:50:22.207+0000] {logging_mixin.py:188} INFO - [2025-11-18T03:50:22.207+0000] {dag.py:3820} INFO - Setting next_dagrun for 01_demo_basic_dag to 2025-11-18T00:00:00+00:00, run_after=2025-11-18T02:00:00+00:00
[2025-11-18T03:50:22.215+0000] {processor.py:183} INFO - Processing /opt/airflow/dags/01_demo_basic_dag.py took 0.039 seconds
[2025-11-18T03:50:52.431+0000] {processor.py:161} INFO - Started process (PID=124) to work on /opt/airflow/dags/01_demo_basic_dag.py
[2025-11-18T03:50:52.431+0000] {processor.py:830} INFO - Processing file /opt/airflow/dags/01_demo_basic_dag.py for tasks to queue
[2025-11-18T03:50:52.432+0000] {logging_mixin.py:188} INFO - [2025-11-18T03:50:52.432+0000] {dagbag.py:538} INFO - Filling up the DagBag from /opt/airflow/dags/01_demo_basic_dag.py
[2025-11-18T03:50:52.439+0000] {logging_mixin.py:188} WARNING - /home/airflow/.local/lib/python3.10/site-packages/airflow/models/baseoperator.py:437 RemovedInAirflow3Warning: none_failed_or_skipped Trigger Rule is deprecated. Please use `none_failed_min_one_success`.
[2025-11-18T03:50:52.440+0000] {processor.py:840} INFO - DAG(s) '01_demo_basic_dag' retrieved from /opt/airflow/dags/01_demo_basic_dag.py
[2025-11-18T03:50:52.450+0000] {logging_mixin.py:188} INFO - [2025-11-18T03:50:52.450+0000] {dag.py:3033} INFO - Sync 1 DAGs
[2025-11-18T03:50:52.458+0000] {logging_mixin.py:188} INFO - [2025-11-18T03:50:52.458+0000] {dag.py:3820} INFO - Setting next_dagrun for 01_demo_basic_dag to 2025-11-18T00:00:00+00:00, run_after=2025-11-18T02:00:00+00:00
[2025-11-18T03:50:52.466+0000] {processor.py:183} INFO - Processing /opt/airflow/dags/01_demo_basic_dag.py took 0.036 seconds
[2025-11-18T03:51:22.679+0000] {processor.py:161} INFO - Started process (PID=127) to work on /opt/airflow/dags/01_demo_basic_dag.py
[2025-11-18T03:51:22.680+0000] {processor.py:830} INFO - Processing file /opt/airflow/dags/01_demo_basic_dag.py for tasks to queue
[2025-11-18T03:51:22.681+0000] {logging_mixin.py:188} INFO - [2025-11-18T03:51:22.681+0000] {dagbag.py:538} INFO - Filling up the DagBag from /opt/airflow/dags/01_demo_basic_dag.py
[2025-11-18T03:51:22.688+0000] {logging_mixin.py:188} WARNING - /home/airflow/.local/lib/python3.10/site-packages/airflow/models/baseoperator.py:437 RemovedInAirflow3Warning: none_failed_or_skipped Trigger Rule is deprecated. Please use `none_failed_min_one_success`.
[2025-11-18T03:51:22.689+0000] {processor.py:840} INFO - DAG(s) '01_demo_basic_dag' retrieved from /opt/airflow/dags/01_demo_basic_dag.py
[2025-11-18T03:51:22.700+0000] {logging_mixin.py:188} INFO - [2025-11-18T03:51:22.700+0000] {dag.py:3033} INFO - Sync 1 DAGs
[2025-11-18T03:51:22.710+0000] {logging_mixin.py:188} INFO - [2025-11-18T03:51:22.710+0000] {dag.py:3820} INFO - Setting next_dagrun for 01_demo_basic_dag to 2025-11-18T00:00:00+00:00, run_after=2025-11-18T02:00:00+00:00
[2025-11-18T03:51:22.719+0000] {processor.py:183} INFO - Processing /opt/airflow/dags/01_demo_basic_dag.py took 0.041 seconds
[2025-11-18T03:51:52.944+0000] {processor.py:161} INFO - Started process (PID=130) to work on /opt/airflow/dags/01_demo_basic_dag.py
[2025-11-18T03:51:52.945+0000] {processor.py:830} INFO - Processing file /opt/airflow/dags/01_demo_basic_dag.py for tasks to queue
[2025-11-18T03:51:52.946+0000] {logging_mixin.py:188} INFO - [2025-11-18T03:51:52.946+0000] {dagbag.py:538} INFO - Filling up the DagBag from /opt/airflow/dags/01_demo_basic_dag.py
[2025-11-18T03:51:52.953+0000] {logging_mixin.py:188} WARNING - /home/airflow/.local/lib/python3.10/site-packages/airflow/models/baseoperator.py:437 RemovedInAirflow3Warning: none_failed_or_skipped Trigger Rule is deprecated. Please use `none_failed_min_one_success`.
[2025-11-18T03:51:52.955+0000] {processor.py:840} INFO - DAG(s) '01_demo_basic_dag' retrieved from /opt/airflow/dags/01_demo_basic_dag.py
[2025-11-18T03:51:52.965+0000] {logging_mixin.py:188} INFO - [2025-11-18T03:51:52.965+0000] {dag.py:3033} INFO - Sync 1 DAGs
[2025-11-18T03:51:52.976+0000] {logging_mixin.py:188} INFO - [2025-11-18T03:51:52.976+0000] {dag.py:3820} INFO - Setting next_dagrun for 01_demo_basic_dag to 2025-11-18T00:00:00+00:00, run_after=2025-11-18T02:00:00+00:00
[2025-11-18T03:51:52.983+0000] {processor.py:183} INFO - Processing /opt/airflow/dags/01_demo_basic_dag.py took 0.040 seconds
[2025-11-18T03:52:23.188+0000] {processor.py:161} INFO - Started process (PID=133) to work on /opt/airflow/dags/01_demo_basic_dag.py
[2025-11-18T03:52:23.188+0000] {processor.py:830} INFO - Processing file /opt/airflow/dags/01_demo_basic_dag.py for tasks to queue
[2025-11-18T03:52:23.190+0000] {logging_mixin.py:188} INFO - [2025-11-18T03:52:23.190+0000] {dagbag.py:538} INFO - Filling up the DagBag from /opt/airflow/dags/01_demo_basic_dag.py
[2025-11-18T03:52:23.199+0000] {logging_mixin.py:188} WARNING - /home/airflow/.local/lib/python3.10/site-packages/airflow/models/baseoperator.py:437 RemovedInAirflow3Warning: none_failed_or_skipped Trigger Rule is deprecated. Please use `none_failed_min_one_success`.
[2025-11-18T03:52:23.201+0000] {processor.py:840} INFO - DAG(s) '01_demo_basic_dag' retrieved from /opt/airflow/dags/01_demo_basic_dag.py
[2025-11-18T03:52:23.214+0000] {logging_mixin.py:188} INFO - [2025-11-18T03:52:23.214+0000] {dag.py:3033} INFO - Sync 1 DAGs
[2025-11-18T03:52:23.227+0000] {logging_mixin.py:188} INFO - [2025-11-18T03:52:23.226+0000] {dag.py:3820} INFO - Setting next_dagrun for 01_demo_basic_dag to 2025-11-18T00:00:00+00:00, run_after=2025-11-18T02:00:00+00:00
[2025-11-18T03:52:23.237+0000] {processor.py:183} INFO - Processing /opt/airflow/dags/01_demo_basic_dag.py took 0.051 seconds
[2025-11-18T03:52:53.452+0000] {processor.py:161} INFO - Started process (PID=136) to work on /opt/airflow/dags/01_demo_basic_dag.py
[2025-11-18T03:52:53.452+0000] {processor.py:830} INFO - Processing file /opt/airflow/dags/01_demo_basic_dag.py for tasks to queue
[2025-11-18T03:52:53.453+0000] {logging_mixin.py:188} INFO - [2025-11-18T03:52:53.453+0000] {dagbag.py:538} INFO - Filling up the DagBag from /opt/airflow/dags/01_demo_basic_dag.py
[2025-11-18T03:52:53.461+0000] {logging_mixin.py:188} WARNING - /home/airflow/.local/lib/python3.10/site-packages/airflow/models/baseoperator.py:437 RemovedInAirflow3Warning: none_failed_or_skipped Trigger Rule is deprecated. Please use `none_failed_min_one_success`.
[2025-11-18T03:52:53.463+0000] {processor.py:840} INFO - DAG(s) '01_demo_basic_dag' retrieved from /opt/airflow/dags/01_demo_basic_dag.py
[2025-11-18T03:52:53.476+0000] {logging_mixin.py:188} INFO - [2025-11-18T03:52:53.476+0000] {dag.py:3033} INFO - Sync 1 DAGs
[2025-11-18T03:52:53.487+0000] {logging_mixin.py:188} INFO - [2025-11-18T03:52:53.487+0000] {dag.py:3820} INFO - Setting next_dagrun for 01_demo_basic_dag to 2025-11-18T00:00:00+00:00, run_after=2025-11-18T02:00:00+00:00
[2025-11-18T03:52:53.495+0000] {processor.py:183} INFO - Processing /opt/airflow/dags/01_demo_basic_dag.py took 0.045 seconds
[2025-11-18T03:53:23.725+0000] {processor.py:161} INFO - Started process (PID=139) to work on /opt/airflow/dags/01_demo_basic_dag.py
[2025-11-18T03:53:23.726+0000] {processor.py:830} INFO - Processing file /opt/airflow/dags/01_demo_basic_dag.py for tasks to queue
[2025-11-18T03:53:23.727+0000] {logging_mixin.py:188} INFO - [2025-11-18T03:53:23.726+0000] {dagbag.py:538} INFO - Filling up the DagBag from /opt/airflow/dags/01_demo_basic_dag.py
[2025-11-18T03:53:23.734+0000] {logging_mixin.py:188} WARNING - /home/airflow/.local/lib/python3.10/site-packages/airflow/models/baseoperator.py:437 RemovedInAirflow3Warning: none_failed_or_skipped Trigger Rule is deprecated. Please use `none_failed_min_one_success`.
[2025-11-18T03:53:23.736+0000] {processor.py:840} INFO - DAG(s) '01_demo_basic_dag' retrieved from /opt/airflow/dags/01_demo_basic_dag.py
[2025-11-18T03:53:23.748+0000] {logging_mixin.py:188} INFO - [2025-11-18T03:53:23.748+0000] {dag.py:3033} INFO - Sync 1 DAGs
[2025-11-18T03:53:23.758+0000] {logging_mixin.py:188} INFO - [2025-11-18T03:53:23.758+0000] {dag.py:3820} INFO - Setting next_dagrun for 01_demo_basic_dag to 2025-11-18T00:00:00+00:00, run_after=2025-11-18T02:00:00+00:00
[2025-11-18T03:53:23.766+0000] {processor.py:183} INFO - Processing /opt/airflow/dags/01_demo_basic_dag.py took 0.043 seconds
[2025-11-18T03:53:53.999+0000] {processor.py:161} INFO - Started process (PID=142) to work on /opt/airflow/dags/01_demo_basic_dag.py
[2025-11-18T03:53:53.999+0000] {processor.py:830} INFO - Processing file /opt/airflow/dags/01_demo_basic_dag.py for tasks to queue
[2025-11-18T03:53:54.000+0000] {logging_mixin.py:188} INFO - [2025-11-18T03:53:54.000+0000] {dagbag.py:538} INFO - Filling up the DagBag from /opt/airflow/dags/01_demo_basic_dag.py
[2025-11-18T03:53:54.008+0000] {logging_mixin.py:188} WARNING - /home/airflow/.local/lib/python3.10/site-packages/airflow/models/baseoperator.py:437 RemovedInAirflow3Warning: none_failed_or_skipped Trigger Rule is deprecated. Please use `none_failed_min_one_success`.
[2025-11-18T03:53:54.009+0000] {processor.py:840} INFO - DAG(s) '01_demo_basic_dag' retrieved from /opt/airflow/dags/01_demo_basic_dag.py
[2025-11-18T03:53:54.019+0000] {logging_mixin.py:188} INFO - [2025-11-18T03:53:54.019+0000] {dag.py:3033} INFO - Sync 1 DAGs
[2025-11-18T03:53:54.029+0000] {logging_mixin.py:188} INFO - [2025-11-18T03:53:54.029+0000] {dag.py:3820} INFO - Setting next_dagrun for 01_demo_basic_dag to 2025-11-18T00:00:00+00:00, run_after=2025-11-18T02:00:00+00:00
[2025-11-18T03:53:54.036+0000] {processor.py:183} INFO - Processing /opt/airflow/dags/01_demo_basic_dag.py took 0.039 seconds
[2025-11-18T03:54:24.261+0000] {processor.py:161} INFO - Started process (PID=145) to work on /opt/airflow/dags/01_demo_basic_dag.py
[2025-11-18T03:54:24.261+0000] {processor.py:830} INFO - Processing file /opt/airflow/dags/01_demo_basic_dag.py for tasks to queue
[2025-11-18T03:54:24.263+0000] {logging_mixin.py:188} INFO - [2025-11-18T03:54:24.263+0000] {dagbag.py:538} INFO - Filling up the DagBag from /opt/airflow/dags/01_demo_basic_dag.py
[2025-11-18T03:54:24.272+0000] {logging_mixin.py:188} WARNING - /home/airflow/.local/lib/python3.10/site-packages/airflow/models/baseoperator.py:437 RemovedInAirflow3Warning: none_failed_or_skipped Trigger Rule is deprecated. Please use `none_failed_min_one_success`.
[2025-11-18T03:54:24.273+0000] {processor.py:840} INFO - DAG(s) '01_demo_basic_dag' retrieved from /opt/airflow/dags/01_demo_basic_dag.py
[2025-11-18T03:54:24.285+0000] {logging_mixin.py:188} INFO - [2025-11-18T03:54:24.285+0000] {dag.py:3033} INFO - Sync 1 DAGs
[2025-11-18T03:54:24.295+0000] {logging_mixin.py:188} INFO - [2025-11-18T03:54:24.294+0000] {dag.py:3820} INFO - Setting next_dagrun for 01_demo_basic_dag to 2025-11-18T00:00:00+00:00, run_after=2025-11-18T02:00:00+00:00
[2025-11-18T03:54:24.302+0000] {processor.py:183} INFO - Processing /opt/airflow/dags/01_demo_basic_dag.py took 0.044 seconds
[2025-11-18T03:54:54.546+0000] {processor.py:161} INFO - Started process (PID=148) to work on /opt/airflow/dags/01_demo_basic_dag.py
[2025-11-18T03:54:54.546+0000] {processor.py:830} INFO - Processing file /opt/airflow/dags/01_demo_basic_dag.py for tasks to queue
[2025-11-18T03:54:54.547+0000] {logging_mixin.py:188} INFO - [2025-11-18T03:54:54.547+0000] {dagbag.py:538} INFO - Filling up the DagBag from /opt/airflow/dags/01_demo_basic_dag.py
[2025-11-18T03:54:54.555+0000] {logging_mixin.py:188} WARNING - /home/airflow/.local/lib/python3.10/site-packages/airflow/models/baseoperator.py:437 RemovedInAirflow3Warning: none_failed_or_skipped Trigger Rule is deprecated. Please use `none_failed_min_one_success`.
[2025-11-18T03:54:54.556+0000] {processor.py:840} INFO - DAG(s) '01_demo_basic_dag' retrieved from /opt/airflow/dags/01_demo_basic_dag.py
[2025-11-18T03:54:54.567+0000] {logging_mixin.py:188} INFO - [2025-11-18T03:54:54.567+0000] {dag.py:3033} INFO - Sync 1 DAGs
[2025-11-18T03:54:54.577+0000] {logging_mixin.py:188} INFO - [2025-11-18T03:54:54.577+0000] {dag.py:3820} INFO - Setting next_dagrun for 01_demo_basic_dag to 2025-11-18T00:00:00+00:00, run_after=2025-11-18T02:00:00+00:00
[2025-11-18T03:54:54.585+0000] {processor.py:183} INFO - Processing /opt/airflow/dags/01_demo_basic_dag.py took 0.041 seconds
[2025-11-18T03:55:24.794+0000] {processor.py:161} INFO - Started process (PID=151) to work on /opt/airflow/dags/01_demo_basic_dag.py
[2025-11-18T03:55:24.794+0000] {processor.py:830} INFO - Processing file /opt/airflow/dags/01_demo_basic_dag.py for tasks to queue
[2025-11-18T03:55:24.795+0000] {logging_mixin.py:188} INFO - [2025-11-18T03:55:24.795+0000] {dagbag.py:538} INFO - Filling up the DagBag from /opt/airflow/dags/01_demo_basic_dag.py
[2025-11-18T03:55:24.802+0000] {logging_mixin.py:188} WARNING - /home/airflow/.local/lib/python3.10/site-packages/airflow/models/baseoperator.py:437 RemovedInAirflow3Warning: none_failed_or_skipped Trigger Rule is deprecated. Please use `none_failed_min_one_success`.
[2025-11-18T03:55:24.804+0000] {processor.py:840} INFO - DAG(s) '01_demo_basic_dag' retrieved from /opt/airflow/dags/01_demo_basic_dag.py
[2025-11-18T03:55:24.814+0000] {logging_mixin.py:188} INFO - [2025-11-18T03:55:24.814+0000] {dag.py:3033} INFO - Sync 1 DAGs
[2025-11-18T03:55:24.824+0000] {logging_mixin.py:188} INFO - [2025-11-18T03:55:24.824+0000] {dag.py:3820} INFO - Setting next_dagrun for 01_demo_basic_dag to 2025-11-18T00:00:00+00:00, run_after=2025-11-18T02:00:00+00:00
[2025-11-18T03:55:24.831+0000] {processor.py:183} INFO - Processing /opt/airflow/dags/01_demo_basic_dag.py took 0.039 seconds
[2025-11-18T03:55:55.062+0000] {processor.py:161} INFO - Started process (PID=154) to work on /opt/airflow/dags/01_demo_basic_dag.py
[2025-11-18T03:55:55.063+0000] {processor.py:830} INFO - Processing file /opt/airflow/dags/01_demo_basic_dag.py for tasks to queue
[2025-11-18T03:55:55.064+0000] {logging_mixin.py:188} INFO - [2025-11-18T03:55:55.064+0000] {dagbag.py:538} INFO - Filling up the DagBag from /opt/airflow/dags/01_demo_basic_dag.py
[2025-11-18T03:55:55.071+0000] {logging_mixin.py:188} WARNING - /home/airflow/.local/lib/python3.10/site-packages/airflow/models/baseoperator.py:437 RemovedInAirflow3Warning: none_failed_or_skipped Trigger Rule is deprecated. Please use `none_failed_min_one_success`.
[2025-11-18T03:55:55.072+0000] {processor.py:840} INFO - DAG(s) '01_demo_basic_dag' retrieved from /opt/airflow/dags/01_demo_basic_dag.py
[2025-11-18T03:55:55.086+0000] {logging_mixin.py:188} INFO - [2025-11-18T03:55:55.085+0000] {dag.py:3033} INFO - Sync 1 DAGs
[2025-11-18T03:55:55.097+0000] {logging_mixin.py:188} INFO - [2025-11-18T03:55:55.097+0000] {dag.py:3820} INFO - Setting next_dagrun for 01_demo_basic_dag to 2025-11-18T00:00:00+00:00, run_after=2025-11-18T02:00:00+00:00
[2025-11-18T03:55:55.106+0000] {processor.py:183} INFO - Processing /opt/airflow/dags/01_demo_basic_dag.py took 0.045 seconds
[2025-11-18T03:56:25.314+0000] {processor.py:161} INFO - Started process (PID=157) to work on /opt/airflow/dags/01_demo_basic_dag.py
[2025-11-18T03:56:25.315+0000] {processor.py:830} INFO - Processing file /opt/airflow/dags/01_demo_basic_dag.py for tasks to queue
[2025-11-18T03:56:25.316+0000] {logging_mixin.py:188} INFO - [2025-11-18T03:56:25.316+0000] {dagbag.py:538} INFO - Filling up the DagBag from /opt/airflow/dags/01_demo_basic_dag.py
[2025-11-18T03:56:25.325+0000] {logging_mixin.py:188} WARNING - /home/airflow/.local/lib/python3.10/site-packages/airflow/models/baseoperator.py:437 RemovedInAirflow3Warning: none_failed_or_skipped Trigger Rule is deprecated. Please use `none_failed_min_one_success`.
[2025-11-18T03:56:25.327+0000] {processor.py:840} INFO - DAG(s) '01_demo_basic_dag' retrieved from /opt/airflow/dags/01_demo_basic_dag.py
[2025-11-18T03:56:25.338+0000] {logging_mixin.py:188} INFO - [2025-11-18T03:56:25.338+0000] {dag.py:3033} INFO - Sync 1 DAGs
[2025-11-18T03:56:25.350+0000] {logging_mixin.py:188} INFO - [2025-11-18T03:56:25.350+0000] {dag.py:3820} INFO - Setting next_dagrun for 01_demo_basic_dag to 2025-11-18T00:00:00+00:00, run_after=2025-11-18T02:00:00+00:00
[2025-11-18T03:56:25.357+0000] {processor.py:183} INFO - Processing /opt/airflow/dags/01_demo_basic_dag.py took 0.045 seconds
[2025-11-18T03:56:55.572+0000] {processor.py:161} INFO - Started process (PID=160) to work on /opt/airflow/dags/01_demo_basic_dag.py
[2025-11-18T03:56:55.572+0000] {processor.py:830} INFO - Processing file /opt/airflow/dags/01_demo_basic_dag.py for tasks to queue
[2025-11-18T03:56:55.574+0000] {logging_mixin.py:188} INFO - [2025-11-18T03:56:55.574+0000] {dagbag.py:538} INFO - Filling up the DagBag from /opt/airflow/dags/01_demo_basic_dag.py
[2025-11-18T03:56:55.584+0000] {logging_mixin.py:188} WARNING - /home/airflow/.local/lib/python3.10/site-packages/airflow/models/baseoperator.py:437 RemovedInAirflow3Warning: none_failed_or_skipped Trigger Rule is deprecated. Please use `none_failed_min_one_success`.
[2025-11-18T03:56:55.586+0000] {processor.py:840} INFO - DAG(s) '01_demo_basic_dag' retrieved from /opt/airflow/dags/01_demo_basic_dag.py
[2025-11-18T03:56:55.598+0000] {logging_mixin.py:188} INFO - [2025-11-18T03:56:55.598+0000] {dag.py:3033} INFO - Sync 1 DAGs
[2025-11-18T03:56:55.609+0000] {logging_mixin.py:188} INFO - [2025-11-18T03:56:55.609+0000] {dag.py:3820} INFO - Setting next_dagrun for 01_demo_basic_dag to 2025-11-18T00:00:00+00:00, run_after=2025-11-18T02:00:00+00:00
[2025-11-18T03:56:55.619+0000] {processor.py:183} INFO - Processing /opt/airflow/dags/01_demo_basic_dag.py took 0.049 seconds
[2025-11-18T03:57:25.846+0000] {processor.py:161} INFO - Started process (PID=163) to work on /opt/airflow/dags/01_demo_basic_dag.py
[2025-11-18T03:57:25.847+0000] {processor.py:830} INFO - Processing file /opt/airflow/dags/01_demo_basic_dag.py for tasks to queue
[2025-11-18T03:57:25.848+0000] {logging_mixin.py:188} INFO - [2025-11-18T03:57:25.847+0000] {dagbag.py:538} INFO - Filling up the DagBag from /opt/airflow/dags/01_demo_basic_dag.py
[2025-11-18T03:57:25.858+0000] {logging_mixin.py:188} WARNING - /home/airflow/.local/lib/python3.10/site-packages/airflow/models/baseoperator.py:437 RemovedInAirflow3Warning: none_failed_or_skipped Trigger Rule is deprecated. Please use `none_failed_min_one_success`.
[2025-11-18T03:57:25.859+0000] {processor.py:840} INFO - DAG(s) '01_demo_basic_dag' retrieved from /opt/airflow/dags/01_demo_basic_dag.py
[2025-11-18T03:57:25.871+0000] {logging_mixin.py:188} INFO - [2025-11-18T03:57:25.871+0000] {dag.py:3033} INFO - Sync 1 DAGs
[2025-11-18T03:57:25.882+0000] {logging_mixin.py:188} INFO - [2025-11-18T03:57:25.882+0000] {dag.py:3820} INFO - Setting next_dagrun for 01_demo_basic_dag to 2025-11-18T00:00:00+00:00, run_after=2025-11-18T02:00:00+00:00
[2025-11-18T03:57:25.891+0000] {processor.py:183} INFO - Processing /opt/airflow/dags/01_demo_basic_dag.py took 0.047 seconds
[2025-11-18T03:57:56.101+0000] {processor.py:161} INFO - Started process (PID=166) to work on /opt/airflow/dags/01_demo_basic_dag.py
[2025-11-18T03:57:56.101+0000] {processor.py:830} INFO - Processing file /opt/airflow/dags/01_demo_basic_dag.py for tasks to queue
[2025-11-18T03:57:56.102+0000] {logging_mixin.py:188} INFO - [2025-11-18T03:57:56.102+0000] {dagbag.py:538} INFO - Filling up the DagBag from /opt/airflow/dags/01_demo_basic_dag.py
[2025-11-18T03:57:56.109+0000] {logging_mixin.py:188} WARNING - /home/airflow/.local/lib/python3.10/site-packages/airflow/models/baseoperator.py:437 RemovedInAirflow3Warning: none_failed_or_skipped Trigger Rule is deprecated. Please use `none_failed_min_one_success`.
[2025-11-18T03:57:56.110+0000] {processor.py:840} INFO - DAG(s) '01_demo_basic_dag' retrieved from /opt/airflow/dags/01_demo_basic_dag.py
[2025-11-18T03:57:56.123+0000] {logging_mixin.py:188} INFO - [2025-11-18T03:57:56.123+0000] {dag.py:3033} INFO - Sync 1 DAGs
[2025-11-18T03:57:56.134+0000] {logging_mixin.py:188} INFO - [2025-11-18T03:57:56.134+0000] {dag.py:3820} INFO - Setting next_dagrun for 01_demo_basic_dag to 2025-11-18T00:00:00+00:00, run_after=2025-11-18T02:00:00+00:00
[2025-11-18T03:57:56.141+0000] {processor.py:183} INFO - Processing /opt/airflow/dags/01_demo_basic_dag.py took 0.042 seconds
[2025-11-18T03:58:26.350+0000] {processor.py:161} INFO - Started process (PID=169) to work on /opt/airflow/dags/01_demo_basic_dag.py
[2025-11-18T03:58:26.351+0000] {processor.py:830} INFO - Processing file /opt/airflow/dags/01_demo_basic_dag.py for tasks to queue
[2025-11-18T03:58:26.352+0000] {logging_mixin.py:188} INFO - [2025-11-18T03:58:26.352+0000] {dagbag.py:538} INFO - Filling up the DagBag from /opt/airflow/dags/01_demo_basic_dag.py
[2025-11-18T03:58:26.361+0000] {logging_mixin.py:188} WARNING - /home/airflow/.local/lib/python3.10/site-packages/airflow/models/baseoperator.py:437 RemovedInAirflow3Warning: none_failed_or_skipped Trigger Rule is deprecated. Please use `none_failed_min_one_success`.
[2025-11-18T03:58:26.362+0000] {processor.py:840} INFO - DAG(s) '01_demo_basic_dag' retrieved from /opt/airflow/dags/01_demo_basic_dag.py
[2025-11-18T03:58:26.374+0000] {logging_mixin.py:188} INFO - [2025-11-18T03:58:26.374+0000] {dag.py:3033} INFO - Sync 1 DAGs
[2025-11-18T03:58:26.385+0000] {logging_mixin.py:188} INFO - [2025-11-18T03:58:26.385+0000] {dag.py:3820} INFO - Setting next_dagrun for 01_demo_basic_dag to 2025-11-18T00:00:00+00:00, run_after=2025-11-18T02:00:00+00:00
[2025-11-18T03:58:26.395+0000] {processor.py:183} INFO - Processing /opt/airflow/dags/01_demo_basic_dag.py took 0.047 seconds
[2025-11-18T03:58:56.611+0000] {processor.py:161} INFO - Started process (PID=172) to work on /opt/airflow/dags/01_demo_basic_dag.py
[2025-11-18T03:58:56.612+0000] {processor.py:830} INFO - Processing file /opt/airflow/dags/01_demo_basic_dag.py for tasks to queue
[2025-11-18T03:58:56.613+0000] {logging_mixin.py:188} INFO - [2025-11-18T03:58:56.613+0000] {dagbag.py:538} INFO - Filling up the DagBag from /opt/airflow/dags/01_demo_basic_dag.py
[2025-11-18T03:58:56.621+0000] {logging_mixin.py:188} WARNING - /home/airflow/.local/lib/python3.10/site-packages/airflow/models/baseoperator.py:437 RemovedInAirflow3Warning: none_failed_or_skipped Trigger Rule is deprecated. Please use `none_failed_min_one_success`.
[2025-11-18T03:58:56.623+0000] {processor.py:840} INFO - DAG(s) '01_demo_basic_dag' retrieved from /opt/airflow/dags/01_demo_basic_dag.py
[2025-11-18T03:58:56.633+0000] {logging_mixin.py:188} INFO - [2025-11-18T03:58:56.633+0000] {dag.py:3033} INFO - Sync 1 DAGs
[2025-11-18T03:58:56.643+0000] {logging_mixin.py:188} INFO - [2025-11-18T03:58:56.643+0000] {dag.py:3820} INFO - Setting next_dagrun for 01_demo_basic_dag to 2025-11-18T00:00:00+00:00, run_after=2025-11-18T02:00:00+00:00
[2025-11-18T03:58:56.651+0000] {processor.py:183} INFO - Processing /opt/airflow/dags/01_demo_basic_dag.py took 0.042 seconds
[2025-11-18T03:59:26.870+0000] {processor.py:161} INFO - Started process (PID=175) to work on /opt/airflow/dags/01_demo_basic_dag.py
[2025-11-18T03:59:26.870+0000] {processor.py:830} INFO - Processing file /opt/airflow/dags/01_demo_basic_dag.py for tasks to queue
[2025-11-18T03:59:26.871+0000] {logging_mixin.py:188} INFO - [2025-11-18T03:59:26.871+0000] {dagbag.py:538} INFO - Filling up the DagBag from /opt/airflow/dags/01_demo_basic_dag.py
[2025-11-18T03:59:26.879+0000] {logging_mixin.py:188} WARNING - /home/airflow/.local/lib/python3.10/site-packages/airflow/models/baseoperator.py:437 RemovedInAirflow3Warning: none_failed_or_skipped Trigger Rule is deprecated. Please use `none_failed_min_one_success`.
[2025-11-18T03:59:26.880+0000] {processor.py:840} INFO - DAG(s) '01_demo_basic_dag' retrieved from /opt/airflow/dags/01_demo_basic_dag.py
[2025-11-18T03:59:26.890+0000] {logging_mixin.py:188} INFO - [2025-11-18T03:59:26.890+0000] {dag.py:3033} INFO - Sync 1 DAGs
[2025-11-18T03:59:26.900+0000] {logging_mixin.py:188} INFO - [2025-11-18T03:59:26.900+0000] {dag.py:3820} INFO - Setting next_dagrun for 01_demo_basic_dag to 2025-11-18T00:00:00+00:00, run_after=2025-11-18T02:00:00+00:00
[2025-11-18T03:59:26.907+0000] {processor.py:183} INFO - Processing /opt/airflow/dags/01_demo_basic_dag.py took 0.039 seconds
[2025-11-18T03:59:57.139+0000] {processor.py:161} INFO - Started process (PID=178) to work on /opt/airflow/dags/01_demo_basic_dag.py
[2025-11-18T03:59:57.139+0000] {processor.py:830} INFO - Processing file /opt/airflow/dags/01_demo_basic_dag.py for tasks to queue
[2025-11-18T03:59:57.140+0000] {logging_mixin.py:188} INFO - [2025-11-18T03:59:57.140+0000] {dagbag.py:538} INFO - Filling up the DagBag from /opt/airflow/dags/01_demo_basic_dag.py
[2025-11-18T03:59:57.148+0000] {logging_mixin.py:188} WARNING - /home/airflow/.local/lib/python3.10/site-packages/airflow/models/baseoperator.py:437 RemovedInAirflow3Warning: none_failed_or_skipped Trigger Rule is deprecated. Please use `none_failed_min_one_success`.
[2025-11-18T03:59:57.149+0000] {processor.py:840} INFO - DAG(s) '01_demo_basic_dag' retrieved from /opt/airflow/dags/01_demo_basic_dag.py
[2025-11-18T03:59:57.159+0000] {logging_mixin.py:188} INFO - [2025-11-18T03:59:57.159+0000] {dag.py:3033} INFO - Sync 1 DAGs
[2025-11-18T03:59:57.169+0000] {logging_mixin.py:188} INFO - [2025-11-18T03:59:57.169+0000] {dag.py:3820} INFO - Setting next_dagrun for 01_demo_basic_dag to 2025-11-18T00:00:00+00:00, run_after=2025-11-18T02:00:00+00:00
[2025-11-18T03:59:57.177+0000] {processor.py:183} INFO - Processing /opt/airflow/dags/01_demo_basic_dag.py took 0.040 seconds
[2025-11-18T04:00:27.414+0000] {processor.py:161} INFO - Started process (PID=181) to work on /opt/airflow/dags/01_demo_basic_dag.py
[2025-11-18T04:00:27.414+0000] {processor.py:830} INFO - Processing file /opt/airflow/dags/01_demo_basic_dag.py for tasks to queue
[2025-11-18T04:00:27.415+0000] {logging_mixin.py:188} INFO - [2025-11-18T04:00:27.415+0000] {dagbag.py:538} INFO - Filling up the DagBag from /opt/airflow/dags/01_demo_basic_dag.py
[2025-11-18T04:00:27.425+0000] {logging_mixin.py:188} WARNING - /home/airflow/.local/lib/python3.10/site-packages/airflow/models/baseoperator.py:437 RemovedInAirflow3Warning: none_failed_or_skipped Trigger Rule is deprecated. Please use `none_failed_min_one_success`.
[2025-11-18T04:00:27.426+0000] {processor.py:840} INFO - DAG(s) '01_demo_basic_dag' retrieved from /opt/airflow/dags/01_demo_basic_dag.py
[2025-11-18T04:00:27.439+0000] {logging_mixin.py:188} INFO - [2025-11-18T04:00:27.439+0000] {dag.py:3033} INFO - Sync 1 DAGs
[2025-11-18T04:00:27.452+0000] {logging_mixin.py:188} INFO - [2025-11-18T04:00:27.451+0000] {dag.py:3820} INFO - Setting next_dagrun for 01_demo_basic_dag to 2025-11-18T02:00:00+00:00, run_after=2025-11-18T04:00:00+00:00
[2025-11-18T04:00:27.461+0000] {processor.py:183} INFO - Processing /opt/airflow/dags/01_demo_basic_dag.py took 0.050 seconds
[2025-11-18T04:00:57.697+0000] {processor.py:161} INFO - Started process (PID=184) to work on /opt/airflow/dags/01_demo_basic_dag.py
[2025-11-18T04:00:57.698+0000] {processor.py:830} INFO - Processing file /opt/airflow/dags/01_demo_basic_dag.py for tasks to queue
[2025-11-18T04:00:57.699+0000] {logging_mixin.py:188} INFO - [2025-11-18T04:00:57.699+0000] {dagbag.py:538} INFO - Filling up the DagBag from /opt/airflow/dags/01_demo_basic_dag.py
[2025-11-18T04:00:57.707+0000] {logging_mixin.py:188} WARNING - /home/airflow/.local/lib/python3.10/site-packages/airflow/models/baseoperator.py:437 RemovedInAirflow3Warning: none_failed_or_skipped Trigger Rule is deprecated. Please use `none_failed_min_one_success`.
[2025-11-18T04:00:57.709+0000] {processor.py:840} INFO - DAG(s) '01_demo_basic_dag' retrieved from /opt/airflow/dags/01_demo_basic_dag.py
[2025-11-18T04:00:57.723+0000] {logging_mixin.py:188} INFO - [2025-11-18T04:00:57.723+0000] {dag.py:3033} INFO - Sync 1 DAGs
[2025-11-18T04:00:57.736+0000] {logging_mixin.py:188} INFO - [2025-11-18T04:00:57.736+0000] {dag.py:3820} INFO - Setting next_dagrun for 01_demo_basic_dag to 2025-11-18T02:00:00+00:00, run_after=2025-11-18T04:00:00+00:00
[2025-11-18T04:00:57.747+0000] {processor.py:183} INFO - Processing /opt/airflow/dags/01_demo_basic_dag.py took 0.053 seconds
[2025-11-18T04:01:27.988+0000] {processor.py:161} INFO - Started process (PID=187) to work on /opt/airflow/dags/01_demo_basic_dag.py
[2025-11-18T04:01:27.988+0000] {processor.py:830} INFO - Processing file /opt/airflow/dags/01_demo_basic_dag.py for tasks to queue
[2025-11-18T04:01:27.989+0000] {logging_mixin.py:188} INFO - [2025-11-18T04:01:27.989+0000] {dagbag.py:538} INFO - Filling up the DagBag from /opt/airflow/dags/01_demo_basic_dag.py
[2025-11-18T04:01:27.997+0000] {logging_mixin.py:188} WARNING - /home/airflow/.local/lib/python3.10/site-packages/airflow/models/baseoperator.py:437 RemovedInAirflow3Warning: none_failed_or_skipped Trigger Rule is deprecated. Please use `none_failed_min_one_success`.
[2025-11-18T04:01:27.998+0000] {processor.py:840} INFO - DAG(s) '01_demo_basic_dag' retrieved from /opt/airflow/dags/01_demo_basic_dag.py
[2025-11-18T04:01:28.010+0000] {logging_mixin.py:188} INFO - [2025-11-18T04:01:28.010+0000] {dag.py:3033} INFO - Sync 1 DAGs
[2025-11-18T04:01:28.019+0000] {logging_mixin.py:188} INFO - [2025-11-18T04:01:28.019+0000] {dag.py:3820} INFO - Setting next_dagrun for 01_demo_basic_dag to 2025-11-18T02:00:00+00:00, run_after=2025-11-18T04:00:00+00:00
[2025-11-18T04:01:28.027+0000] {processor.py:183} INFO - Processing /opt/airflow/dags/01_demo_basic_dag.py took 0.041 seconds
[2025-11-18T04:01:58.277+0000] {processor.py:161} INFO - Started process (PID=190) to work on /opt/airflow/dags/01_demo_basic_dag.py
[2025-11-18T04:01:58.278+0000] {processor.py:830} INFO - Processing file /opt/airflow/dags/01_demo_basic_dag.py for tasks to queue
[2025-11-18T04:01:58.279+0000] {logging_mixin.py:188} INFO - [2025-11-18T04:01:58.279+0000] {dagbag.py:538} INFO - Filling up the DagBag from /opt/airflow/dags/01_demo_basic_dag.py
[2025-11-18T04:01:58.288+0000] {logging_mixin.py:188} WARNING - /home/airflow/.local/lib/python3.10/site-packages/airflow/models/baseoperator.py:437 RemovedInAirflow3Warning: none_failed_or_skipped Trigger Rule is deprecated. Please use `none_failed_min_one_success`.
[2025-11-18T04:01:58.289+0000] {processor.py:840} INFO - DAG(s) '01_demo_basic_dag' retrieved from /opt/airflow/dags/01_demo_basic_dag.py
[2025-11-18T04:01:58.302+0000] {logging_mixin.py:188} INFO - [2025-11-18T04:01:58.302+0000] {dag.py:3033} INFO - Sync 1 DAGs
[2025-11-18T04:01:58.315+0000] {logging_mixin.py:188} INFO - [2025-11-18T04:01:58.315+0000] {dag.py:3820} INFO - Setting next_dagrun for 01_demo_basic_dag to 2025-11-18T02:00:00+00:00, run_after=2025-11-18T04:00:00+00:00
[2025-11-18T04:01:58.326+0000] {processor.py:183} INFO - Processing /opt/airflow/dags/01_demo_basic_dag.py took 0.051 seconds
[2025-11-18T04:02:28.565+0000] {processor.py:161} INFO - Started process (PID=193) to work on /opt/airflow/dags/01_demo_basic_dag.py
[2025-11-18T04:02:28.565+0000] {processor.py:830} INFO - Processing file /opt/airflow/dags/01_demo_basic_dag.py for tasks to queue
[2025-11-18T04:02:28.566+0000] {logging_mixin.py:188} INFO - [2025-11-18T04:02:28.566+0000] {dagbag.py:538} INFO - Filling up the DagBag from /opt/airflow/dags/01_demo_basic_dag.py
[2025-11-18T04:02:28.573+0000] {logging_mixin.py:188} WARNING - /home/airflow/.local/lib/python3.10/site-packages/airflow/models/baseoperator.py:437 RemovedInAirflow3Warning: none_failed_or_skipped Trigger Rule is deprecated. Please use `none_failed_min_one_success`.
[2025-11-18T04:02:28.574+0000] {processor.py:840} INFO - DAG(s) '01_demo_basic_dag' retrieved from /opt/airflow/dags/01_demo_basic_dag.py
[2025-11-18T04:02:28.585+0000] {logging_mixin.py:188} INFO - [2025-11-18T04:02:28.585+0000] {dag.py:3033} INFO - Sync 1 DAGs
[2025-11-18T04:02:28.594+0000] {logging_mixin.py:188} INFO - [2025-11-18T04:02:28.594+0000] {dag.py:3820} INFO - Setting next_dagrun for 01_demo_basic_dag to 2025-11-18T02:00:00+00:00, run_after=2025-11-18T04:00:00+00:00
[2025-11-18T04:02:28.602+0000] {processor.py:183} INFO - Processing /opt/airflow/dags/01_demo_basic_dag.py took 0.038 seconds
[2025-11-18T04:02:58.838+0000] {processor.py:161} INFO - Started process (PID=196) to work on /opt/airflow/dags/01_demo_basic_dag.py
[2025-11-18T04:02:58.838+0000] {processor.py:830} INFO - Processing file /opt/airflow/dags/01_demo_basic_dag.py for tasks to queue
[2025-11-18T04:02:58.839+0000] {logging_mixin.py:188} INFO - [2025-11-18T04:02:58.839+0000] {dagbag.py:538} INFO - Filling up the DagBag from /opt/airflow/dags/01_demo_basic_dag.py
[2025-11-18T04:02:58.846+0000] {logging_mixin.py:188} WARNING - /home/airflow/.local/lib/python3.10/site-packages/airflow/models/baseoperator.py:437 RemovedInAirflow3Warning: none_failed_or_skipped Trigger Rule is deprecated. Please use `none_failed_min_one_success`.
[2025-11-18T04:02:58.848+0000] {processor.py:840} INFO - DAG(s) '01_demo_basic_dag' retrieved from /opt/airflow/dags/01_demo_basic_dag.py
[2025-11-18T04:02:58.857+0000] {logging_mixin.py:188} INFO - [2025-11-18T04:02:58.857+0000] {dag.py:3033} INFO - Sync 1 DAGs
[2025-11-18T04:02:58.866+0000] {logging_mixin.py:188} INFO - [2025-11-18T04:02:58.866+0000] {dag.py:3820} INFO - Setting next_dagrun for 01_demo_basic_dag to 2025-11-18T02:00:00+00:00, run_after=2025-11-18T04:00:00+00:00
[2025-11-18T04:02:58.874+0000] {processor.py:183} INFO - Processing /opt/airflow/dags/01_demo_basic_dag.py took 0.038 seconds
[2025-11-18T04:03:29.143+0000] {processor.py:161} INFO - Started process (PID=199) to work on /opt/airflow/dags/01_demo_basic_dag.py
[2025-11-18T04:03:29.144+0000] {processor.py:830} INFO - Processing file /opt/airflow/dags/01_demo_basic_dag.py for tasks to queue
[2025-11-18T04:03:29.145+0000] {logging_mixin.py:188} INFO - [2025-11-18T04:03:29.145+0000] {dagbag.py:538} INFO - Filling up the DagBag from /opt/airflow/dags/01_demo_basic_dag.py
[2025-11-18T04:03:29.153+0000] {logging_mixin.py:188} WARNING - /home/airflow/.local/lib/python3.10/site-packages/airflow/models/baseoperator.py:437 RemovedInAirflow3Warning: none_failed_or_skipped Trigger Rule is deprecated. Please use `none_failed_min_one_success`.
[2025-11-18T04:03:29.154+0000] {processor.py:840} INFO - DAG(s) '01_demo_basic_dag' retrieved from /opt/airflow/dags/01_demo_basic_dag.py
[2025-11-18T04:03:29.164+0000] {logging_mixin.py:188} INFO - [2025-11-18T04:03:29.164+0000] {dag.py:3033} INFO - Sync 1 DAGs
[2025-11-18T04:03:29.174+0000] {logging_mixin.py:188} INFO - [2025-11-18T04:03:29.174+0000] {dag.py:3820} INFO - Setting next_dagrun for 01_demo_basic_dag to 2025-11-18T02:00:00+00:00, run_after=2025-11-18T04:00:00+00:00
[2025-11-18T04:03:29.182+0000] {processor.py:183} INFO - Processing /opt/airflow/dags/01_demo_basic_dag.py took 0.040 seconds
[2025-11-18T04:03:59.434+0000] {processor.py:161} INFO - Started process (PID=202) to work on /opt/airflow/dags/01_demo_basic_dag.py
[2025-11-18T04:03:59.434+0000] {processor.py:830} INFO - Processing file /opt/airflow/dags/01_demo_basic_dag.py for tasks to queue
[2025-11-18T04:03:59.435+0000] {logging_mixin.py:188} INFO - [2025-11-18T04:03:59.435+0000] {dagbag.py:538} INFO - Filling up the DagBag from /opt/airflow/dags/01_demo_basic_dag.py
[2025-11-18T04:03:59.442+0000] {logging_mixin.py:188} WARNING - /home/airflow/.local/lib/python3.10/site-packages/airflow/models/baseoperator.py:437 RemovedInAirflow3Warning: none_failed_or_skipped Trigger Rule is deprecated. Please use `none_failed_min_one_success`.
[2025-11-18T04:03:59.444+0000] {processor.py:840} INFO - DAG(s) '01_demo_basic_dag' retrieved from /opt/airflow/dags/01_demo_basic_dag.py
[2025-11-18T04:03:59.455+0000] {logging_mixin.py:188} INFO - [2025-11-18T04:03:59.455+0000] {dag.py:3033} INFO - Sync 1 DAGs
[2025-11-18T04:03:59.464+0000] {logging_mixin.py:188} INFO - [2025-11-18T04:03:59.463+0000] {dag.py:3820} INFO - Setting next_dagrun for 01_demo_basic_dag to 2025-11-18T02:00:00+00:00, run_after=2025-11-18T04:00:00+00:00
[2025-11-18T04:03:59.471+0000] {processor.py:183} INFO - Processing /opt/airflow/dags/01_demo_basic_dag.py took 0.039 seconds
[2025-11-18T04:04:29.698+0000] {processor.py:161} INFO - Started process (PID=205) to work on /opt/airflow/dags/01_demo_basic_dag.py
[2025-11-18T04:04:29.698+0000] {processor.py:830} INFO - Processing file /opt/airflow/dags/01_demo_basic_dag.py for tasks to queue
[2025-11-18T04:04:29.699+0000] {logging_mixin.py:188} INFO - [2025-11-18T04:04:29.699+0000] {dagbag.py:538} INFO - Filling up the DagBag from /opt/airflow/dags/01_demo_basic_dag.py
[2025-11-18T04:04:29.706+0000] {logging_mixin.py:188} WARNING - /home/airflow/.local/lib/python3.10/site-packages/airflow/models/baseoperator.py:437 RemovedInAirflow3Warning: none_failed_or_skipped Trigger Rule is deprecated. Please use `none_failed_min_one_success`.
[2025-11-18T04:04:29.708+0000] {processor.py:840} INFO - DAG(s) '01_demo_basic_dag' retrieved from /opt/airflow/dags/01_demo_basic_dag.py
[2025-11-18T04:04:29.718+0000] {logging_mixin.py:188} INFO - [2025-11-18T04:04:29.718+0000] {dag.py:3033} INFO - Sync 1 DAGs
[2025-11-18T04:04:29.727+0000] {logging_mixin.py:188} INFO - [2025-11-18T04:04:29.727+0000] {dag.py:3820} INFO - Setting next_dagrun for 01_demo_basic_dag to 2025-11-18T02:00:00+00:00, run_after=2025-11-18T04:00:00+00:00
[2025-11-18T04:04:29.736+0000] {processor.py:183} INFO - Processing /opt/airflow/dags/01_demo_basic_dag.py took 0.040 seconds
[2025-11-18T04:04:59.936+0000] {processor.py:161} INFO - Started process (PID=208) to work on /opt/airflow/dags/01_demo_basic_dag.py
[2025-11-18T04:04:59.936+0000] {processor.py:830} INFO - Processing file /opt/airflow/dags/01_demo_basic_dag.py for tasks to queue
[2025-11-18T04:04:59.937+0000] {logging_mixin.py:188} INFO - [2025-11-18T04:04:59.937+0000] {dagbag.py:538} INFO - Filling up the DagBag from /opt/airflow/dags/01_demo_basic_dag.py
[2025-11-18T04:04:59.945+0000] {logging_mixin.py:188} WARNING - /home/airflow/.local/lib/python3.10/site-packages/airflow/models/baseoperator.py:437 RemovedInAirflow3Warning: none_failed_or_skipped Trigger Rule is deprecated. Please use `none_failed_min_one_success`.
[2025-11-18T04:04:59.946+0000] {processor.py:840} INFO - DAG(s) '01_demo_basic_dag' retrieved from /opt/airflow/dags/01_demo_basic_dag.py
[2025-11-18T04:04:59.957+0000] {logging_mixin.py:188} INFO - [2025-11-18T04:04:59.957+0000] {dag.py:3033} INFO - Sync 1 DAGs
[2025-11-18T04:04:59.966+0000] {logging_mixin.py:188} INFO - [2025-11-18T04:04:59.966+0000] {dag.py:3820} INFO - Setting next_dagrun for 01_demo_basic_dag to 2025-11-18T02:00:00+00:00, run_after=2025-11-18T04:00:00+00:00
[2025-11-18T04:04:59.974+0000] {processor.py:183} INFO - Processing /opt/airflow/dags/01_demo_basic_dag.py took 0.040 seconds
[2025-11-18T04:05:30.234+0000] {processor.py:161} INFO - Started process (PID=211) to work on /opt/airflow/dags/01_demo_basic_dag.py
[2025-11-18T04:05:30.235+0000] {processor.py:830} INFO - Processing file /opt/airflow/dags/01_demo_basic_dag.py for tasks to queue
[2025-11-18T04:05:30.236+0000] {logging_mixin.py:188} INFO - [2025-11-18T04:05:30.236+0000] {dagbag.py:538} INFO - Filling up the DagBag from /opt/airflow/dags/01_demo_basic_dag.py
[2025-11-18T04:05:30.243+0000] {logging_mixin.py:188} WARNING - /home/airflow/.local/lib/python3.10/site-packages/airflow/models/baseoperator.py:437 RemovedInAirflow3Warning: none_failed_or_skipped Trigger Rule is deprecated. Please use `none_failed_min_one_success`.
[2025-11-18T04:05:30.244+0000] {processor.py:840} INFO - DAG(s) '01_demo_basic_dag' retrieved from /opt/airflow/dags/01_demo_basic_dag.py
[2025-11-18T04:05:30.254+0000] {logging_mixin.py:188} INFO - [2025-11-18T04:05:30.254+0000] {dag.py:3033} INFO - Sync 1 DAGs
[2025-11-18T04:05:30.264+0000] {logging_mixin.py:188} INFO - [2025-11-18T04:05:30.264+0000] {dag.py:3820} INFO - Setting next_dagrun for 01_demo_basic_dag to 2025-11-18T02:00:00+00:00, run_after=2025-11-18T04:00:00+00:00
[2025-11-18T04:05:30.272+0000] {processor.py:183} INFO - Processing /opt/airflow/dags/01_demo_basic_dag.py took 0.039 seconds
[2025-11-18T04:06:00.510+0000] {processor.py:161} INFO - Started process (PID=214) to work on /opt/airflow/dags/01_demo_basic_dag.py
[2025-11-18T04:06:00.511+0000] {processor.py:830} INFO - Processing file /opt/airflow/dags/01_demo_basic_dag.py for tasks to queue
[2025-11-18T04:06:00.512+0000] {logging_mixin.py:188} INFO - [2025-11-18T04:06:00.512+0000] {dagbag.py:538} INFO - Filling up the DagBag from /opt/airflow/dags/01_demo_basic_dag.py
[2025-11-18T04:06:00.520+0000] {logging_mixin.py:188} WARNING - /home/airflow/.local/lib/python3.10/site-packages/airflow/models/baseoperator.py:437 RemovedInAirflow3Warning: none_failed_or_skipped Trigger Rule is deprecated. Please use `none_failed_min_one_success`.
[2025-11-18T04:06:00.522+0000] {processor.py:840} INFO - DAG(s) '01_demo_basic_dag' retrieved from /opt/airflow/dags/01_demo_basic_dag.py
[2025-11-18T04:06:00.537+0000] {logging_mixin.py:188} INFO - [2025-11-18T04:06:00.537+0000] {dag.py:3033} INFO - Sync 1 DAGs
[2025-11-18T04:06:00.553+0000] {logging_mixin.py:188} INFO - [2025-11-18T04:06:00.552+0000] {dag.py:3820} INFO - Setting next_dagrun for 01_demo_basic_dag to 2025-11-18T02:00:00+00:00, run_after=2025-11-18T04:00:00+00:00
[2025-11-18T04:06:00.564+0000] {processor.py:183} INFO - Processing /opt/airflow/dags/01_demo_basic_dag.py took 0.056 seconds
[2025-11-18T04:06:30.818+0000] {processor.py:161} INFO - Started process (PID=217) to work on /opt/airflow/dags/01_demo_basic_dag.py
[2025-11-18T04:06:30.818+0000] {processor.py:830} INFO - Processing file /opt/airflow/dags/01_demo_basic_dag.py for tasks to queue
[2025-11-18T04:06:30.819+0000] {logging_mixin.py:188} INFO - [2025-11-18T04:06:30.819+0000] {dagbag.py:538} INFO - Filling up the DagBag from /opt/airflow/dags/01_demo_basic_dag.py
[2025-11-18T04:06:30.826+0000] {logging_mixin.py:188} WARNING - /home/airflow/.local/lib/python3.10/site-packages/airflow/models/baseoperator.py:437 RemovedInAirflow3Warning: none_failed_or_skipped Trigger Rule is deprecated. Please use `none_failed_min_one_success`.
[2025-11-18T04:06:30.827+0000] {processor.py:840} INFO - DAG(s) '01_demo_basic_dag' retrieved from /opt/airflow/dags/01_demo_basic_dag.py
[2025-11-18T04:06:30.838+0000] {logging_mixin.py:188} INFO - [2025-11-18T04:06:30.837+0000] {dag.py:3033} INFO - Sync 1 DAGs
[2025-11-18T04:06:30.847+0000] {logging_mixin.py:188} INFO - [2025-11-18T04:06:30.847+0000] {dag.py:3820} INFO - Setting next_dagrun for 01_demo_basic_dag to 2025-11-18T02:00:00+00:00, run_after=2025-11-18T04:00:00+00:00
[2025-11-18T04:06:30.855+0000] {processor.py:183} INFO - Processing /opt/airflow/dags/01_demo_basic_dag.py took 0.039 seconds
[2025-11-18T04:07:01.099+0000] {processor.py:161} INFO - Started process (PID=220) to work on /opt/airflow/dags/01_demo_basic_dag.py
[2025-11-18T04:07:01.099+0000] {processor.py:830} INFO - Processing file /opt/airflow/dags/01_demo_basic_dag.py for tasks to queue
[2025-11-18T04:07:01.100+0000] {logging_mixin.py:188} INFO - [2025-11-18T04:07:01.100+0000] {dagbag.py:538} INFO - Filling up the DagBag from /opt/airflow/dags/01_demo_basic_dag.py
[2025-11-18T04:07:01.108+0000] {logging_mixin.py:188} WARNING - /home/airflow/.local/lib/python3.10/site-packages/airflow/models/baseoperator.py:437 RemovedInAirflow3Warning: none_failed_or_skipped Trigger Rule is deprecated. Please use `none_failed_min_one_success`.
[2025-11-18T04:07:01.109+0000] {processor.py:840} INFO - DAG(s) '01_demo_basic_dag' retrieved from /opt/airflow/dags/01_demo_basic_dag.py
[2025-11-18T04:07:01.119+0000] {logging_mixin.py:188} INFO - [2025-11-18T04:07:01.118+0000] {dag.py:3033} INFO - Sync 1 DAGs
[2025-11-18T04:07:01.128+0000] {logging_mixin.py:188} INFO - [2025-11-18T04:07:01.128+0000] {dag.py:3820} INFO - Setting next_dagrun for 01_demo_basic_dag to 2025-11-18T02:00:00+00:00, run_after=2025-11-18T04:00:00+00:00
[2025-11-18T04:07:01.137+0000] {processor.py:183} INFO - Processing /opt/airflow/dags/01_demo_basic_dag.py took 0.039 seconds
[2025-11-18T04:07:31.394+0000] {processor.py:161} INFO - Started process (PID=223) to work on /opt/airflow/dags/01_demo_basic_dag.py
[2025-11-18T04:07:31.395+0000] {processor.py:830} INFO - Processing file /opt/airflow/dags/01_demo_basic_dag.py for tasks to queue
[2025-11-18T04:07:31.396+0000] {logging_mixin.py:188} INFO - [2025-11-18T04:07:31.396+0000] {dagbag.py:538} INFO - Filling up the DagBag from /opt/airflow/dags/01_demo_basic_dag.py
[2025-11-18T04:07:31.405+0000] {logging_mixin.py:188} WARNING - /home/airflow/.local/lib/python3.10/site-packages/airflow/models/baseoperator.py:437 RemovedInAirflow3Warning: none_failed_or_skipped Trigger Rule is deprecated. Please use `none_failed_min_one_success`.
[2025-11-18T04:07:31.406+0000] {processor.py:840} INFO - DAG(s) '01_demo_basic_dag' retrieved from /opt/airflow/dags/01_demo_basic_dag.py
[2025-11-18T04:07:31.419+0000] {logging_mixin.py:188} INFO - [2025-11-18T04:07:31.419+0000] {dag.py:3033} INFO - Sync 1 DAGs
[2025-11-18T04:07:31.431+0000] {logging_mixin.py:188} INFO - [2025-11-18T04:07:31.431+0000] {dag.py:3820} INFO - Setting next_dagrun for 01_demo_basic_dag to 2025-11-18T02:00:00+00:00, run_after=2025-11-18T04:00:00+00:00
[2025-11-18T04:07:31.441+0000] {processor.py:183} INFO - Processing /opt/airflow/dags/01_demo_basic_dag.py took 0.048 seconds
[2025-11-18T04:08:01.682+0000] {processor.py:161} INFO - Started process (PID=226) to work on /opt/airflow/dags/01_demo_basic_dag.py
[2025-11-18T04:08:01.683+0000] {processor.py:830} INFO - Processing file /opt/airflow/dags/01_demo_basic_dag.py for tasks to queue
[2025-11-18T04:08:01.684+0000] {logging_mixin.py:188} INFO - [2025-11-18T04:08:01.684+0000] {dagbag.py:538} INFO - Filling up the DagBag from /opt/airflow/dags/01_demo_basic_dag.py
[2025-11-18T04:08:01.693+0000] {logging_mixin.py:188} WARNING - /home/airflow/.local/lib/python3.10/site-packages/airflow/models/baseoperator.py:437 RemovedInAirflow3Warning: none_failed_or_skipped Trigger Rule is deprecated. Please use `none_failed_min_one_success`.
[2025-11-18T04:08:01.695+0000] {processor.py:840} INFO - DAG(s) '01_demo_basic_dag' retrieved from /opt/airflow/dags/01_demo_basic_dag.py
[2025-11-18T04:08:01.708+0000] {logging_mixin.py:188} INFO - [2025-11-18T04:08:01.708+0000] {dag.py:3033} INFO - Sync 1 DAGs
[2025-11-18T04:08:01.719+0000] {logging_mixin.py:188} INFO - [2025-11-18T04:08:01.719+0000] {dag.py:3820} INFO - Setting next_dagrun for 01_demo_basic_dag to 2025-11-18T02:00:00+00:00, run_after=2025-11-18T04:00:00+00:00
[2025-11-18T04:08:01.728+0000] {processor.py:183} INFO - Processing /opt/airflow/dags/01_demo_basic_dag.py took 0.048 seconds
[2025-11-18T04:08:31.975+0000] {processor.py:161} INFO - Started process (PID=229) to work on /opt/airflow/dags/01_demo_basic_dag.py
[2025-11-18T04:08:31.976+0000] {processor.py:830} INFO - Processing file /opt/airflow/dags/01_demo_basic_dag.py for tasks to queue
[2025-11-18T04:08:31.977+0000] {logging_mixin.py:188} INFO - [2025-11-18T04:08:31.977+0000] {dagbag.py:538} INFO - Filling up the DagBag from /opt/airflow/dags/01_demo_basic_dag.py
[2025-11-18T04:08:31.984+0000] {logging_mixin.py:188} WARNING - /home/airflow/.local/lib/python3.10/site-packages/airflow/models/baseoperator.py:437 RemovedInAirflow3Warning: none_failed_or_skipped Trigger Rule is deprecated. Please use `none_failed_min_one_success`.
[2025-11-18T04:08:31.985+0000] {processor.py:840} INFO - DAG(s) '01_demo_basic_dag' retrieved from /opt/airflow/dags/01_demo_basic_dag.py
[2025-11-18T04:08:31.995+0000] {logging_mixin.py:188} INFO - [2025-11-18T04:08:31.995+0000] {dag.py:3033} INFO - Sync 1 DAGs
[2025-11-18T04:08:32.005+0000] {logging_mixin.py:188} INFO - [2025-11-18T04:08:32.005+0000] {dag.py:3820} INFO - Setting next_dagrun for 01_demo_basic_dag to 2025-11-18T02:00:00+00:00, run_after=2025-11-18T04:00:00+00:00
[2025-11-18T04:08:32.011+0000] {processor.py:183} INFO - Processing /opt/airflow/dags/01_demo_basic_dag.py took 0.038 seconds
[2025-11-18T04:09:02.248+0000] {processor.py:161} INFO - Started process (PID=232) to work on /opt/airflow/dags/01_demo_basic_dag.py
[2025-11-18T04:09:02.248+0000] {processor.py:830} INFO - Processing file /opt/airflow/dags/01_demo_basic_dag.py for tasks to queue
[2025-11-18T04:09:02.249+0000] {logging_mixin.py:188} INFO - [2025-11-18T04:09:02.249+0000] {dagbag.py:538} INFO - Filling up the DagBag from /opt/airflow/dags/01_demo_basic_dag.py
[2025-11-18T04:09:02.256+0000] {logging_mixin.py:188} WARNING - /home/airflow/.local/lib/python3.10/site-packages/airflow/models/baseoperator.py:437 RemovedInAirflow3Warning: none_failed_or_skipped Trigger Rule is deprecated. Please use `none_failed_min_one_success`.
[2025-11-18T04:09:02.258+0000] {processor.py:840} INFO - DAG(s) '01_demo_basic_dag' retrieved from /opt/airflow/dags/01_demo_basic_dag.py
[2025-11-18T04:09:02.268+0000] {logging_mixin.py:188} INFO - [2025-11-18T04:09:02.268+0000] {dag.py:3033} INFO - Sync 1 DAGs
[2025-11-18T04:09:02.278+0000] {logging_mixin.py:188} INFO - [2025-11-18T04:09:02.278+0000] {dag.py:3820} INFO - Setting next_dagrun for 01_demo_basic_dag to 2025-11-18T02:00:00+00:00, run_after=2025-11-18T04:00:00+00:00
[2025-11-18T04:09:02.285+0000] {processor.py:183} INFO - Processing /opt/airflow/dags/01_demo_basic_dag.py took 0.039 seconds
[2025-11-18T04:09:32.519+0000] {processor.py:161} INFO - Started process (PID=235) to work on /opt/airflow/dags/01_demo_basic_dag.py
[2025-11-18T04:09:32.520+0000] {processor.py:830} INFO - Processing file /opt/airflow/dags/01_demo_basic_dag.py for tasks to queue
[2025-11-18T04:09:32.520+0000] {logging_mixin.py:188} INFO - [2025-11-18T04:09:32.520+0000] {dagbag.py:538} INFO - Filling up the DagBag from /opt/airflow/dags/01_demo_basic_dag.py
[2025-11-18T04:09:32.528+0000] {logging_mixin.py:188} WARNING - /home/airflow/.local/lib/python3.10/site-packages/airflow/models/baseoperator.py:437 RemovedInAirflow3Warning: none_failed_or_skipped Trigger Rule is deprecated. Please use `none_failed_min_one_success`.
[2025-11-18T04:09:32.529+0000] {processor.py:840} INFO - DAG(s) '01_demo_basic_dag' retrieved from /opt/airflow/dags/01_demo_basic_dag.py
[2025-11-18T04:09:32.540+0000] {logging_mixin.py:188} INFO - [2025-11-18T04:09:32.540+0000] {dag.py:3033} INFO - Sync 1 DAGs
[2025-11-18T04:09:32.551+0000] {logging_mixin.py:188} INFO - [2025-11-18T04:09:32.551+0000] {dag.py:3820} INFO - Setting next_dagrun for 01_demo_basic_dag to 2025-11-18T02:00:00+00:00, run_after=2025-11-18T04:00:00+00:00
[2025-11-18T04:09:32.559+0000] {processor.py:183} INFO - Processing /opt/airflow/dags/01_demo_basic_dag.py took 0.042 seconds
[2025-11-18T04:10:02.778+0000] {processor.py:161} INFO - Started process (PID=238) to work on /opt/airflow/dags/01_demo_basic_dag.py
[2025-11-18T04:10:02.778+0000] {processor.py:830} INFO - Processing file /opt/airflow/dags/01_demo_basic_dag.py for tasks to queue
[2025-11-18T04:10:02.779+0000] {logging_mixin.py:188} INFO - [2025-11-18T04:10:02.779+0000] {dagbag.py:538} INFO - Filling up the DagBag from /opt/airflow/dags/01_demo_basic_dag.py
[2025-11-18T04:10:02.787+0000] {logging_mixin.py:188} WARNING - /home/airflow/.local/lib/python3.10/site-packages/airflow/models/baseoperator.py:437 RemovedInAirflow3Warning: none_failed_or_skipped Trigger Rule is deprecated. Please use `none_failed_min_one_success`.
[2025-11-18T04:10:02.788+0000] {processor.py:840} INFO - DAG(s) '01_demo_basic_dag' retrieved from /opt/airflow/dags/01_demo_basic_dag.py
[2025-11-18T04:10:02.799+0000] {logging_mixin.py:188} INFO - [2025-11-18T04:10:02.799+0000] {dag.py:3033} INFO - Sync 1 DAGs
[2025-11-18T04:10:02.808+0000] {logging_mixin.py:188} INFO - [2025-11-18T04:10:02.807+0000] {dag.py:3820} INFO - Setting next_dagrun for 01_demo_basic_dag to 2025-11-18T02:00:00+00:00, run_after=2025-11-18T04:00:00+00:00
[2025-11-18T04:10:02.815+0000] {processor.py:183} INFO - Processing /opt/airflow/dags/01_demo_basic_dag.py took 0.039 seconds
[2025-11-18T04:10:33.085+0000] {processor.py:161} INFO - Started process (PID=241) to work on /opt/airflow/dags/01_demo_basic_dag.py
[2025-11-18T04:10:33.085+0000] {processor.py:830} INFO - Processing file /opt/airflow/dags/01_demo_basic_dag.py for tasks to queue
[2025-11-18T04:10:33.086+0000] {logging_mixin.py:188} INFO - [2025-11-18T04:10:33.086+0000] {dagbag.py:538} INFO - Filling up the DagBag from /opt/airflow/dags/01_demo_basic_dag.py
[2025-11-18T04:10:33.094+0000] {logging_mixin.py:188} WARNING - /home/airflow/.local/lib/python3.10/site-packages/airflow/models/baseoperator.py:437 RemovedInAirflow3Warning: none_failed_or_skipped Trigger Rule is deprecated. Please use `none_failed_min_one_success`.
[2025-11-18T04:10:33.095+0000] {processor.py:840} INFO - DAG(s) '01_demo_basic_dag' retrieved from /opt/airflow/dags/01_demo_basic_dag.py
[2025-11-18T04:10:33.106+0000] {logging_mixin.py:188} INFO - [2025-11-18T04:10:33.105+0000] {dag.py:3033} INFO - Sync 1 DAGs
[2025-11-18T04:10:33.115+0000] {logging_mixin.py:188} INFO - [2025-11-18T04:10:33.115+0000] {dag.py:3820} INFO - Setting next_dagrun for 01_demo_basic_dag to 2025-11-18T02:00:00+00:00, run_after=2025-11-18T04:00:00+00:00
[2025-11-18T04:10:33.123+0000] {processor.py:183} INFO - Processing /opt/airflow/dags/01_demo_basic_dag.py took 0.040 seconds
[2025-11-18T04:11:03.389+0000] {processor.py:161} INFO - Started process (PID=244) to work on /opt/airflow/dags/01_demo_basic_dag.py
[2025-11-18T04:11:03.389+0000] {processor.py:830} INFO - Processing file /opt/airflow/dags/01_demo_basic_dag.py for tasks to queue
[2025-11-18T04:11:03.390+0000] {logging_mixin.py:188} INFO - [2025-11-18T04:11:03.390+0000] {dagbag.py:538} INFO - Filling up the DagBag from /opt/airflow/dags/01_demo_basic_dag.py
[2025-11-18T04:11:03.397+0000] {logging_mixin.py:188} WARNING - /home/airflow/.local/lib/python3.10/site-packages/airflow/models/baseoperator.py:437 RemovedInAirflow3Warning: none_failed_or_skipped Trigger Rule is deprecated. Please use `none_failed_min_one_success`.
[2025-11-18T04:11:03.399+0000] {processor.py:840} INFO - DAG(s) '01_demo_basic_dag' retrieved from /opt/airflow/dags/01_demo_basic_dag.py
[2025-11-18T04:11:03.410+0000] {logging_mixin.py:188} INFO - [2025-11-18T04:11:03.410+0000] {dag.py:3033} INFO - Sync 1 DAGs
[2025-11-18T04:11:03.421+0000] {logging_mixin.py:188} INFO - [2025-11-18T04:11:03.421+0000] {dag.py:3820} INFO - Setting next_dagrun for 01_demo_basic_dag to 2025-11-18T02:00:00+00:00, run_after=2025-11-18T04:00:00+00:00
[2025-11-18T04:11:03.429+0000] {processor.py:183} INFO - Processing /opt/airflow/dags/01_demo_basic_dag.py took 0.042 seconds
[2025-11-18T04:11:33.678+0000] {processor.py:161} INFO - Started process (PID=247) to work on /opt/airflow/dags/01_demo_basic_dag.py
[2025-11-18T04:11:33.678+0000] {processor.py:830} INFO - Processing file /opt/airflow/dags/01_demo_basic_dag.py for tasks to queue
[2025-11-18T04:11:33.679+0000] {logging_mixin.py:188} INFO - [2025-11-18T04:11:33.679+0000] {dagbag.py:538} INFO - Filling up the DagBag from /opt/airflow/dags/01_demo_basic_dag.py
[2025-11-18T04:11:33.687+0000] {logging_mixin.py:188} WARNING - /home/airflow/.local/lib/python3.10/site-packages/airflow/models/baseoperator.py:437 RemovedInAirflow3Warning: none_failed_or_skipped Trigger Rule is deprecated. Please use `none_failed_min_one_success`.
[2025-11-18T04:11:33.688+0000] {processor.py:840} INFO - DAG(s) '01_demo_basic_dag' retrieved from /opt/airflow/dags/01_demo_basic_dag.py
[2025-11-18T04:11:33.700+0000] {logging_mixin.py:188} INFO - [2025-11-18T04:11:33.699+0000] {dag.py:3033} INFO - Sync 1 DAGs
[2025-11-18T04:11:33.710+0000] {logging_mixin.py:188} INFO - [2025-11-18T04:11:33.710+0000] {dag.py:3820} INFO - Setting next_dagrun for 01_demo_basic_dag to 2025-11-18T02:00:00+00:00, run_after=2025-11-18T04:00:00+00:00
[2025-11-18T04:11:33.718+0000] {processor.py:183} INFO - Processing /opt/airflow/dags/01_demo_basic_dag.py took 0.042 seconds
[2025-11-18T04:12:03.943+0000] {processor.py:161} INFO - Started process (PID=250) to work on /opt/airflow/dags/01_demo_basic_dag.py
[2025-11-18T04:12:03.944+0000] {processor.py:830} INFO - Processing file /opt/airflow/dags/01_demo_basic_dag.py for tasks to queue
[2025-11-18T04:12:03.946+0000] {logging_mixin.py:188} INFO - [2025-11-18T04:12:03.945+0000] {dagbag.py:538} INFO - Filling up the DagBag from /opt/airflow/dags/01_demo_basic_dag.py
[2025-11-18T04:12:03.955+0000] {logging_mixin.py:188} WARNING - /home/airflow/.local/lib/python3.10/site-packages/airflow/models/baseoperator.py:437 RemovedInAirflow3Warning: none_failed_or_skipped Trigger Rule is deprecated. Please use `none_failed_min_one_success`.
[2025-11-18T04:12:03.957+0000] {processor.py:840} INFO - DAG(s) '01_demo_basic_dag' retrieved from /opt/airflow/dags/01_demo_basic_dag.py
[2025-11-18T04:12:03.971+0000] {logging_mixin.py:188} INFO - [2025-11-18T04:12:03.971+0000] {dag.py:3033} INFO - Sync 1 DAGs
[2025-11-18T04:12:03.983+0000] {logging_mixin.py:188} INFO - [2025-11-18T04:12:03.983+0000] {dag.py:3820} INFO - Setting next_dagrun for 01_demo_basic_dag to 2025-11-18T02:00:00+00:00, run_after=2025-11-18T04:00:00+00:00
[2025-11-18T04:12:03.993+0000] {processor.py:183} INFO - Processing /opt/airflow/dags/01_demo_basic_dag.py took 0.052 seconds
[2025-11-18T04:12:34.205+0000] {processor.py:161} INFO - Started process (PID=253) to work on /opt/airflow/dags/01_demo_basic_dag.py
[2025-11-18T04:12:34.206+0000] {processor.py:830} INFO - Processing file /opt/airflow/dags/01_demo_basic_dag.py for tasks to queue
[2025-11-18T04:12:34.207+0000] {logging_mixin.py:188} INFO - [2025-11-18T04:12:34.207+0000] {dagbag.py:538} INFO - Filling up the DagBag from /opt/airflow/dags/01_demo_basic_dag.py
[2025-11-18T04:12:34.215+0000] {logging_mixin.py:188} WARNING - /home/airflow/.local/lib/python3.10/site-packages/airflow/models/baseoperator.py:437 RemovedInAirflow3Warning: none_failed_or_skipped Trigger Rule is deprecated. Please use `none_failed_min_one_success`.
[2025-11-18T04:12:34.217+0000] {processor.py:840} INFO - DAG(s) '01_demo_basic_dag' retrieved from /opt/airflow/dags/01_demo_basic_dag.py
[2025-11-18T04:12:34.231+0000] {logging_mixin.py:188} INFO - [2025-11-18T04:12:34.231+0000] {dag.py:3033} INFO - Sync 1 DAGs
[2025-11-18T04:12:34.243+0000] {logging_mixin.py:188} INFO - [2025-11-18T04:12:34.243+0000] {dag.py:3820} INFO - Setting next_dagrun for 01_demo_basic_dag to 2025-11-18T02:00:00+00:00, run_after=2025-11-18T04:00:00+00:00
[2025-11-18T04:12:34.253+0000] {processor.py:183} INFO - Processing /opt/airflow/dags/01_demo_basic_dag.py took 0.050 seconds
[2025-11-18T04:13:04.471+0000] {processor.py:161} INFO - Started process (PID=256) to work on /opt/airflow/dags/01_demo_basic_dag.py
[2025-11-18T04:13:04.472+0000] {processor.py:830} INFO - Processing file /opt/airflow/dags/01_demo_basic_dag.py for tasks to queue
[2025-11-18T04:13:04.473+0000] {logging_mixin.py:188} INFO - [2025-11-18T04:13:04.473+0000] {dagbag.py:538} INFO - Filling up the DagBag from /opt/airflow/dags/01_demo_basic_dag.py
[2025-11-18T04:13:04.483+0000] {logging_mixin.py:188} WARNING - /home/airflow/.local/lib/python3.10/site-packages/airflow/models/baseoperator.py:437 RemovedInAirflow3Warning: none_failed_or_skipped Trigger Rule is deprecated. Please use `none_failed_min_one_success`.
[2025-11-18T04:13:04.485+0000] {processor.py:840} INFO - DAG(s) '01_demo_basic_dag' retrieved from /opt/airflow/dags/01_demo_basic_dag.py
[2025-11-18T04:13:04.496+0000] {logging_mixin.py:188} INFO - [2025-11-18T04:13:04.496+0000] {dag.py:3033} INFO - Sync 1 DAGs
[2025-11-18T04:13:04.506+0000] {logging_mixin.py:188} INFO - [2025-11-18T04:13:04.506+0000] {dag.py:3820} INFO - Setting next_dagrun for 01_demo_basic_dag to 2025-11-18T02:00:00+00:00, run_after=2025-11-18T04:00:00+00:00
[2025-11-18T04:13:04.515+0000] {processor.py:183} INFO - Processing /opt/airflow/dags/01_demo_basic_dag.py took 0.045 seconds
[2025-11-18T04:13:34.755+0000] {processor.py:161} INFO - Started process (PID=259) to work on /opt/airflow/dags/01_demo_basic_dag.py
[2025-11-18T04:13:34.755+0000] {processor.py:830} INFO - Processing file /opt/airflow/dags/01_demo_basic_dag.py for tasks to queue
[2025-11-18T04:13:34.756+0000] {logging_mixin.py:188} INFO - [2025-11-18T04:13:34.756+0000] {dagbag.py:538} INFO - Filling up the DagBag from /opt/airflow/dags/01_demo_basic_dag.py
[2025-11-18T04:13:34.764+0000] {logging_mixin.py:188} WARNING - /home/airflow/.local/lib/python3.10/site-packages/airflow/models/baseoperator.py:437 RemovedInAirflow3Warning: none_failed_or_skipped Trigger Rule is deprecated. Please use `none_failed_min_one_success`.
[2025-11-18T04:13:34.765+0000] {processor.py:840} INFO - DAG(s) '01_demo_basic_dag' retrieved from /opt/airflow/dags/01_demo_basic_dag.py
[2025-11-18T04:13:34.777+0000] {logging_mixin.py:188} INFO - [2025-11-18T04:13:34.777+0000] {dag.py:3033} INFO - Sync 1 DAGs
[2025-11-18T04:13:34.789+0000] {logging_mixin.py:188} INFO - [2025-11-18T04:13:34.789+0000] {dag.py:3820} INFO - Setting next_dagrun for 01_demo_basic_dag to 2025-11-18T02:00:00+00:00, run_after=2025-11-18T04:00:00+00:00
[2025-11-18T04:13:34.799+0000] {processor.py:183} INFO - Processing /opt/airflow/dags/01_demo_basic_dag.py took 0.046 seconds
[2025-11-18T04:14:05.064+0000] {processor.py:161} INFO - Started process (PID=262) to work on /opt/airflow/dags/01_demo_basic_dag.py
[2025-11-18T04:14:05.064+0000] {processor.py:830} INFO - Processing file /opt/airflow/dags/01_demo_basic_dag.py for tasks to queue
[2025-11-18T04:14:05.065+0000] {logging_mixin.py:188} INFO - [2025-11-18T04:14:05.065+0000] {dagbag.py:538} INFO - Filling up the DagBag from /opt/airflow/dags/01_demo_basic_dag.py
[2025-11-18T04:14:05.074+0000] {logging_mixin.py:188} WARNING - /home/airflow/.local/lib/python3.10/site-packages/airflow/models/baseoperator.py:437 RemovedInAirflow3Warning: none_failed_or_skipped Trigger Rule is deprecated. Please use `none_failed_min_one_success`.
[2025-11-18T04:14:05.076+0000] {processor.py:840} INFO - DAG(s) '01_demo_basic_dag' retrieved from /opt/airflow/dags/01_demo_basic_dag.py
[2025-11-18T04:14:05.089+0000] {logging_mixin.py:188} INFO - [2025-11-18T04:14:05.089+0000] {dag.py:3033} INFO - Sync 1 DAGs
[2025-11-18T04:14:05.101+0000] {logging_mixin.py:188} INFO - [2025-11-18T04:14:05.101+0000] {dag.py:3820} INFO - Setting next_dagrun for 01_demo_basic_dag to 2025-11-18T02:00:00+00:00, run_after=2025-11-18T04:00:00+00:00
[2025-11-18T04:14:05.111+0000] {processor.py:183} INFO - Processing /opt/airflow/dags/01_demo_basic_dag.py took 0.048 seconds
[2025-11-18T04:14:35.360+0000] {processor.py:161} INFO - Started process (PID=265) to work on /opt/airflow/dags/01_demo_basic_dag.py
[2025-11-18T04:14:35.361+0000] {processor.py:830} INFO - Processing file /opt/airflow/dags/01_demo_basic_dag.py for tasks to queue
[2025-11-18T04:14:35.362+0000] {logging_mixin.py:188} INFO - [2025-11-18T04:14:35.362+0000] {dagbag.py:538} INFO - Filling up the DagBag from /opt/airflow/dags/01_demo_basic_dag.py
[2025-11-18T04:14:35.371+0000] {logging_mixin.py:188} WARNING - /home/airflow/.local/lib/python3.10/site-packages/airflow/models/baseoperator.py:437 RemovedInAirflow3Warning: none_failed_or_skipped Trigger Rule is deprecated. Please use `none_failed_min_one_success`.
[2025-11-18T04:14:35.373+0000] {processor.py:840} INFO - DAG(s) '01_demo_basic_dag' retrieved from /opt/airflow/dags/01_demo_basic_dag.py
[2025-11-18T04:14:35.384+0000] {logging_mixin.py:188} INFO - [2025-11-18T04:14:35.384+0000] {dag.py:3033} INFO - Sync 1 DAGs
[2025-11-18T04:14:35.395+0000] {logging_mixin.py:188} INFO - [2025-11-18T04:14:35.395+0000] {dag.py:3820} INFO - Setting next_dagrun for 01_demo_basic_dag to 2025-11-18T02:00:00+00:00, run_after=2025-11-18T04:00:00+00:00
[2025-11-18T04:14:35.403+0000] {processor.py:183} INFO - Processing /opt/airflow/dags/01_demo_basic_dag.py took 0.044 seconds
[2025-11-18T04:15:05.640+0000] {processor.py:161} INFO - Started process (PID=268) to work on /opt/airflow/dags/01_demo_basic_dag.py
[2025-11-18T04:15:05.641+0000] {processor.py:830} INFO - Processing file /opt/airflow/dags/01_demo_basic_dag.py for tasks to queue
[2025-11-18T04:15:05.643+0000] {logging_mixin.py:188} INFO - [2025-11-18T04:15:05.643+0000] {dagbag.py:538} INFO - Filling up the DagBag from /opt/airflow/dags/01_demo_basic_dag.py
[2025-11-18T04:15:05.653+0000] {logging_mixin.py:188} WARNING - /home/airflow/.local/lib/python3.10/site-packages/airflow/models/baseoperator.py:437 RemovedInAirflow3Warning: none_failed_or_skipped Trigger Rule is deprecated. Please use `none_failed_min_one_success`.
[2025-11-18T04:15:05.655+0000] {processor.py:840} INFO - DAG(s) '01_demo_basic_dag' retrieved from /opt/airflow/dags/01_demo_basic_dag.py
[2025-11-18T04:15:05.668+0000] {logging_mixin.py:188} INFO - [2025-11-18T04:15:05.668+0000] {dag.py:3033} INFO - Sync 1 DAGs
[2025-11-18T04:15:05.681+0000] {logging_mixin.py:188} INFO - [2025-11-18T04:15:05.681+0000] {dag.py:3820} INFO - Setting next_dagrun for 01_demo_basic_dag to 2025-11-18T02:00:00+00:00, run_after=2025-11-18T04:00:00+00:00
[2025-11-18T04:15:05.691+0000] {processor.py:183} INFO - Processing /opt/airflow/dags/01_demo_basic_dag.py took 0.053 seconds
[2025-11-18T04:15:35.915+0000] {processor.py:161} INFO - Started process (PID=271) to work on /opt/airflow/dags/01_demo_basic_dag.py
[2025-11-18T04:15:35.916+0000] {processor.py:830} INFO - Processing file /opt/airflow/dags/01_demo_basic_dag.py for tasks to queue
[2025-11-18T04:15:35.917+0000] {logging_mixin.py:188} INFO - [2025-11-18T04:15:35.917+0000] {dagbag.py:538} INFO - Filling up the DagBag from /opt/airflow/dags/01_demo_basic_dag.py
[2025-11-18T04:15:35.926+0000] {logging_mixin.py:188} WARNING - /home/airflow/.local/lib/python3.10/site-packages/airflow/models/baseoperator.py:437 RemovedInAirflow3Warning: none_failed_or_skipped Trigger Rule is deprecated. Please use `none_failed_min_one_success`.
[2025-11-18T04:15:35.928+0000] {processor.py:840} INFO - DAG(s) '01_demo_basic_dag' retrieved from /opt/airflow/dags/01_demo_basic_dag.py
[2025-11-18T04:15:35.940+0000] {logging_mixin.py:188} INFO - [2025-11-18T04:15:35.940+0000] {dag.py:3033} INFO - Sync 1 DAGs
[2025-11-18T04:15:35.953+0000] {logging_mixin.py:188} INFO - [2025-11-18T04:15:35.952+0000] {dag.py:3820} INFO - Setting next_dagrun for 01_demo_basic_dag to 2025-11-18T02:00:00+00:00, run_after=2025-11-18T04:00:00+00:00
[2025-11-18T04:15:35.961+0000] {processor.py:183} INFO - Processing /opt/airflow/dags/01_demo_basic_dag.py took 0.048 seconds
[2025-11-18T04:16:06.214+0000] {processor.py:161} INFO - Started process (PID=274) to work on /opt/airflow/dags/01_demo_basic_dag.py
[2025-11-18T04:16:06.215+0000] {processor.py:830} INFO - Processing file /opt/airflow/dags/01_demo_basic_dag.py for tasks to queue
[2025-11-18T04:16:06.216+0000] {logging_mixin.py:188} INFO - [2025-11-18T04:16:06.215+0000] {dagbag.py:538} INFO - Filling up the DagBag from /opt/airflow/dags/01_demo_basic_dag.py
[2025-11-18T04:16:06.223+0000] {logging_mixin.py:188} WARNING - /home/airflow/.local/lib/python3.10/site-packages/airflow/models/baseoperator.py:437 RemovedInAirflow3Warning: none_failed_or_skipped Trigger Rule is deprecated. Please use `none_failed_min_one_success`.
[2025-11-18T04:16:06.224+0000] {processor.py:840} INFO - DAG(s) '01_demo_basic_dag' retrieved from /opt/airflow/dags/01_demo_basic_dag.py
[2025-11-18T04:16:06.236+0000] {logging_mixin.py:188} INFO - [2025-11-18T04:16:06.235+0000] {dag.py:3033} INFO - Sync 1 DAGs
[2025-11-18T04:16:06.245+0000] {logging_mixin.py:188} INFO - [2025-11-18T04:16:06.245+0000] {dag.py:3820} INFO - Setting next_dagrun for 01_demo_basic_dag to 2025-11-18T02:00:00+00:00, run_after=2025-11-18T04:00:00+00:00
[2025-11-18T04:16:06.252+0000] {processor.py:183} INFO - Processing /opt/airflow/dags/01_demo_basic_dag.py took 0.040 seconds
[2025-11-18T04:16:36.510+0000] {processor.py:161} INFO - Started process (PID=277) to work on /opt/airflow/dags/01_demo_basic_dag.py
[2025-11-18T04:16:36.510+0000] {processor.py:830} INFO - Processing file /opt/airflow/dags/01_demo_basic_dag.py for tasks to queue
[2025-11-18T04:16:36.511+0000] {logging_mixin.py:188} INFO - [2025-11-18T04:16:36.511+0000] {dagbag.py:538} INFO - Filling up the DagBag from /opt/airflow/dags/01_demo_basic_dag.py
[2025-11-18T04:16:36.525+0000] {logging_mixin.py:188} WARNING - /home/airflow/.local/lib/python3.10/site-packages/airflow/models/baseoperator.py:437 RemovedInAirflow3Warning: none_failed_or_skipped Trigger Rule is deprecated. Please use `none_failed_min_one_success`.
[2025-11-18T04:16:36.528+0000] {processor.py:840} INFO - DAG(s) '01_demo_basic_dag' retrieved from /opt/airflow/dags/01_demo_basic_dag.py
[2025-11-18T04:16:36.548+0000] {logging_mixin.py:188} INFO - [2025-11-18T04:16:36.547+0000] {dag.py:3033} INFO - Sync 1 DAGs
[2025-11-18T04:16:36.564+0000] {logging_mixin.py:188} INFO - [2025-11-18T04:16:36.564+0000] {dag.py:3820} INFO - Setting next_dagrun for 01_demo_basic_dag to 2025-11-18T02:00:00+00:00, run_after=2025-11-18T04:00:00+00:00
[2025-11-18T04:16:36.579+0000] {processor.py:183} INFO - Processing /opt/airflow/dags/01_demo_basic_dag.py took 0.071 seconds
[2025-11-18T04:17:06.827+0000] {processor.py:161} INFO - Started process (PID=280) to work on /opt/airflow/dags/01_demo_basic_dag.py
[2025-11-18T04:17:06.827+0000] {processor.py:830} INFO - Processing file /opt/airflow/dags/01_demo_basic_dag.py for tasks to queue
[2025-11-18T04:17:06.829+0000] {logging_mixin.py:188} INFO - [2025-11-18T04:17:06.829+0000] {dagbag.py:538} INFO - Filling up the DagBag from /opt/airflow/dags/01_demo_basic_dag.py
[2025-11-18T04:17:06.836+0000] {logging_mixin.py:188} WARNING - /home/airflow/.local/lib/python3.10/site-packages/airflow/models/baseoperator.py:437 RemovedInAirflow3Warning: none_failed_or_skipped Trigger Rule is deprecated. Please use `none_failed_min_one_success`.
[2025-11-18T04:17:06.838+0000] {processor.py:840} INFO - DAG(s) '01_demo_basic_dag' retrieved from /opt/airflow/dags/01_demo_basic_dag.py
[2025-11-18T04:17:06.852+0000] {logging_mixin.py:188} INFO - [2025-11-18T04:17:06.851+0000] {dag.py:3033} INFO - Sync 1 DAGs
[2025-11-18T04:17:06.863+0000] {logging_mixin.py:188} INFO - [2025-11-18T04:17:06.863+0000] {dag.py:3820} INFO - Setting next_dagrun for 01_demo_basic_dag to 2025-11-18T02:00:00+00:00, run_after=2025-11-18T04:00:00+00:00
[2025-11-18T04:17:06.871+0000] {processor.py:183} INFO - Processing /opt/airflow/dags/01_demo_basic_dag.py took 0.047 seconds
[2025-11-18T04:17:37.109+0000] {processor.py:161} INFO - Started process (PID=283) to work on /opt/airflow/dags/01_demo_basic_dag.py
[2025-11-18T04:17:37.110+0000] {processor.py:830} INFO - Processing file /opt/airflow/dags/01_demo_basic_dag.py for tasks to queue
[2025-11-18T04:17:37.111+0000] {logging_mixin.py:188} INFO - [2025-11-18T04:17:37.111+0000] {dagbag.py:538} INFO - Filling up the DagBag from /opt/airflow/dags/01_demo_basic_dag.py
[2025-11-18T04:17:37.119+0000] {logging_mixin.py:188} WARNING - /home/airflow/.local/lib/python3.10/site-packages/airflow/models/baseoperator.py:437 RemovedInAirflow3Warning: none_failed_or_skipped Trigger Rule is deprecated. Please use `none_failed_min_one_success`.
[2025-11-18T04:17:37.121+0000] {processor.py:840} INFO - DAG(s) '01_demo_basic_dag' retrieved from /opt/airflow/dags/01_demo_basic_dag.py
[2025-11-18T04:17:37.134+0000] {logging_mixin.py:188} INFO - [2025-11-18T04:17:37.134+0000] {dag.py:3033} INFO - Sync 1 DAGs
[2025-11-18T04:17:37.147+0000] {logging_mixin.py:188} INFO - [2025-11-18T04:17:37.147+0000] {dag.py:3820} INFO - Setting next_dagrun for 01_demo_basic_dag to 2025-11-18T02:00:00+00:00, run_after=2025-11-18T04:00:00+00:00
[2025-11-18T04:17:37.156+0000] {processor.py:183} INFO - Processing /opt/airflow/dags/01_demo_basic_dag.py took 0.049 seconds
[2025-11-18T04:18:07.391+0000] {processor.py:161} INFO - Started process (PID=286) to work on /opt/airflow/dags/01_demo_basic_dag.py
[2025-11-18T04:18:07.392+0000] {processor.py:830} INFO - Processing file /opt/airflow/dags/01_demo_basic_dag.py for tasks to queue
[2025-11-18T04:18:07.393+0000] {logging_mixin.py:188} INFO - [2025-11-18T04:18:07.393+0000] {dagbag.py:538} INFO - Filling up the DagBag from /opt/airflow/dags/01_demo_basic_dag.py
[2025-11-18T04:18:07.400+0000] {logging_mixin.py:188} WARNING - /home/airflow/.local/lib/python3.10/site-packages/airflow/models/baseoperator.py:437 RemovedInAirflow3Warning: none_failed_or_skipped Trigger Rule is deprecated. Please use `none_failed_min_one_success`.
[2025-11-18T04:18:07.401+0000] {processor.py:840} INFO - DAG(s) '01_demo_basic_dag' retrieved from /opt/airflow/dags/01_demo_basic_dag.py
[2025-11-18T04:18:07.412+0000] {logging_mixin.py:188} INFO - [2025-11-18T04:18:07.411+0000] {dag.py:3033} INFO - Sync 1 DAGs
[2025-11-18T04:18:07.421+0000] {logging_mixin.py:188} INFO - [2025-11-18T04:18:07.421+0000] {dag.py:3820} INFO - Setting next_dagrun for 01_demo_basic_dag to 2025-11-18T02:00:00+00:00, run_after=2025-11-18T04:00:00+00:00
[2025-11-18T04:18:07.428+0000] {processor.py:183} INFO - Processing /opt/airflow/dags/01_demo_basic_dag.py took 0.039 seconds
[2025-11-18T04:18:37.654+0000] {processor.py:161} INFO - Started process (PID=289) to work on /opt/airflow/dags/01_demo_basic_dag.py
[2025-11-18T04:18:37.655+0000] {processor.py:830} INFO - Processing file /opt/airflow/dags/01_demo_basic_dag.py for tasks to queue
[2025-11-18T04:18:37.656+0000] {logging_mixin.py:188} INFO - [2025-11-18T04:18:37.656+0000] {dagbag.py:538} INFO - Filling up the DagBag from /opt/airflow/dags/01_demo_basic_dag.py
[2025-11-18T04:18:37.663+0000] {logging_mixin.py:188} WARNING - /home/airflow/.local/lib/python3.10/site-packages/airflow/models/baseoperator.py:437 RemovedInAirflow3Warning: none_failed_or_skipped Trigger Rule is deprecated. Please use `none_failed_min_one_success`.
[2025-11-18T04:18:37.664+0000] {processor.py:840} INFO - DAG(s) '01_demo_basic_dag' retrieved from /opt/airflow/dags/01_demo_basic_dag.py
[2025-11-18T04:18:37.674+0000] {logging_mixin.py:188} INFO - [2025-11-18T04:18:37.674+0000] {dag.py:3033} INFO - Sync 1 DAGs
[2025-11-18T04:18:37.683+0000] {logging_mixin.py:188} INFO - [2025-11-18T04:18:37.683+0000] {dag.py:3820} INFO - Setting next_dagrun for 01_demo_basic_dag to 2025-11-18T02:00:00+00:00, run_after=2025-11-18T04:00:00+00:00
[2025-11-18T04:18:37.690+0000] {processor.py:183} INFO - Processing /opt/airflow/dags/01_demo_basic_dag.py took 0.037 seconds
[2025-11-18T04:19:07.922+0000] {processor.py:161} INFO - Started process (PID=292) to work on /opt/airflow/dags/01_demo_basic_dag.py
[2025-11-18T04:19:07.926+0000] {processor.py:830} INFO - Processing file /opt/airflow/dags/01_demo_basic_dag.py for tasks to queue
[2025-11-18T04:19:07.927+0000] {logging_mixin.py:188} INFO - [2025-11-18T04:19:07.927+0000] {dagbag.py:538} INFO - Filling up the DagBag from /opt/airflow/dags/01_demo_basic_dag.py
[2025-11-18T04:19:07.936+0000] {logging_mixin.py:188} WARNING - /home/airflow/.local/lib/python3.10/site-packages/airflow/models/baseoperator.py:437 RemovedInAirflow3Warning: none_failed_or_skipped Trigger Rule is deprecated. Please use `none_failed_min_one_success`.
[2025-11-18T04:19:07.937+0000] {processor.py:840} INFO - DAG(s) '01_demo_basic_dag' retrieved from /opt/airflow/dags/01_demo_basic_dag.py
[2025-11-18T04:19:07.948+0000] {logging_mixin.py:188} INFO - [2025-11-18T04:19:07.947+0000] {dag.py:3033} INFO - Sync 1 DAGs
[2025-11-18T04:19:07.960+0000] {logging_mixin.py:188} INFO - [2025-11-18T04:19:07.960+0000] {dag.py:3820} INFO - Setting next_dagrun for 01_demo_basic_dag to 2025-11-18T02:00:00+00:00, run_after=2025-11-18T04:00:00+00:00
[2025-11-18T04:19:07.968+0000] {processor.py:183} INFO - Processing /opt/airflow/dags/01_demo_basic_dag.py took 0.048 seconds
[2025-11-18T04:19:38.198+0000] {processor.py:161} INFO - Started process (PID=295) to work on /opt/airflow/dags/01_demo_basic_dag.py
[2025-11-18T04:19:38.198+0000] {processor.py:830} INFO - Processing file /opt/airflow/dags/01_demo_basic_dag.py for tasks to queue
[2025-11-18T04:19:38.199+0000] {logging_mixin.py:188} INFO - [2025-11-18T04:19:38.199+0000] {dagbag.py:538} INFO - Filling up the DagBag from /opt/airflow/dags/01_demo_basic_dag.py
[2025-11-18T04:19:38.206+0000] {logging_mixin.py:188} WARNING - /home/airflow/.local/lib/python3.10/site-packages/airflow/models/baseoperator.py:437 RemovedInAirflow3Warning: none_failed_or_skipped Trigger Rule is deprecated. Please use `none_failed_min_one_success`.
[2025-11-18T04:19:38.208+0000] {processor.py:840} INFO - DAG(s) '01_demo_basic_dag' retrieved from /opt/airflow/dags/01_demo_basic_dag.py
[2025-11-18T04:19:38.218+0000] {logging_mixin.py:188} INFO - [2025-11-18T04:19:38.218+0000] {dag.py:3033} INFO - Sync 1 DAGs
[2025-11-18T04:19:38.227+0000] {logging_mixin.py:188} INFO - [2025-11-18T04:19:38.226+0000] {dag.py:3820} INFO - Setting next_dagrun for 01_demo_basic_dag to 2025-11-18T02:00:00+00:00, run_after=2025-11-18T04:00:00+00:00
[2025-11-18T04:19:38.234+0000] {processor.py:183} INFO - Processing /opt/airflow/dags/01_demo_basic_dag.py took 0.037 seconds
[2025-11-18T04:20:08.435+0000] {processor.py:161} INFO - Started process (PID=298) to work on /opt/airflow/dags/01_demo_basic_dag.py
[2025-11-18T04:20:08.435+0000] {processor.py:830} INFO - Processing file /opt/airflow/dags/01_demo_basic_dag.py for tasks to queue
[2025-11-18T04:20:08.436+0000] {logging_mixin.py:188} INFO - [2025-11-18T04:20:08.436+0000] {dagbag.py:538} INFO - Filling up the DagBag from /opt/airflow/dags/01_demo_basic_dag.py
[2025-11-18T04:20:08.443+0000] {logging_mixin.py:188} WARNING - /home/airflow/.local/lib/python3.10/site-packages/airflow/models/baseoperator.py:437 RemovedInAirflow3Warning: none_failed_or_skipped Trigger Rule is deprecated. Please use `none_failed_min_one_success`.
[2025-11-18T04:20:08.444+0000] {processor.py:840} INFO - DAG(s) '01_demo_basic_dag' retrieved from /opt/airflow/dags/01_demo_basic_dag.py
[2025-11-18T04:20:08.455+0000] {logging_mixin.py:188} INFO - [2025-11-18T04:20:08.454+0000] {dag.py:3033} INFO - Sync 1 DAGs
[2025-11-18T04:20:08.463+0000] {logging_mixin.py:188} INFO - [2025-11-18T04:20:08.463+0000] {dag.py:3820} INFO - Setting next_dagrun for 01_demo_basic_dag to 2025-11-18T02:00:00+00:00, run_after=2025-11-18T04:00:00+00:00
[2025-11-18T04:20:08.470+0000] {processor.py:183} INFO - Processing /opt/airflow/dags/01_demo_basic_dag.py took 0.037 seconds
[2025-11-18T04:20:38.659+0000] {processor.py:161} INFO - Started process (PID=301) to work on /opt/airflow/dags/01_demo_basic_dag.py
[2025-11-18T04:20:38.659+0000] {processor.py:830} INFO - Processing file /opt/airflow/dags/01_demo_basic_dag.py for tasks to queue
[2025-11-18T04:20:38.660+0000] {logging_mixin.py:188} INFO - [2025-11-18T04:20:38.660+0000] {dagbag.py:538} INFO - Filling up the DagBag from /opt/airflow/dags/01_demo_basic_dag.py
[2025-11-18T04:20:38.667+0000] {logging_mixin.py:188} WARNING - /home/airflow/.local/lib/python3.10/site-packages/airflow/models/baseoperator.py:437 RemovedInAirflow3Warning: none_failed_or_skipped Trigger Rule is deprecated. Please use `none_failed_min_one_success`.
[2025-11-18T04:20:38.668+0000] {processor.py:840} INFO - DAG(s) '01_demo_basic_dag' retrieved from /opt/airflow/dags/01_demo_basic_dag.py
[2025-11-18T04:20:38.677+0000] {logging_mixin.py:188} INFO - [2025-11-18T04:20:38.677+0000] {dag.py:3033} INFO - Sync 1 DAGs
[2025-11-18T04:20:38.686+0000] {logging_mixin.py:188} INFO - [2025-11-18T04:20:38.686+0000] {dag.py:3820} INFO - Setting next_dagrun for 01_demo_basic_dag to 2025-11-18T02:00:00+00:00, run_after=2025-11-18T04:00:00+00:00
[2025-11-18T04:20:38.693+0000] {processor.py:183} INFO - Processing /opt/airflow/dags/01_demo_basic_dag.py took 0.035 seconds
[2025-11-18T04:21:08.899+0000] {processor.py:161} INFO - Started process (PID=304) to work on /opt/airflow/dags/01_demo_basic_dag.py
[2025-11-18T04:21:08.899+0000] {processor.py:830} INFO - Processing file /opt/airflow/dags/01_demo_basic_dag.py for tasks to queue
[2025-11-18T04:21:08.900+0000] {logging_mixin.py:188} INFO - [2025-11-18T04:21:08.900+0000] {dagbag.py:538} INFO - Filling up the DagBag from /opt/airflow/dags/01_demo_basic_dag.py
[2025-11-18T04:21:08.907+0000] {logging_mixin.py:188} WARNING - /home/airflow/.local/lib/python3.10/site-packages/airflow/models/baseoperator.py:437 RemovedInAirflow3Warning: none_failed_or_skipped Trigger Rule is deprecated. Please use `none_failed_min_one_success`.
[2025-11-18T04:21:08.908+0000] {processor.py:840} INFO - DAG(s) '01_demo_basic_dag' retrieved from /opt/airflow/dags/01_demo_basic_dag.py
[2025-11-18T04:21:08.918+0000] {logging_mixin.py:188} INFO - [2025-11-18T04:21:08.918+0000] {dag.py:3033} INFO - Sync 1 DAGs
[2025-11-18T04:21:08.927+0000] {logging_mixin.py:188} INFO - [2025-11-18T04:21:08.927+0000] {dag.py:3820} INFO - Setting next_dagrun for 01_demo_basic_dag to 2025-11-18T02:00:00+00:00, run_after=2025-11-18T04:00:00+00:00
[2025-11-18T04:21:08.934+0000] {processor.py:183} INFO - Processing /opt/airflow/dags/01_demo_basic_dag.py took 0.037 seconds
[2025-11-18T04:21:39.192+0000] {processor.py:161} INFO - Started process (PID=307) to work on /opt/airflow/dags/01_demo_basic_dag.py
[2025-11-18T04:21:39.192+0000] {processor.py:830} INFO - Processing file /opt/airflow/dags/01_demo_basic_dag.py for tasks to queue
[2025-11-18T04:21:39.193+0000] {logging_mixin.py:188} INFO - [2025-11-18T04:21:39.193+0000] {dagbag.py:538} INFO - Filling up the DagBag from /opt/airflow/dags/01_demo_basic_dag.py
[2025-11-18T04:21:39.200+0000] {logging_mixin.py:188} WARNING - /home/airflow/.local/lib/python3.10/site-packages/airflow/models/baseoperator.py:437 RemovedInAirflow3Warning: none_failed_or_skipped Trigger Rule is deprecated. Please use `none_failed_min_one_success`.
[2025-11-18T04:21:39.201+0000] {processor.py:840} INFO - DAG(s) '01_demo_basic_dag' retrieved from /opt/airflow/dags/01_demo_basic_dag.py
[2025-11-18T04:21:39.211+0000] {logging_mixin.py:188} INFO - [2025-11-18T04:21:39.211+0000] {dag.py:3033} INFO - Sync 1 DAGs
[2025-11-18T04:21:39.221+0000] {logging_mixin.py:188} INFO - [2025-11-18T04:21:39.221+0000] {dag.py:3820} INFO - Setting next_dagrun for 01_demo_basic_dag to 2025-11-18T02:00:00+00:00, run_after=2025-11-18T04:00:00+00:00
[2025-11-18T04:21:39.228+0000] {processor.py:183} INFO - Processing /opt/airflow/dags/01_demo_basic_dag.py took 0.038 seconds
[2025-11-18T04:22:09.474+0000] {processor.py:161} INFO - Started process (PID=310) to work on /opt/airflow/dags/01_demo_basic_dag.py
[2025-11-18T04:22:09.474+0000] {processor.py:830} INFO - Processing file /opt/airflow/dags/01_demo_basic_dag.py for tasks to queue
[2025-11-18T04:22:09.475+0000] {logging_mixin.py:188} INFO - [2025-11-18T04:22:09.475+0000] {dagbag.py:538} INFO - Filling up the DagBag from /opt/airflow/dags/01_demo_basic_dag.py
[2025-11-18T04:22:09.483+0000] {logging_mixin.py:188} WARNING - /home/airflow/.local/lib/python3.10/site-packages/airflow/models/baseoperator.py:437 RemovedInAirflow3Warning: none_failed_or_skipped Trigger Rule is deprecated. Please use `none_failed_min_one_success`.
[2025-11-18T04:22:09.484+0000] {processor.py:840} INFO - DAG(s) '01_demo_basic_dag' retrieved from /opt/airflow/dags/01_demo_basic_dag.py
[2025-11-18T04:22:09.494+0000] {logging_mixin.py:188} INFO - [2025-11-18T04:22:09.494+0000] {dag.py:3033} INFO - Sync 1 DAGs
[2025-11-18T04:22:09.504+0000] {logging_mixin.py:188} INFO - [2025-11-18T04:22:09.504+0000] {dag.py:3820} INFO - Setting next_dagrun for 01_demo_basic_dag to 2025-11-18T02:00:00+00:00, run_after=2025-11-18T04:00:00+00:00
[2025-11-18T04:22:09.511+0000] {processor.py:183} INFO - Processing /opt/airflow/dags/01_demo_basic_dag.py took 0.039 seconds
[2025-11-18T04:22:39.752+0000] {processor.py:161} INFO - Started process (PID=313) to work on /opt/airflow/dags/01_demo_basic_dag.py
[2025-11-18T04:22:39.752+0000] {processor.py:830} INFO - Processing file /opt/airflow/dags/01_demo_basic_dag.py for tasks to queue
[2025-11-18T04:22:39.753+0000] {logging_mixin.py:188} INFO - [2025-11-18T04:22:39.753+0000] {dagbag.py:538} INFO - Filling up the DagBag from /opt/airflow/dags/01_demo_basic_dag.py
[2025-11-18T04:22:39.761+0000] {logging_mixin.py:188} WARNING - /home/airflow/.local/lib/python3.10/site-packages/airflow/models/baseoperator.py:437 RemovedInAirflow3Warning: none_failed_or_skipped Trigger Rule is deprecated. Please use `none_failed_min_one_success`.
[2025-11-18T04:22:39.762+0000] {processor.py:840} INFO - DAG(s) '01_demo_basic_dag' retrieved from /opt/airflow/dags/01_demo_basic_dag.py
[2025-11-18T04:22:39.772+0000] {logging_mixin.py:188} INFO - [2025-11-18T04:22:39.772+0000] {dag.py:3033} INFO - Sync 1 DAGs
[2025-11-18T04:22:39.781+0000] {logging_mixin.py:188} INFO - [2025-11-18T04:22:39.781+0000] {dag.py:3820} INFO - Setting next_dagrun for 01_demo_basic_dag to 2025-11-18T02:00:00+00:00, run_after=2025-11-18T04:00:00+00:00
[2025-11-18T04:22:39.789+0000] {processor.py:183} INFO - Processing /opt/airflow/dags/01_demo_basic_dag.py took 0.039 seconds
[2025-11-18T04:23:10.046+0000] {processor.py:161} INFO - Started process (PID=316) to work on /opt/airflow/dags/01_demo_basic_dag.py
[2025-11-18T04:23:10.046+0000] {processor.py:830} INFO - Processing file /opt/airflow/dags/01_demo_basic_dag.py for tasks to queue
[2025-11-18T04:23:10.047+0000] {logging_mixin.py:188} INFO - [2025-11-18T04:23:10.047+0000] {dagbag.py:538} INFO - Filling up the DagBag from /opt/airflow/dags/01_demo_basic_dag.py
[2025-11-18T04:23:10.054+0000] {logging_mixin.py:188} WARNING - /home/airflow/.local/lib/python3.10/site-packages/airflow/models/baseoperator.py:437 RemovedInAirflow3Warning: none_failed_or_skipped Trigger Rule is deprecated. Please use `none_failed_min_one_success`.
[2025-11-18T04:23:10.056+0000] {processor.py:840} INFO - DAG(s) '01_demo_basic_dag' retrieved from /opt/airflow/dags/01_demo_basic_dag.py
[2025-11-18T04:23:10.066+0000] {logging_mixin.py:188} INFO - [2025-11-18T04:23:10.066+0000] {dag.py:3033} INFO - Sync 1 DAGs
[2025-11-18T04:23:10.076+0000] {logging_mixin.py:188} INFO - [2025-11-18T04:23:10.075+0000] {dag.py:3820} INFO - Setting next_dagrun for 01_demo_basic_dag to 2025-11-18T02:00:00+00:00, run_after=2025-11-18T04:00:00+00:00
[2025-11-18T04:23:10.083+0000] {processor.py:183} INFO - Processing /opt/airflow/dags/01_demo_basic_dag.py took 0.038 seconds
[2025-11-18T04:23:40.336+0000] {processor.py:161} INFO - Started process (PID=319) to work on /opt/airflow/dags/01_demo_basic_dag.py
[2025-11-18T04:23:40.336+0000] {processor.py:830} INFO - Processing file /opt/airflow/dags/01_demo_basic_dag.py for tasks to queue
[2025-11-18T04:23:40.337+0000] {logging_mixin.py:188} INFO - [2025-11-18T04:23:40.337+0000] {dagbag.py:538} INFO - Filling up the DagBag from /opt/airflow/dags/01_demo_basic_dag.py
[2025-11-18T04:23:40.344+0000] {logging_mixin.py:188} WARNING - /home/airflow/.local/lib/python3.10/site-packages/airflow/models/baseoperator.py:437 RemovedInAirflow3Warning: none_failed_or_skipped Trigger Rule is deprecated. Please use `none_failed_min_one_success`.
[2025-11-18T04:23:40.345+0000] {processor.py:840} INFO - DAG(s) '01_demo_basic_dag' retrieved from /opt/airflow/dags/01_demo_basic_dag.py
[2025-11-18T04:23:40.356+0000] {logging_mixin.py:188} INFO - [2025-11-18T04:23:40.356+0000] {dag.py:3033} INFO - Sync 1 DAGs
[2025-11-18T04:23:40.365+0000] {logging_mixin.py:188} INFO - [2025-11-18T04:23:40.364+0000] {dag.py:3820} INFO - Setting next_dagrun for 01_demo_basic_dag to 2025-11-18T02:00:00+00:00, run_after=2025-11-18T04:00:00+00:00
[2025-11-18T04:23:40.372+0000] {processor.py:183} INFO - Processing /opt/airflow/dags/01_demo_basic_dag.py took 0.038 seconds
[2025-11-18T04:24:10.624+0000] {processor.py:161} INFO - Started process (PID=322) to work on /opt/airflow/dags/01_demo_basic_dag.py
[2025-11-18T04:24:10.624+0000] {processor.py:830} INFO - Processing file /opt/airflow/dags/01_demo_basic_dag.py for tasks to queue
[2025-11-18T04:24:10.625+0000] {logging_mixin.py:188} INFO - [2025-11-18T04:24:10.625+0000] {dagbag.py:538} INFO - Filling up the DagBag from /opt/airflow/dags/01_demo_basic_dag.py
[2025-11-18T04:24:10.633+0000] {logging_mixin.py:188} WARNING - /home/airflow/.local/lib/python3.10/site-packages/airflow/models/baseoperator.py:437 RemovedInAirflow3Warning: none_failed_or_skipped Trigger Rule is deprecated. Please use `none_failed_min_one_success`.
[2025-11-18T04:24:10.634+0000] {processor.py:840} INFO - DAG(s) '01_demo_basic_dag' retrieved from /opt/airflow/dags/01_demo_basic_dag.py
[2025-11-18T04:24:10.644+0000] {logging_mixin.py:188} INFO - [2025-11-18T04:24:10.644+0000] {dag.py:3033} INFO - Sync 1 DAGs
[2025-11-18T04:24:10.654+0000] {logging_mixin.py:188} INFO - [2025-11-18T04:24:10.654+0000] {dag.py:3820} INFO - Setting next_dagrun for 01_demo_basic_dag to 2025-11-18T02:00:00+00:00, run_after=2025-11-18T04:00:00+00:00
[2025-11-18T04:24:10.661+0000] {processor.py:183} INFO - Processing /opt/airflow/dags/01_demo_basic_dag.py took 0.039 seconds
[2025-11-18T04:24:40.982+0000] {processor.py:161} INFO - Started process (PID=325) to work on /opt/airflow/dags/01_demo_basic_dag.py
[2025-11-18T04:24:40.982+0000] {processor.py:830} INFO - Processing file /opt/airflow/dags/01_demo_basic_dag.py for tasks to queue
[2025-11-18T04:24:40.983+0000] {logging_mixin.py:188} INFO - [2025-11-18T04:24:40.983+0000] {dagbag.py:538} INFO - Filling up the DagBag from /opt/airflow/dags/01_demo_basic_dag.py
[2025-11-18T04:24:40.991+0000] {logging_mixin.py:188} WARNING - /home/airflow/.local/lib/python3.10/site-packages/airflow/models/baseoperator.py:437 RemovedInAirflow3Warning: none_failed_or_skipped Trigger Rule is deprecated. Please use `none_failed_min_one_success`.
[2025-11-18T04:24:40.992+0000] {processor.py:840} INFO - DAG(s) '01_demo_basic_dag' retrieved from /opt/airflow/dags/01_demo_basic_dag.py
[2025-11-18T04:24:41.002+0000] {logging_mixin.py:188} INFO - [2025-11-18T04:24:41.002+0000] {dag.py:3033} INFO - Sync 1 DAGs
[2025-11-18T04:24:41.011+0000] {logging_mixin.py:188} INFO - [2025-11-18T04:24:41.011+0000] {dag.py:3820} INFO - Setting next_dagrun for 01_demo_basic_dag to 2025-11-18T02:00:00+00:00, run_after=2025-11-18T04:00:00+00:00
[2025-11-18T04:24:41.018+0000] {processor.py:183} INFO - Processing /opt/airflow/dags/01_demo_basic_dag.py took 0.037 seconds
[2025-11-18T04:25:11.324+0000] {processor.py:161} INFO - Started process (PID=328) to work on /opt/airflow/dags/01_demo_basic_dag.py
[2025-11-18T04:25:11.325+0000] {processor.py:830} INFO - Processing file /opt/airflow/dags/01_demo_basic_dag.py for tasks to queue
[2025-11-18T04:25:11.326+0000] {logging_mixin.py:188} INFO - [2025-11-18T04:25:11.326+0000] {dagbag.py:538} INFO - Filling up the DagBag from /opt/airflow/dags/01_demo_basic_dag.py
[2025-11-18T04:25:11.333+0000] {logging_mixin.py:188} WARNING - /home/airflow/.local/lib/python3.10/site-packages/airflow/models/baseoperator.py:437 RemovedInAirflow3Warning: none_failed_or_skipped Trigger Rule is deprecated. Please use `none_failed_min_one_success`.
[2025-11-18T04:25:11.335+0000] {processor.py:840} INFO - DAG(s) '01_demo_basic_dag' retrieved from /opt/airflow/dags/01_demo_basic_dag.py
[2025-11-18T04:25:11.345+0000] {logging_mixin.py:188} INFO - [2025-11-18T04:25:11.345+0000] {dag.py:3033} INFO - Sync 1 DAGs
[2025-11-18T04:25:11.354+0000] {logging_mixin.py:188} INFO - [2025-11-18T04:25:11.354+0000] {dag.py:3820} INFO - Setting next_dagrun for 01_demo_basic_dag to 2025-11-18T02:00:00+00:00, run_after=2025-11-18T04:00:00+00:00
[2025-11-18T04:25:11.426+0000] {processor.py:183} INFO - Processing /opt/airflow/dags/01_demo_basic_dag.py took 0.104 seconds
[2025-11-18T04:25:41.698+0000] {processor.py:161} INFO - Started process (PID=331) to work on /opt/airflow/dags/01_demo_basic_dag.py
[2025-11-18T04:25:41.699+0000] {processor.py:830} INFO - Processing file /opt/airflow/dags/01_demo_basic_dag.py for tasks to queue
[2025-11-18T04:25:41.700+0000] {logging_mixin.py:188} INFO - [2025-11-18T04:25:41.700+0000] {dagbag.py:538} INFO - Filling up the DagBag from /opt/airflow/dags/01_demo_basic_dag.py
[2025-11-18T04:25:41.707+0000] {logging_mixin.py:188} WARNING - /home/airflow/.local/lib/python3.10/site-packages/airflow/models/baseoperator.py:437 RemovedInAirflow3Warning: none_failed_or_skipped Trigger Rule is deprecated. Please use `none_failed_min_one_success`.
[2025-11-18T04:25:41.708+0000] {processor.py:840} INFO - DAG(s) '01_demo_basic_dag' retrieved from /opt/airflow/dags/01_demo_basic_dag.py
[2025-11-18T04:25:41.719+0000] {logging_mixin.py:188} INFO - [2025-11-18T04:25:41.719+0000] {dag.py:3033} INFO - Sync 1 DAGs
[2025-11-18T04:25:41.728+0000] {logging_mixin.py:188} INFO - [2025-11-18T04:25:41.728+0000] {dag.py:3820} INFO - Setting next_dagrun for 01_demo_basic_dag to 2025-11-18T02:00:00+00:00, run_after=2025-11-18T04:00:00+00:00
[2025-11-18T04:25:41.736+0000] {processor.py:183} INFO - Processing /opt/airflow/dags/01_demo_basic_dag.py took 0.039 seconds
[2025-11-18T04:26:12.003+0000] {processor.py:161} INFO - Started process (PID=334) to work on /opt/airflow/dags/01_demo_basic_dag.py
[2025-11-18T04:26:12.003+0000] {processor.py:830} INFO - Processing file /opt/airflow/dags/01_demo_basic_dag.py for tasks to queue
[2025-11-18T04:26:12.004+0000] {logging_mixin.py:188} INFO - [2025-11-18T04:26:12.004+0000] {dagbag.py:538} INFO - Filling up the DagBag from /opt/airflow/dags/01_demo_basic_dag.py
[2025-11-18T04:26:12.012+0000] {logging_mixin.py:188} WARNING - /home/airflow/.local/lib/python3.10/site-packages/airflow/models/baseoperator.py:437 RemovedInAirflow3Warning: none_failed_or_skipped Trigger Rule is deprecated. Please use `none_failed_min_one_success`.
[2025-11-18T04:26:12.013+0000] {processor.py:840} INFO - DAG(s) '01_demo_basic_dag' retrieved from /opt/airflow/dags/01_demo_basic_dag.py
[2025-11-18T04:26:12.023+0000] {logging_mixin.py:188} INFO - [2025-11-18T04:26:12.023+0000] {dag.py:3033} INFO - Sync 1 DAGs
[2025-11-18T04:26:12.032+0000] {logging_mixin.py:188} INFO - [2025-11-18T04:26:12.032+0000] {dag.py:3820} INFO - Setting next_dagrun for 01_demo_basic_dag to 2025-11-18T02:00:00+00:00, run_after=2025-11-18T04:00:00+00:00
[2025-11-18T04:26:12.039+0000] {processor.py:183} INFO - Processing /opt/airflow/dags/01_demo_basic_dag.py took 0.038 seconds
[2025-11-18T04:26:42.319+0000] {processor.py:161} INFO - Started process (PID=337) to work on /opt/airflow/dags/01_demo_basic_dag.py
[2025-11-18T04:26:42.319+0000] {processor.py:830} INFO - Processing file /opt/airflow/dags/01_demo_basic_dag.py for tasks to queue
[2025-11-18T04:26:42.320+0000] {logging_mixin.py:188} INFO - [2025-11-18T04:26:42.320+0000] {dagbag.py:538} INFO - Filling up the DagBag from /opt/airflow/dags/01_demo_basic_dag.py
[2025-11-18T04:26:42.327+0000] {logging_mixin.py:188} WARNING - /home/airflow/.local/lib/python3.10/site-packages/airflow/models/baseoperator.py:437 RemovedInAirflow3Warning: none_failed_or_skipped Trigger Rule is deprecated. Please use `none_failed_min_one_success`.
[2025-11-18T04:26:42.329+0000] {processor.py:840} INFO - DAG(s) '01_demo_basic_dag' retrieved from /opt/airflow/dags/01_demo_basic_dag.py
[2025-11-18T04:26:42.339+0000] {logging_mixin.py:188} INFO - [2025-11-18T04:26:42.339+0000] {dag.py:3033} INFO - Sync 1 DAGs
[2025-11-18T04:26:42.348+0000] {logging_mixin.py:188} INFO - [2025-11-18T04:26:42.348+0000] {dag.py:3820} INFO - Setting next_dagrun for 01_demo_basic_dag to 2025-11-18T02:00:00+00:00, run_after=2025-11-18T04:00:00+00:00
[2025-11-18T04:26:42.355+0000] {processor.py:183} INFO - Processing /opt/airflow/dags/01_demo_basic_dag.py took 0.038 seconds
[2025-11-18T04:27:12.655+0000] {processor.py:161} INFO - Started process (PID=340) to work on /opt/airflow/dags/01_demo_basic_dag.py
[2025-11-18T04:27:12.655+0000] {processor.py:830} INFO - Processing file /opt/airflow/dags/01_demo_basic_dag.py for tasks to queue
[2025-11-18T04:27:12.656+0000] {logging_mixin.py:188} INFO - [2025-11-18T04:27:12.656+0000] {dagbag.py:538} INFO - Filling up the DagBag from /opt/airflow/dags/01_demo_basic_dag.py
[2025-11-18T04:27:12.664+0000] {logging_mixin.py:188} WARNING - /home/airflow/.local/lib/python3.10/site-packages/airflow/models/baseoperator.py:437 RemovedInAirflow3Warning: none_failed_or_skipped Trigger Rule is deprecated. Please use `none_failed_min_one_success`.
[2025-11-18T04:27:12.665+0000] {processor.py:840} INFO - DAG(s) '01_demo_basic_dag' retrieved from /opt/airflow/dags/01_demo_basic_dag.py
[2025-11-18T04:27:12.675+0000] {logging_mixin.py:188} INFO - [2025-11-18T04:27:12.675+0000] {dag.py:3033} INFO - Sync 1 DAGs
[2025-11-18T04:27:12.685+0000] {logging_mixin.py:188} INFO - [2025-11-18T04:27:12.684+0000] {dag.py:3820} INFO - Setting next_dagrun for 01_demo_basic_dag to 2025-11-18T02:00:00+00:00, run_after=2025-11-18T04:00:00+00:00
[2025-11-18T04:27:12.692+0000] {processor.py:183} INFO - Processing /opt/airflow/dags/01_demo_basic_dag.py took 0.038 seconds
[2025-11-18T04:27:42.989+0000] {processor.py:161} INFO - Started process (PID=343) to work on /opt/airflow/dags/01_demo_basic_dag.py
[2025-11-18T04:27:42.990+0000] {processor.py:830} INFO - Processing file /opt/airflow/dags/01_demo_basic_dag.py for tasks to queue
[2025-11-18T04:27:42.991+0000] {logging_mixin.py:188} INFO - [2025-11-18T04:27:42.991+0000] {dagbag.py:538} INFO - Filling up the DagBag from /opt/airflow/dags/01_demo_basic_dag.py
[2025-11-18T04:27:42.998+0000] {logging_mixin.py:188} WARNING - /home/airflow/.local/lib/python3.10/site-packages/airflow/models/baseoperator.py:437 RemovedInAirflow3Warning: none_failed_or_skipped Trigger Rule is deprecated. Please use `none_failed_min_one_success`.
[2025-11-18T04:27:42.999+0000] {processor.py:840} INFO - DAG(s) '01_demo_basic_dag' retrieved from /opt/airflow/dags/01_demo_basic_dag.py
[2025-11-18T04:27:43.010+0000] {logging_mixin.py:188} INFO - [2025-11-18T04:27:43.010+0000] {dag.py:3033} INFO - Sync 1 DAGs
[2025-11-18T04:27:43.019+0000] {logging_mixin.py:188} INFO - [2025-11-18T04:27:43.019+0000] {dag.py:3820} INFO - Setting next_dagrun for 01_demo_basic_dag to 2025-11-18T02:00:00+00:00, run_after=2025-11-18T04:00:00+00:00
[2025-11-18T04:27:43.094+0000] {processor.py:183} INFO - Processing /opt/airflow/dags/01_demo_basic_dag.py took 0.106 seconds
[2025-11-18T04:28:13.401+0000] {processor.py:161} INFO - Started process (PID=346) to work on /opt/airflow/dags/01_demo_basic_dag.py
[2025-11-18T04:28:13.401+0000] {processor.py:830} INFO - Processing file /opt/airflow/dags/01_demo_basic_dag.py for tasks to queue
[2025-11-18T04:28:13.402+0000] {logging_mixin.py:188} INFO - [2025-11-18T04:28:13.402+0000] {dagbag.py:538} INFO - Filling up the DagBag from /opt/airflow/dags/01_demo_basic_dag.py
[2025-11-18T04:28:13.410+0000] {logging_mixin.py:188} WARNING - /home/airflow/.local/lib/python3.10/site-packages/airflow/models/baseoperator.py:437 RemovedInAirflow3Warning: none_failed_or_skipped Trigger Rule is deprecated. Please use `none_failed_min_one_success`.
[2025-11-18T04:28:13.411+0000] {processor.py:840} INFO - DAG(s) '01_demo_basic_dag' retrieved from /opt/airflow/dags/01_demo_basic_dag.py
[2025-11-18T04:28:13.422+0000] {logging_mixin.py:188} INFO - [2025-11-18T04:28:13.422+0000] {dag.py:3033} INFO - Sync 1 DAGs
[2025-11-18T04:28:13.431+0000] {logging_mixin.py:188} INFO - [2025-11-18T04:28:13.431+0000] {dag.py:3820} INFO - Setting next_dagrun for 01_demo_basic_dag to 2025-11-18T02:00:00+00:00, run_after=2025-11-18T04:00:00+00:00
[2025-11-18T04:28:13.438+0000] {processor.py:183} INFO - Processing /opt/airflow/dags/01_demo_basic_dag.py took 0.039 seconds
[2025-11-18T04:28:43.718+0000] {processor.py:161} INFO - Started process (PID=349) to work on /opt/airflow/dags/01_demo_basic_dag.py
[2025-11-18T04:28:43.719+0000] {processor.py:830} INFO - Processing file /opt/airflow/dags/01_demo_basic_dag.py for tasks to queue
[2025-11-18T04:28:43.720+0000] {logging_mixin.py:188} INFO - [2025-11-18T04:28:43.720+0000] {dagbag.py:538} INFO - Filling up the DagBag from /opt/airflow/dags/01_demo_basic_dag.py
[2025-11-18T04:28:43.727+0000] {logging_mixin.py:188} WARNING - /home/airflow/.local/lib/python3.10/site-packages/airflow/models/baseoperator.py:437 RemovedInAirflow3Warning: none_failed_or_skipped Trigger Rule is deprecated. Please use `none_failed_min_one_success`.
[2025-11-18T04:28:43.728+0000] {processor.py:840} INFO - DAG(s) '01_demo_basic_dag' retrieved from /opt/airflow/dags/01_demo_basic_dag.py
[2025-11-18T04:28:43.739+0000] {logging_mixin.py:188} INFO - [2025-11-18T04:28:43.739+0000] {dag.py:3033} INFO - Sync 1 DAGs
[2025-11-18T04:28:43.748+0000] {logging_mixin.py:188} INFO - [2025-11-18T04:28:43.748+0000] {dag.py:3820} INFO - Setting next_dagrun for 01_demo_basic_dag to 2025-11-18T02:00:00+00:00, run_after=2025-11-18T04:00:00+00:00
[2025-11-18T04:28:43.755+0000] {processor.py:183} INFO - Processing /opt/airflow/dags/01_demo_basic_dag.py took 0.039 seconds
[2025-11-18T04:29:13.993+0000] {processor.py:161} INFO - Started process (PID=352) to work on /opt/airflow/dags/01_demo_basic_dag.py
[2025-11-18T04:29:13.994+0000] {processor.py:830} INFO - Processing file /opt/airflow/dags/01_demo_basic_dag.py for tasks to queue
[2025-11-18T04:29:13.995+0000] {logging_mixin.py:188} INFO - [2025-11-18T04:29:13.995+0000] {dagbag.py:538} INFO - Filling up the DagBag from /opt/airflow/dags/01_demo_basic_dag.py
[2025-11-18T04:29:14.003+0000] {logging_mixin.py:188} WARNING - /home/airflow/.local/lib/python3.10/site-packages/airflow/models/baseoperator.py:437 RemovedInAirflow3Warning: none_failed_or_skipped Trigger Rule is deprecated. Please use `none_failed_min_one_success`.
[2025-11-18T04:29:14.004+0000] {processor.py:840} INFO - DAG(s) '01_demo_basic_dag' retrieved from /opt/airflow/dags/01_demo_basic_dag.py
[2025-11-18T04:29:14.014+0000] {logging_mixin.py:188} INFO - [2025-11-18T04:29:14.013+0000] {dag.py:3033} INFO - Sync 1 DAGs
[2025-11-18T04:29:14.023+0000] {logging_mixin.py:188} INFO - [2025-11-18T04:29:14.023+0000] {dag.py:3820} INFO - Setting next_dagrun for 01_demo_basic_dag to 2025-11-18T02:00:00+00:00, run_after=2025-11-18T04:00:00+00:00
[2025-11-18T04:29:14.030+0000] {processor.py:183} INFO - Processing /opt/airflow/dags/01_demo_basic_dag.py took 0.039 seconds
[2025-11-18T04:29:44.252+0000] {processor.py:161} INFO - Started process (PID=355) to work on /opt/airflow/dags/01_demo_basic_dag.py
[2025-11-18T04:29:44.252+0000] {processor.py:830} INFO - Processing file /opt/airflow/dags/01_demo_basic_dag.py for tasks to queue
[2025-11-18T04:29:44.253+0000] {logging_mixin.py:188} INFO - [2025-11-18T04:29:44.253+0000] {dagbag.py:538} INFO - Filling up the DagBag from /opt/airflow/dags/01_demo_basic_dag.py
[2025-11-18T04:29:44.260+0000] {logging_mixin.py:188} WARNING - /home/airflow/.local/lib/python3.10/site-packages/airflow/models/baseoperator.py:437 RemovedInAirflow3Warning: none_failed_or_skipped Trigger Rule is deprecated. Please use `none_failed_min_one_success`.
[2025-11-18T04:29:44.262+0000] {processor.py:840} INFO - DAG(s) '01_demo_basic_dag' retrieved from /opt/airflow/dags/01_demo_basic_dag.py
[2025-11-18T04:29:44.272+0000] {logging_mixin.py:188} INFO - [2025-11-18T04:29:44.272+0000] {dag.py:3033} INFO - Sync 1 DAGs
[2025-11-18T04:29:44.280+0000] {logging_mixin.py:188} INFO - [2025-11-18T04:29:44.280+0000] {dag.py:3820} INFO - Setting next_dagrun for 01_demo_basic_dag to 2025-11-18T02:00:00+00:00, run_after=2025-11-18T04:00:00+00:00
[2025-11-18T04:29:44.287+0000] {processor.py:183} INFO - Processing /opt/airflow/dags/01_demo_basic_dag.py took 0.037 seconds
[2025-11-18T04:30:14.521+0000] {processor.py:161} INFO - Started process (PID=358) to work on /opt/airflow/dags/01_demo_basic_dag.py
[2025-11-18T04:30:14.522+0000] {processor.py:830} INFO - Processing file /opt/airflow/dags/01_demo_basic_dag.py for tasks to queue
[2025-11-18T04:30:14.523+0000] {logging_mixin.py:188} INFO - [2025-11-18T04:30:14.523+0000] {dagbag.py:538} INFO - Filling up the DagBag from /opt/airflow/dags/01_demo_basic_dag.py
[2025-11-18T04:30:14.531+0000] {logging_mixin.py:188} WARNING - /home/airflow/.local/lib/python3.10/site-packages/airflow/models/baseoperator.py:437 RemovedInAirflow3Warning: none_failed_or_skipped Trigger Rule is deprecated. Please use `none_failed_min_one_success`.
[2025-11-18T04:30:14.532+0000] {processor.py:840} INFO - DAG(s) '01_demo_basic_dag' retrieved from /opt/airflow/dags/01_demo_basic_dag.py
[2025-11-18T04:30:14.542+0000] {logging_mixin.py:188} INFO - [2025-11-18T04:30:14.542+0000] {dag.py:3033} INFO - Sync 1 DAGs
[2025-11-18T04:30:14.610+0000] {logging_mixin.py:188} INFO - [2025-11-18T04:30:14.610+0000] {dag.py:3820} INFO - Setting next_dagrun for 01_demo_basic_dag to 2025-11-18T02:00:00+00:00, run_after=2025-11-18T04:00:00+00:00
[2025-11-18T04:30:14.617+0000] {processor.py:183} INFO - Processing /opt/airflow/dags/01_demo_basic_dag.py took 0.098 seconds
[2025-11-18T04:30:44.854+0000] {processor.py:161} INFO - Started process (PID=361) to work on /opt/airflow/dags/01_demo_basic_dag.py
[2025-11-18T04:30:44.855+0000] {processor.py:830} INFO - Processing file /opt/airflow/dags/01_demo_basic_dag.py for tasks to queue
[2025-11-18T04:30:44.856+0000] {logging_mixin.py:188} INFO - [2025-11-18T04:30:44.856+0000] {dagbag.py:538} INFO - Filling up the DagBag from /opt/airflow/dags/01_demo_basic_dag.py
[2025-11-18T04:30:44.864+0000] {logging_mixin.py:188} WARNING - /home/airflow/.local/lib/python3.10/site-packages/airflow/models/baseoperator.py:437 RemovedInAirflow3Warning: none_failed_or_skipped Trigger Rule is deprecated. Please use `none_failed_min_one_success`.
[2025-11-18T04:30:44.865+0000] {processor.py:840} INFO - DAG(s) '01_demo_basic_dag' retrieved from /opt/airflow/dags/01_demo_basic_dag.py
[2025-11-18T04:30:44.875+0000] {logging_mixin.py:188} INFO - [2025-11-18T04:30:44.875+0000] {dag.py:3033} INFO - Sync 1 DAGs
[2025-11-18T04:30:44.886+0000] {logging_mixin.py:188} INFO - [2025-11-18T04:30:44.886+0000] {dag.py:3820} INFO - Setting next_dagrun for 01_demo_basic_dag to 2025-11-18T02:00:00+00:00, run_after=2025-11-18T04:00:00+00:00
[2025-11-18T04:30:44.895+0000] {processor.py:183} INFO - Processing /opt/airflow/dags/01_demo_basic_dag.py took 0.042 seconds
[2025-11-18T04:31:15.127+0000] {processor.py:161} INFO - Started process (PID=364) to work on /opt/airflow/dags/01_demo_basic_dag.py
[2025-11-18T04:31:15.128+0000] {processor.py:830} INFO - Processing file /opt/airflow/dags/01_demo_basic_dag.py for tasks to queue
[2025-11-18T04:31:15.129+0000] {logging_mixin.py:188} INFO - [2025-11-18T04:31:15.128+0000] {dagbag.py:538} INFO - Filling up the DagBag from /opt/airflow/dags/01_demo_basic_dag.py
[2025-11-18T04:31:15.136+0000] {logging_mixin.py:188} WARNING - /home/airflow/.local/lib/python3.10/site-packages/airflow/models/baseoperator.py:437 RemovedInAirflow3Warning: none_failed_or_skipped Trigger Rule is deprecated. Please use `none_failed_min_one_success`.
[2025-11-18T04:31:15.137+0000] {processor.py:840} INFO - DAG(s) '01_demo_basic_dag' retrieved from /opt/airflow/dags/01_demo_basic_dag.py
[2025-11-18T04:31:15.147+0000] {logging_mixin.py:188} INFO - [2025-11-18T04:31:15.147+0000] {dag.py:3033} INFO - Sync 1 DAGs
[2025-11-18T04:31:15.156+0000] {logging_mixin.py:188} INFO - [2025-11-18T04:31:15.156+0000] {dag.py:3820} INFO - Setting next_dagrun for 01_demo_basic_dag to 2025-11-18T02:00:00+00:00, run_after=2025-11-18T04:00:00+00:00
[2025-11-18T04:31:15.222+0000] {processor.py:183} INFO - Processing /opt/airflow/dags/01_demo_basic_dag.py took 0.097 seconds
[2025-11-18T04:31:45.436+0000] {processor.py:161} INFO - Started process (PID=367) to work on /opt/airflow/dags/01_demo_basic_dag.py
[2025-11-18T04:31:45.437+0000] {processor.py:830} INFO - Processing file /opt/airflow/dags/01_demo_basic_dag.py for tasks to queue
[2025-11-18T04:31:45.437+0000] {logging_mixin.py:188} INFO - [2025-11-18T04:31:45.437+0000] {dagbag.py:538} INFO - Filling up the DagBag from /opt/airflow/dags/01_demo_basic_dag.py
[2025-11-18T04:31:45.445+0000] {logging_mixin.py:188} WARNING - /home/airflow/.local/lib/python3.10/site-packages/airflow/models/baseoperator.py:437 RemovedInAirflow3Warning: none_failed_or_skipped Trigger Rule is deprecated. Please use `none_failed_min_one_success`.
[2025-11-18T04:31:45.446+0000] {processor.py:840} INFO - DAG(s) '01_demo_basic_dag' retrieved from /opt/airflow/dags/01_demo_basic_dag.py
[2025-11-18T04:31:45.456+0000] {logging_mixin.py:188} INFO - [2025-11-18T04:31:45.456+0000] {dag.py:3033} INFO - Sync 1 DAGs
[2025-11-18T04:31:45.525+0000] {logging_mixin.py:188} INFO - [2025-11-18T04:31:45.524+0000] {dag.py:3820} INFO - Setting next_dagrun for 01_demo_basic_dag to 2025-11-18T02:00:00+00:00, run_after=2025-11-18T04:00:00+00:00
[2025-11-18T04:31:45.531+0000] {processor.py:183} INFO - Processing /opt/airflow/dags/01_demo_basic_dag.py took 0.097 seconds
[2025-11-18T04:32:15.776+0000] {processor.py:161} INFO - Started process (PID=370) to work on /opt/airflow/dags/01_demo_basic_dag.py
[2025-11-18T04:32:15.776+0000] {processor.py:830} INFO - Processing file /opt/airflow/dags/01_demo_basic_dag.py for tasks to queue
[2025-11-18T04:32:15.777+0000] {logging_mixin.py:188} INFO - [2025-11-18T04:32:15.777+0000] {dagbag.py:538} INFO - Filling up the DagBag from /opt/airflow/dags/01_demo_basic_dag.py
[2025-11-18T04:32:15.785+0000] {logging_mixin.py:188} WARNING - /home/airflow/.local/lib/python3.10/site-packages/airflow/models/baseoperator.py:437 RemovedInAirflow3Warning: none_failed_or_skipped Trigger Rule is deprecated. Please use `none_failed_min_one_success`.
[2025-11-18T04:32:15.786+0000] {processor.py:840} INFO - DAG(s) '01_demo_basic_dag' retrieved from /opt/airflow/dags/01_demo_basic_dag.py
[2025-11-18T04:32:15.795+0000] {logging_mixin.py:188} INFO - [2025-11-18T04:32:15.795+0000] {dag.py:3033} INFO - Sync 1 DAGs
[2025-11-18T04:32:15.805+0000] {logging_mixin.py:188} INFO - [2025-11-18T04:32:15.804+0000] {dag.py:3820} INFO - Setting next_dagrun for 01_demo_basic_dag to 2025-11-18T02:00:00+00:00, run_after=2025-11-18T04:00:00+00:00
[2025-11-18T04:32:15.811+0000] {processor.py:183} INFO - Processing /opt/airflow/dags/01_demo_basic_dag.py took 0.037 seconds
[2025-11-18T04:32:46.032+0000] {processor.py:161} INFO - Started process (PID=373) to work on /opt/airflow/dags/01_demo_basic_dag.py
[2025-11-18T04:32:46.032+0000] {processor.py:830} INFO - Processing file /opt/airflow/dags/01_demo_basic_dag.py for tasks to queue
[2025-11-18T04:32:46.033+0000] {logging_mixin.py:188} INFO - [2025-11-18T04:32:46.033+0000] {dagbag.py:538} INFO - Filling up the DagBag from /opt/airflow/dags/01_demo_basic_dag.py
[2025-11-18T04:32:46.041+0000] {logging_mixin.py:188} WARNING - /home/airflow/.local/lib/python3.10/site-packages/airflow/models/baseoperator.py:437 RemovedInAirflow3Warning: none_failed_or_skipped Trigger Rule is deprecated. Please use `none_failed_min_one_success`.
[2025-11-18T04:32:46.042+0000] {processor.py:840} INFO - DAG(s) '01_demo_basic_dag' retrieved from /opt/airflow/dags/01_demo_basic_dag.py
[2025-11-18T04:32:46.052+0000] {logging_mixin.py:188} INFO - [2025-11-18T04:32:46.052+0000] {dag.py:3033} INFO - Sync 1 DAGs
[2025-11-18T04:32:46.118+0000] {logging_mixin.py:188} INFO - [2025-11-18T04:32:46.117+0000] {dag.py:3820} INFO - Setting next_dagrun for 01_demo_basic_dag to 2025-11-18T02:00:00+00:00, run_after=2025-11-18T04:00:00+00:00
[2025-11-18T04:32:46.124+0000] {processor.py:183} INFO - Processing /opt/airflow/dags/01_demo_basic_dag.py took 0.094 seconds
[2025-11-18T04:33:16.363+0000] {processor.py:161} INFO - Started process (PID=376) to work on /opt/airflow/dags/01_demo_basic_dag.py
[2025-11-18T04:33:16.364+0000] {processor.py:830} INFO - Processing file /opt/airflow/dags/01_demo_basic_dag.py for tasks to queue
[2025-11-18T04:33:16.365+0000] {logging_mixin.py:188} INFO - [2025-11-18T04:33:16.365+0000] {dagbag.py:538} INFO - Filling up the DagBag from /opt/airflow/dags/01_demo_basic_dag.py
[2025-11-18T04:33:16.372+0000] {logging_mixin.py:188} WARNING - /home/airflow/.local/lib/python3.10/site-packages/airflow/models/baseoperator.py:437 RemovedInAirflow3Warning: none_failed_or_skipped Trigger Rule is deprecated. Please use `none_failed_min_one_success`.
[2025-11-18T04:33:16.373+0000] {processor.py:840} INFO - DAG(s) '01_demo_basic_dag' retrieved from /opt/airflow/dags/01_demo_basic_dag.py
[2025-11-18T04:33:16.383+0000] {logging_mixin.py:188} INFO - [2025-11-18T04:33:16.383+0000] {dag.py:3033} INFO - Sync 1 DAGs
[2025-11-18T04:33:16.392+0000] {logging_mixin.py:188} INFO - [2025-11-18T04:33:16.392+0000] {dag.py:3820} INFO - Setting next_dagrun for 01_demo_basic_dag to 2025-11-18T02:00:00+00:00, run_after=2025-11-18T04:00:00+00:00
[2025-11-18T04:33:16.399+0000] {processor.py:183} INFO - Processing /opt/airflow/dags/01_demo_basic_dag.py took 0.037 seconds
[2025-11-18T04:33:46.604+0000] {processor.py:161} INFO - Started process (PID=379) to work on /opt/airflow/dags/01_demo_basic_dag.py
[2025-11-18T04:33:46.605+0000] {processor.py:830} INFO - Processing file /opt/airflow/dags/01_demo_basic_dag.py for tasks to queue
[2025-11-18T04:33:46.606+0000] {logging_mixin.py:188} INFO - [2025-11-18T04:33:46.606+0000] {dagbag.py:538} INFO - Filling up the DagBag from /opt/airflow/dags/01_demo_basic_dag.py
[2025-11-18T04:33:46.613+0000] {logging_mixin.py:188} WARNING - /home/airflow/.local/lib/python3.10/site-packages/airflow/models/baseoperator.py:437 RemovedInAirflow3Warning: none_failed_or_skipped Trigger Rule is deprecated. Please use `none_failed_min_one_success`.
[2025-11-18T04:33:46.615+0000] {processor.py:840} INFO - DAG(s) '01_demo_basic_dag' retrieved from /opt/airflow/dags/01_demo_basic_dag.py
[2025-11-18T04:33:46.625+0000] {logging_mixin.py:188} INFO - [2025-11-18T04:33:46.625+0000] {dag.py:3033} INFO - Sync 1 DAGs
[2025-11-18T04:33:46.634+0000] {logging_mixin.py:188} INFO - [2025-11-18T04:33:46.634+0000] {dag.py:3820} INFO - Setting next_dagrun for 01_demo_basic_dag to 2025-11-18T02:00:00+00:00, run_after=2025-11-18T04:00:00+00:00
[2025-11-18T04:33:46.700+0000] {processor.py:183} INFO - Processing /opt/airflow/dags/01_demo_basic_dag.py took 0.098 seconds
[2025-11-18T04:34:16.922+0000] {processor.py:161} INFO - Started process (PID=382) to work on /opt/airflow/dags/01_demo_basic_dag.py
[2025-11-18T04:34:16.922+0000] {processor.py:830} INFO - Processing file /opt/airflow/dags/01_demo_basic_dag.py for tasks to queue
[2025-11-18T04:34:16.923+0000] {logging_mixin.py:188} INFO - [2025-11-18T04:34:16.923+0000] {dagbag.py:538} INFO - Filling up the DagBag from /opt/airflow/dags/01_demo_basic_dag.py
[2025-11-18T04:34:16.931+0000] {logging_mixin.py:188} WARNING - /home/airflow/.local/lib/python3.10/site-packages/airflow/models/baseoperator.py:437 RemovedInAirflow3Warning: none_failed_or_skipped Trigger Rule is deprecated. Please use `none_failed_min_one_success`.
[2025-11-18T04:34:16.932+0000] {processor.py:840} INFO - DAG(s) '01_demo_basic_dag' retrieved from /opt/airflow/dags/01_demo_basic_dag.py
[2025-11-18T04:34:17.002+0000] {logging_mixin.py:188} INFO - [2025-11-18T04:34:17.002+0000] {dag.py:3033} INFO - Sync 1 DAGs
[2025-11-18T04:34:17.010+0000] {logging_mixin.py:188} INFO - [2025-11-18T04:34:17.010+0000] {dag.py:3820} INFO - Setting next_dagrun for 01_demo_basic_dag to 2025-11-18T02:00:00+00:00, run_after=2025-11-18T04:00:00+00:00
[2025-11-18T04:34:17.017+0000] {processor.py:183} INFO - Processing /opt/airflow/dags/01_demo_basic_dag.py took 0.097 seconds
[2025-11-18T04:34:47.269+0000] {processor.py:161} INFO - Started process (PID=385) to work on /opt/airflow/dags/01_demo_basic_dag.py
[2025-11-18T04:34:47.269+0000] {processor.py:830} INFO - Processing file /opt/airflow/dags/01_demo_basic_dag.py for tasks to queue
[2025-11-18T04:34:47.270+0000] {logging_mixin.py:188} INFO - [2025-11-18T04:34:47.270+0000] {dagbag.py:538} INFO - Filling up the DagBag from /opt/airflow/dags/01_demo_basic_dag.py
[2025-11-18T04:34:47.279+0000] {logging_mixin.py:188} WARNING - /home/airflow/.local/lib/python3.10/site-packages/airflow/models/baseoperator.py:437 RemovedInAirflow3Warning: none_failed_or_skipped Trigger Rule is deprecated. Please use `none_failed_min_one_success`.
[2025-11-18T04:34:47.280+0000] {processor.py:840} INFO - DAG(s) '01_demo_basic_dag' retrieved from /opt/airflow/dags/01_demo_basic_dag.py
[2025-11-18T04:34:47.293+0000] {logging_mixin.py:188} INFO - [2025-11-18T04:34:47.293+0000] {dag.py:3033} INFO - Sync 1 DAGs
[2025-11-18T04:34:47.306+0000] {logging_mixin.py:188} INFO - [2025-11-18T04:34:47.306+0000] {dag.py:3820} INFO - Setting next_dagrun for 01_demo_basic_dag to 2025-11-18T02:00:00+00:00, run_after=2025-11-18T04:00:00+00:00
[2025-11-18T04:34:47.316+0000] {processor.py:183} INFO - Processing /opt/airflow/dags/01_demo_basic_dag.py took 0.049 seconds
[2025-11-18T04:35:17.552+0000] {processor.py:161} INFO - Started process (PID=388) to work on /opt/airflow/dags/01_demo_basic_dag.py
[2025-11-18T04:35:17.553+0000] {processor.py:830} INFO - Processing file /opt/airflow/dags/01_demo_basic_dag.py for tasks to queue
[2025-11-18T04:35:17.554+0000] {logging_mixin.py:188} INFO - [2025-11-18T04:35:17.554+0000] {dagbag.py:538} INFO - Filling up the DagBag from /opt/airflow/dags/01_demo_basic_dag.py
[2025-11-18T04:35:17.562+0000] {logging_mixin.py:188} WARNING - /home/airflow/.local/lib/python3.10/site-packages/airflow/models/baseoperator.py:437 RemovedInAirflow3Warning: none_failed_or_skipped Trigger Rule is deprecated. Please use `none_failed_min_one_success`.
[2025-11-18T04:35:17.563+0000] {processor.py:840} INFO - DAG(s) '01_demo_basic_dag' retrieved from /opt/airflow/dags/01_demo_basic_dag.py
[2025-11-18T04:35:17.573+0000] {logging_mixin.py:188} INFO - [2025-11-18T04:35:17.573+0000] {dag.py:3033} INFO - Sync 1 DAGs
[2025-11-18T04:35:17.640+0000] {logging_mixin.py:188} INFO - [2025-11-18T04:35:17.640+0000] {dag.py:3820} INFO - Setting next_dagrun for 01_demo_basic_dag to 2025-11-18T02:00:00+00:00, run_after=2025-11-18T04:00:00+00:00
[2025-11-18T04:35:17.647+0000] {processor.py:183} INFO - Processing /opt/airflow/dags/01_demo_basic_dag.py took 0.097 seconds
[2025-11-18T04:35:47.867+0000] {processor.py:161} INFO - Started process (PID=391) to work on /opt/airflow/dags/01_demo_basic_dag.py
[2025-11-18T04:35:47.867+0000] {processor.py:830} INFO - Processing file /opt/airflow/dags/01_demo_basic_dag.py for tasks to queue
[2025-11-18T04:35:47.868+0000] {logging_mixin.py:188} INFO - [2025-11-18T04:35:47.868+0000] {dagbag.py:538} INFO - Filling up the DagBag from /opt/airflow/dags/01_demo_basic_dag.py
[2025-11-18T04:35:47.943+0000] {logging_mixin.py:188} WARNING - /home/airflow/.local/lib/python3.10/site-packages/airflow/models/baseoperator.py:437 RemovedInAirflow3Warning: none_failed_or_skipped Trigger Rule is deprecated. Please use `none_failed_min_one_success`.
[2025-11-18T04:35:47.944+0000] {processor.py:840} INFO - DAG(s) '01_demo_basic_dag' retrieved from /opt/airflow/dags/01_demo_basic_dag.py
[2025-11-18T04:35:47.951+0000] {logging_mixin.py:188} INFO - [2025-11-18T04:35:47.951+0000] {dag.py:3033} INFO - Sync 1 DAGs
[2025-11-18T04:35:47.959+0000] {logging_mixin.py:188} INFO - [2025-11-18T04:35:47.959+0000] {dag.py:3820} INFO - Setting next_dagrun for 01_demo_basic_dag to 2025-11-18T02:00:00+00:00, run_after=2025-11-18T04:00:00+00:00
[2025-11-18T04:35:47.966+0000] {processor.py:183} INFO - Processing /opt/airflow/dags/01_demo_basic_dag.py took 0.101 seconds
[2025-11-18T04:36:18.230+0000] {processor.py:161} INFO - Started process (PID=394) to work on /opt/airflow/dags/01_demo_basic_dag.py
[2025-11-18T04:36:18.230+0000] {processor.py:830} INFO - Processing file /opt/airflow/dags/01_demo_basic_dag.py for tasks to queue
[2025-11-18T04:36:18.231+0000] {logging_mixin.py:188} INFO - [2025-11-18T04:36:18.231+0000] {dagbag.py:538} INFO - Filling up the DagBag from /opt/airflow/dags/01_demo_basic_dag.py
[2025-11-18T04:36:18.238+0000] {logging_mixin.py:188} WARNING - /home/airflow/.local/lib/python3.10/site-packages/airflow/models/baseoperator.py:437 RemovedInAirflow3Warning: none_failed_or_skipped Trigger Rule is deprecated. Please use `none_failed_min_one_success`.
[2025-11-18T04:36:18.239+0000] {processor.py:840} INFO - DAG(s) '01_demo_basic_dag' retrieved from /opt/airflow/dags/01_demo_basic_dag.py
[2025-11-18T04:36:18.249+0000] {logging_mixin.py:188} INFO - [2025-11-18T04:36:18.249+0000] {dag.py:3033} INFO - Sync 1 DAGs
[2025-11-18T04:36:18.259+0000] {logging_mixin.py:188} INFO - [2025-11-18T04:36:18.259+0000] {dag.py:3820} INFO - Setting next_dagrun for 01_demo_basic_dag to 2025-11-18T02:00:00+00:00, run_after=2025-11-18T04:00:00+00:00
[2025-11-18T04:36:18.266+0000] {processor.py:183} INFO - Processing /opt/airflow/dags/01_demo_basic_dag.py took 0.038 seconds
[2025-11-18T04:36:48.516+0000] {processor.py:161} INFO - Started process (PID=397) to work on /opt/airflow/dags/01_demo_basic_dag.py
[2025-11-18T04:36:48.516+0000] {processor.py:830} INFO - Processing file /opt/airflow/dags/01_demo_basic_dag.py for tasks to queue
[2025-11-18T04:36:48.517+0000] {logging_mixin.py:188} INFO - [2025-11-18T04:36:48.517+0000] {dagbag.py:538} INFO - Filling up the DagBag from /opt/airflow/dags/01_demo_basic_dag.py
[2025-11-18T04:36:48.525+0000] {logging_mixin.py:188} WARNING - /home/airflow/.local/lib/python3.10/site-packages/airflow/models/baseoperator.py:437 RemovedInAirflow3Warning: none_failed_or_skipped Trigger Rule is deprecated. Please use `none_failed_min_one_success`.
[2025-11-18T04:36:48.526+0000] {processor.py:840} INFO - DAG(s) '01_demo_basic_dag' retrieved from /opt/airflow/dags/01_demo_basic_dag.py
[2025-11-18T04:36:48.536+0000] {logging_mixin.py:188} INFO - [2025-11-18T04:36:48.536+0000] {dag.py:3033} INFO - Sync 1 DAGs
[2025-11-18T04:36:48.545+0000] {logging_mixin.py:188} INFO - [2025-11-18T04:36:48.545+0000] {dag.py:3820} INFO - Setting next_dagrun for 01_demo_basic_dag to 2025-11-18T02:00:00+00:00, run_after=2025-11-18T04:00:00+00:00
[2025-11-18T04:36:48.553+0000] {processor.py:183} INFO - Processing /opt/airflow/dags/01_demo_basic_dag.py took 0.039 seconds
[2025-11-18T04:37:18.753+0000] {processor.py:161} INFO - Started process (PID=400) to work on /opt/airflow/dags/01_demo_basic_dag.py
[2025-11-18T04:37:18.754+0000] {processor.py:830} INFO - Processing file /opt/airflow/dags/01_demo_basic_dag.py for tasks to queue
[2025-11-18T04:37:18.755+0000] {logging_mixin.py:188} INFO - [2025-11-18T04:37:18.755+0000] {dagbag.py:538} INFO - Filling up the DagBag from /opt/airflow/dags/01_demo_basic_dag.py
[2025-11-18T04:37:18.763+0000] {logging_mixin.py:188} WARNING - /home/airflow/.local/lib/python3.10/site-packages/airflow/models/baseoperator.py:437 RemovedInAirflow3Warning: none_failed_or_skipped Trigger Rule is deprecated. Please use `none_failed_min_one_success`.
[2025-11-18T04:37:18.764+0000] {processor.py:840} INFO - DAG(s) '01_demo_basic_dag' retrieved from /opt/airflow/dags/01_demo_basic_dag.py
[2025-11-18T04:37:18.775+0000] {logging_mixin.py:188} INFO - [2025-11-18T04:37:18.774+0000] {dag.py:3033} INFO - Sync 1 DAGs
[2025-11-18T04:37:18.784+0000] {logging_mixin.py:188} INFO - [2025-11-18T04:37:18.784+0000] {dag.py:3820} INFO - Setting next_dagrun for 01_demo_basic_dag to 2025-11-18T02:00:00+00:00, run_after=2025-11-18T04:00:00+00:00
[2025-11-18T04:37:18.791+0000] {processor.py:183} INFO - Processing /opt/airflow/dags/01_demo_basic_dag.py took 0.041 seconds
[2025-11-18T04:37:48.969+0000] {processor.py:161} INFO - Started process (PID=403) to work on /opt/airflow/dags/01_demo_basic_dag.py
[2025-11-18T04:37:48.970+0000] {processor.py:830} INFO - Processing file /opt/airflow/dags/01_demo_basic_dag.py for tasks to queue
[2025-11-18T04:37:48.971+0000] {logging_mixin.py:188} INFO - [2025-11-18T04:37:48.971+0000] {dagbag.py:538} INFO - Filling up the DagBag from /opt/airflow/dags/01_demo_basic_dag.py
[2025-11-18T04:37:48.978+0000] {logging_mixin.py:188} WARNING - /home/airflow/.local/lib/python3.10/site-packages/airflow/models/baseoperator.py:437 RemovedInAirflow3Warning: none_failed_or_skipped Trigger Rule is deprecated. Please use `none_failed_min_one_success`.
[2025-11-18T04:37:48.979+0000] {processor.py:840} INFO - DAG(s) '01_demo_basic_dag' retrieved from /opt/airflow/dags/01_demo_basic_dag.py
[2025-11-18T04:37:48.990+0000] {logging_mixin.py:188} INFO - [2025-11-18T04:37:48.990+0000] {dag.py:3033} INFO - Sync 1 DAGs
[2025-11-18T04:37:49.000+0000] {logging_mixin.py:188} INFO - [2025-11-18T04:37:49.000+0000] {dag.py:3820} INFO - Setting next_dagrun for 01_demo_basic_dag to 2025-11-18T02:00:00+00:00, run_after=2025-11-18T04:00:00+00:00
[2025-11-18T04:37:49.009+0000] {processor.py:183} INFO - Processing /opt/airflow/dags/01_demo_basic_dag.py took 0.042 seconds
[2025-11-18T04:38:19.187+0000] {processor.py:161} INFO - Started process (PID=406) to work on /opt/airflow/dags/01_demo_basic_dag.py
[2025-11-18T04:38:19.187+0000] {processor.py:830} INFO - Processing file /opt/airflow/dags/01_demo_basic_dag.py for tasks to queue
[2025-11-18T04:38:19.188+0000] {logging_mixin.py:188} INFO - [2025-11-18T04:38:19.188+0000] {dagbag.py:538} INFO - Filling up the DagBag from /opt/airflow/dags/01_demo_basic_dag.py
[2025-11-18T04:38:19.196+0000] {logging_mixin.py:188} WARNING - /home/airflow/.local/lib/python3.10/site-packages/airflow/models/baseoperator.py:437 RemovedInAirflow3Warning: none_failed_or_skipped Trigger Rule is deprecated. Please use `none_failed_min_one_success`.
[2025-11-18T04:38:19.198+0000] {processor.py:840} INFO - DAG(s) '01_demo_basic_dag' retrieved from /opt/airflow/dags/01_demo_basic_dag.py
[2025-11-18T04:38:19.209+0000] {logging_mixin.py:188} INFO - [2025-11-18T04:38:19.208+0000] {dag.py:3033} INFO - Sync 1 DAGs
[2025-11-18T04:38:19.217+0000] {logging_mixin.py:188} INFO - [2025-11-18T04:38:19.217+0000] {dag.py:3820} INFO - Setting next_dagrun for 01_demo_basic_dag to 2025-11-18T02:00:00+00:00, run_after=2025-11-18T04:00:00+00:00
[2025-11-18T04:38:19.226+0000] {processor.py:183} INFO - Processing /opt/airflow/dags/01_demo_basic_dag.py took 0.041 seconds
[2025-11-18T04:38:49.456+0000] {processor.py:161} INFO - Started process (PID=409) to work on /opt/airflow/dags/01_demo_basic_dag.py
[2025-11-18T04:38:49.457+0000] {processor.py:830} INFO - Processing file /opt/airflow/dags/01_demo_basic_dag.py for tasks to queue
[2025-11-18T04:38:49.458+0000] {logging_mixin.py:188} INFO - [2025-11-18T04:38:49.458+0000] {dagbag.py:538} INFO - Filling up the DagBag from /opt/airflow/dags/01_demo_basic_dag.py
[2025-11-18T04:38:49.465+0000] {logging_mixin.py:188} WARNING - /home/airflow/.local/lib/python3.10/site-packages/airflow/models/baseoperator.py:437 RemovedInAirflow3Warning: none_failed_or_skipped Trigger Rule is deprecated. Please use `none_failed_min_one_success`.
[2025-11-18T04:38:49.466+0000] {processor.py:840} INFO - DAG(s) '01_demo_basic_dag' retrieved from /opt/airflow/dags/01_demo_basic_dag.py
[2025-11-18T04:38:49.476+0000] {logging_mixin.py:188} INFO - [2025-11-18T04:38:49.476+0000] {dag.py:3033} INFO - Sync 1 DAGs
[2025-11-18T04:38:49.486+0000] {logging_mixin.py:188} INFO - [2025-11-18T04:38:49.486+0000] {dag.py:3820} INFO - Setting next_dagrun for 01_demo_basic_dag to 2025-11-18T02:00:00+00:00, run_after=2025-11-18T04:00:00+00:00
[2025-11-18T04:38:49.493+0000] {processor.py:183} INFO - Processing /opt/airflow/dags/01_demo_basic_dag.py took 0.038 seconds
[2025-11-18T04:39:19.708+0000] {processor.py:161} INFO - Started process (PID=412) to work on /opt/airflow/dags/01_demo_basic_dag.py
[2025-11-18T04:39:19.709+0000] {processor.py:830} INFO - Processing file /opt/airflow/dags/01_demo_basic_dag.py for tasks to queue
[2025-11-18T04:39:19.710+0000] {logging_mixin.py:188} INFO - [2025-11-18T04:39:19.710+0000] {dagbag.py:538} INFO - Filling up the DagBag from /opt/airflow/dags/01_demo_basic_dag.py
[2025-11-18T04:39:19.721+0000] {logging_mixin.py:188} WARNING - /home/airflow/.local/lib/python3.10/site-packages/airflow/models/baseoperator.py:437 RemovedInAirflow3Warning: none_failed_or_skipped Trigger Rule is deprecated. Please use `none_failed_min_one_success`.
[2025-11-18T04:39:19.723+0000] {processor.py:840} INFO - DAG(s) '01_demo_basic_dag' retrieved from /opt/airflow/dags/01_demo_basic_dag.py
[2025-11-18T04:39:19.736+0000] {logging_mixin.py:188} INFO - [2025-11-18T04:39:19.736+0000] {dag.py:3033} INFO - Sync 1 DAGs
[2025-11-18T04:39:19.746+0000] {logging_mixin.py:188} INFO - [2025-11-18T04:39:19.746+0000] {dag.py:3820} INFO - Setting next_dagrun for 01_demo_basic_dag to 2025-11-18T02:00:00+00:00, run_after=2025-11-18T04:00:00+00:00
[2025-11-18T04:39:19.753+0000] {processor.py:183} INFO - Processing /opt/airflow/dags/01_demo_basic_dag.py took 0.047 seconds
[2025-11-18T04:39:49.992+0000] {processor.py:161} INFO - Started process (PID=415) to work on /opt/airflow/dags/01_demo_basic_dag.py
[2025-11-18T04:39:49.992+0000] {processor.py:830} INFO - Processing file /opt/airflow/dags/01_demo_basic_dag.py for tasks to queue
[2025-11-18T04:39:49.993+0000] {logging_mixin.py:188} INFO - [2025-11-18T04:39:49.993+0000] {dagbag.py:538} INFO - Filling up the DagBag from /opt/airflow/dags/01_demo_basic_dag.py
[2025-11-18T04:39:50.001+0000] {logging_mixin.py:188} WARNING - /home/airflow/.local/lib/python3.10/site-packages/airflow/models/baseoperator.py:437 RemovedInAirflow3Warning: none_failed_or_skipped Trigger Rule is deprecated. Please use `none_failed_min_one_success`.
[2025-11-18T04:39:50.003+0000] {processor.py:840} INFO - DAG(s) '01_demo_basic_dag' retrieved from /opt/airflow/dags/01_demo_basic_dag.py
[2025-11-18T04:39:50.014+0000] {logging_mixin.py:188} INFO - [2025-11-18T04:39:50.014+0000] {dag.py:3033} INFO - Sync 1 DAGs
[2025-11-18T04:39:50.024+0000] {logging_mixin.py:188} INFO - [2025-11-18T04:39:50.024+0000] {dag.py:3820} INFO - Setting next_dagrun for 01_demo_basic_dag to 2025-11-18T02:00:00+00:00, run_after=2025-11-18T04:00:00+00:00
[2025-11-18T04:39:50.032+0000] {processor.py:183} INFO - Processing /opt/airflow/dags/01_demo_basic_dag.py took 0.042 seconds
[2025-11-18T04:40:20.267+0000] {processor.py:161} INFO - Started process (PID=418) to work on /opt/airflow/dags/01_demo_basic_dag.py
[2025-11-18T04:40:20.267+0000] {processor.py:830} INFO - Processing file /opt/airflow/dags/01_demo_basic_dag.py for tasks to queue
[2025-11-18T04:40:20.268+0000] {logging_mixin.py:188} INFO - [2025-11-18T04:40:20.268+0000] {dagbag.py:538} INFO - Filling up the DagBag from /opt/airflow/dags/01_demo_basic_dag.py
[2025-11-18T04:40:20.276+0000] {logging_mixin.py:188} WARNING - /home/airflow/.local/lib/python3.10/site-packages/airflow/models/baseoperator.py:437 RemovedInAirflow3Warning: none_failed_or_skipped Trigger Rule is deprecated. Please use `none_failed_min_one_success`.
[2025-11-18T04:40:20.278+0000] {processor.py:840} INFO - DAG(s) '01_demo_basic_dag' retrieved from /opt/airflow/dags/01_demo_basic_dag.py
[2025-11-18T04:40:20.291+0000] {logging_mixin.py:188} INFO - [2025-11-18T04:40:20.290+0000] {dag.py:3033} INFO - Sync 1 DAGs
[2025-11-18T04:40:20.300+0000] {logging_mixin.py:188} INFO - [2025-11-18T04:40:20.300+0000] {dag.py:3820} INFO - Setting next_dagrun for 01_demo_basic_dag to 2025-11-18T02:00:00+00:00, run_after=2025-11-18T04:00:00+00:00
[2025-11-18T04:40:20.308+0000] {processor.py:183} INFO - Processing /opt/airflow/dags/01_demo_basic_dag.py took 0.043 seconds
[2025-11-18T04:40:50.531+0000] {processor.py:161} INFO - Started process (PID=421) to work on /opt/airflow/dags/01_demo_basic_dag.py
[2025-11-18T04:40:50.531+0000] {processor.py:830} INFO - Processing file /opt/airflow/dags/01_demo_basic_dag.py for tasks to queue
[2025-11-18T04:40:50.532+0000] {logging_mixin.py:188} INFO - [2025-11-18T04:40:50.532+0000] {dagbag.py:538} INFO - Filling up the DagBag from /opt/airflow/dags/01_demo_basic_dag.py
[2025-11-18T04:40:50.540+0000] {logging_mixin.py:188} WARNING - /home/airflow/.local/lib/python3.10/site-packages/airflow/models/baseoperator.py:437 RemovedInAirflow3Warning: none_failed_or_skipped Trigger Rule is deprecated. Please use `none_failed_min_one_success`.
[2025-11-18T04:40:50.542+0000] {processor.py:840} INFO - DAG(s) '01_demo_basic_dag' retrieved from /opt/airflow/dags/01_demo_basic_dag.py
[2025-11-18T04:40:50.552+0000] {logging_mixin.py:188} INFO - [2025-11-18T04:40:50.552+0000] {dag.py:3033} INFO - Sync 1 DAGs
[2025-11-18T04:40:50.561+0000] {logging_mixin.py:188} INFO - [2025-11-18T04:40:50.561+0000] {dag.py:3820} INFO - Setting next_dagrun for 01_demo_basic_dag to 2025-11-18T02:00:00+00:00, run_after=2025-11-18T04:00:00+00:00
[2025-11-18T04:40:50.569+0000] {processor.py:183} INFO - Processing /opt/airflow/dags/01_demo_basic_dag.py took 0.040 seconds
[2025-11-18T04:41:20.808+0000] {processor.py:161} INFO - Started process (PID=424) to work on /opt/airflow/dags/01_demo_basic_dag.py
[2025-11-18T04:41:20.809+0000] {processor.py:830} INFO - Processing file /opt/airflow/dags/01_demo_basic_dag.py for tasks to queue
[2025-11-18T04:41:20.810+0000] {logging_mixin.py:188} INFO - [2025-11-18T04:41:20.809+0000] {dagbag.py:538} INFO - Filling up the DagBag from /opt/airflow/dags/01_demo_basic_dag.py
[2025-11-18T04:41:20.817+0000] {logging_mixin.py:188} WARNING - /home/airflow/.local/lib/python3.10/site-packages/airflow/models/baseoperator.py:437 RemovedInAirflow3Warning: none_failed_or_skipped Trigger Rule is deprecated. Please use `none_failed_min_one_success`.
[2025-11-18T04:41:20.818+0000] {processor.py:840} INFO - DAG(s) '01_demo_basic_dag' retrieved from /opt/airflow/dags/01_demo_basic_dag.py
[2025-11-18T04:41:20.829+0000] {logging_mixin.py:188} INFO - [2025-11-18T04:41:20.829+0000] {dag.py:3033} INFO - Sync 1 DAGs
[2025-11-18T04:41:20.837+0000] {logging_mixin.py:188} INFO - [2025-11-18T04:41:20.837+0000] {dag.py:3820} INFO - Setting next_dagrun for 01_demo_basic_dag to 2025-11-18T02:00:00+00:00, run_after=2025-11-18T04:00:00+00:00
[2025-11-18T04:41:20.844+0000] {processor.py:183} INFO - Processing /opt/airflow/dags/01_demo_basic_dag.py took 0.038 seconds
[2025-11-18T04:41:51.055+0000] {processor.py:161} INFO - Started process (PID=427) to work on /opt/airflow/dags/01_demo_basic_dag.py
[2025-11-18T04:41:51.055+0000] {processor.py:830} INFO - Processing file /opt/airflow/dags/01_demo_basic_dag.py for tasks to queue
[2025-11-18T04:41:51.057+0000] {logging_mixin.py:188} INFO - [2025-11-18T04:41:51.056+0000] {dagbag.py:538} INFO - Filling up the DagBag from /opt/airflow/dags/01_demo_basic_dag.py
[2025-11-18T04:41:51.064+0000] {logging_mixin.py:188} WARNING - /home/airflow/.local/lib/python3.10/site-packages/airflow/models/baseoperator.py:437 RemovedInAirflow3Warning: none_failed_or_skipped Trigger Rule is deprecated. Please use `none_failed_min_one_success`.
[2025-11-18T04:41:51.066+0000] {processor.py:840} INFO - DAG(s) '01_demo_basic_dag' retrieved from /opt/airflow/dags/01_demo_basic_dag.py
[2025-11-18T04:41:51.076+0000] {logging_mixin.py:188} INFO - [2025-11-18T04:41:51.076+0000] {dag.py:3033} INFO - Sync 1 DAGs
[2025-11-18T04:41:51.085+0000] {logging_mixin.py:188} INFO - [2025-11-18T04:41:51.085+0000] {dag.py:3820} INFO - Setting next_dagrun for 01_demo_basic_dag to 2025-11-18T02:00:00+00:00, run_after=2025-11-18T04:00:00+00:00
[2025-11-18T04:41:51.093+0000] {processor.py:183} INFO - Processing /opt/airflow/dags/01_demo_basic_dag.py took 0.040 seconds
[2025-11-18T04:42:21.313+0000] {processor.py:161} INFO - Started process (PID=430) to work on /opt/airflow/dags/01_demo_basic_dag.py
[2025-11-18T04:42:21.313+0000] {processor.py:830} INFO - Processing file /opt/airflow/dags/01_demo_basic_dag.py for tasks to queue
[2025-11-18T04:42:21.314+0000] {logging_mixin.py:188} INFO - [2025-11-18T04:42:21.314+0000] {dagbag.py:538} INFO - Filling up the DagBag from /opt/airflow/dags/01_demo_basic_dag.py
[2025-11-18T04:42:21.323+0000] {logging_mixin.py:188} WARNING - /home/airflow/.local/lib/python3.10/site-packages/airflow/models/baseoperator.py:437 RemovedInAirflow3Warning: none_failed_or_skipped Trigger Rule is deprecated. Please use `none_failed_min_one_success`.
[2025-11-18T04:42:21.325+0000] {processor.py:840} INFO - DAG(s) '01_demo_basic_dag' retrieved from /opt/airflow/dags/01_demo_basic_dag.py
[2025-11-18T04:42:21.339+0000] {logging_mixin.py:188} INFO - [2025-11-18T04:42:21.338+0000] {dag.py:3033} INFO - Sync 1 DAGs
[2025-11-18T04:42:21.350+0000] {logging_mixin.py:188} INFO - [2025-11-18T04:42:21.350+0000] {dag.py:3820} INFO - Setting next_dagrun for 01_demo_basic_dag to 2025-11-18T02:00:00+00:00, run_after=2025-11-18T04:00:00+00:00
[2025-11-18T04:42:21.357+0000] {processor.py:183} INFO - Processing /opt/airflow/dags/01_demo_basic_dag.py took 0.047 seconds
[2025-11-18T04:42:51.589+0000] {processor.py:161} INFO - Started process (PID=433) to work on /opt/airflow/dags/01_demo_basic_dag.py
[2025-11-18T04:42:51.589+0000] {processor.py:830} INFO - Processing file /opt/airflow/dags/01_demo_basic_dag.py for tasks to queue
[2025-11-18T04:42:51.590+0000] {logging_mixin.py:188} INFO - [2025-11-18T04:42:51.590+0000] {dagbag.py:538} INFO - Filling up the DagBag from /opt/airflow/dags/01_demo_basic_dag.py
[2025-11-18T04:42:51.599+0000] {logging_mixin.py:188} WARNING - /home/airflow/.local/lib/python3.10/site-packages/airflow/models/baseoperator.py:437 RemovedInAirflow3Warning: none_failed_or_skipped Trigger Rule is deprecated. Please use `none_failed_min_one_success`.
[2025-11-18T04:42:51.600+0000] {processor.py:840} INFO - DAG(s) '01_demo_basic_dag' retrieved from /opt/airflow/dags/01_demo_basic_dag.py
[2025-11-18T04:42:51.611+0000] {logging_mixin.py:188} INFO - [2025-11-18T04:42:51.611+0000] {dag.py:3033} INFO - Sync 1 DAGs
[2025-11-18T04:42:51.622+0000] {logging_mixin.py:188} INFO - [2025-11-18T04:42:51.622+0000] {dag.py:3820} INFO - Setting next_dagrun for 01_demo_basic_dag to 2025-11-18T02:00:00+00:00, run_after=2025-11-18T04:00:00+00:00
[2025-11-18T04:42:51.631+0000] {processor.py:183} INFO - Processing /opt/airflow/dags/01_demo_basic_dag.py took 0.043 seconds
[2025-11-18T04:43:21.862+0000] {processor.py:161} INFO - Started process (PID=436) to work on /opt/airflow/dags/01_demo_basic_dag.py
[2025-11-18T04:43:21.862+0000] {processor.py:830} INFO - Processing file /opt/airflow/dags/01_demo_basic_dag.py for tasks to queue
[2025-11-18T04:43:21.864+0000] {logging_mixin.py:188} INFO - [2025-11-18T04:43:21.864+0000] {dagbag.py:538} INFO - Filling up the DagBag from /opt/airflow/dags/01_demo_basic_dag.py
[2025-11-18T04:43:21.872+0000] {logging_mixin.py:188} WARNING - /home/airflow/.local/lib/python3.10/site-packages/airflow/models/baseoperator.py:437 RemovedInAirflow3Warning: none_failed_or_skipped Trigger Rule is deprecated. Please use `none_failed_min_one_success`.
[2025-11-18T04:43:21.873+0000] {processor.py:840} INFO - DAG(s) '01_demo_basic_dag' retrieved from /opt/airflow/dags/01_demo_basic_dag.py
[2025-11-18T04:43:21.883+0000] {logging_mixin.py:188} INFO - [2025-11-18T04:43:21.883+0000] {dag.py:3033} INFO - Sync 1 DAGs
[2025-11-18T04:43:21.893+0000] {logging_mixin.py:188} INFO - [2025-11-18T04:43:21.892+0000] {dag.py:3820} INFO - Setting next_dagrun for 01_demo_basic_dag to 2025-11-18T02:00:00+00:00, run_after=2025-11-18T04:00:00+00:00
[2025-11-18T04:43:21.900+0000] {processor.py:183} INFO - Processing /opt/airflow/dags/01_demo_basic_dag.py took 0.040 seconds
[2025-11-18T04:43:52.107+0000] {processor.py:161} INFO - Started process (PID=439) to work on /opt/airflow/dags/01_demo_basic_dag.py
[2025-11-18T04:43:52.108+0000] {processor.py:830} INFO - Processing file /opt/airflow/dags/01_demo_basic_dag.py for tasks to queue
[2025-11-18T04:43:52.109+0000] {logging_mixin.py:188} INFO - [2025-11-18T04:43:52.109+0000] {dagbag.py:538} INFO - Filling up the DagBag from /opt/airflow/dags/01_demo_basic_dag.py
[2025-11-18T04:43:52.117+0000] {logging_mixin.py:188} WARNING - /home/airflow/.local/lib/python3.10/site-packages/airflow/models/baseoperator.py:437 RemovedInAirflow3Warning: none_failed_or_skipped Trigger Rule is deprecated. Please use `none_failed_min_one_success`.
[2025-11-18T04:43:52.118+0000] {processor.py:840} INFO - DAG(s) '01_demo_basic_dag' retrieved from /opt/airflow/dags/01_demo_basic_dag.py
[2025-11-18T04:43:52.129+0000] {logging_mixin.py:188} INFO - [2025-11-18T04:43:52.129+0000] {dag.py:3033} INFO - Sync 1 DAGs
[2025-11-18T04:43:52.138+0000] {logging_mixin.py:188} INFO - [2025-11-18T04:43:52.138+0000] {dag.py:3820} INFO - Setting next_dagrun for 01_demo_basic_dag to 2025-11-18T02:00:00+00:00, run_after=2025-11-18T04:00:00+00:00
[2025-11-18T04:43:52.146+0000] {processor.py:183} INFO - Processing /opt/airflow/dags/01_demo_basic_dag.py took 0.041 seconds
[2025-11-18T04:44:22.373+0000] {processor.py:161} INFO - Started process (PID=442) to work on /opt/airflow/dags/01_demo_basic_dag.py
[2025-11-18T04:44:22.374+0000] {processor.py:830} INFO - Processing file /opt/airflow/dags/01_demo_basic_dag.py for tasks to queue
[2025-11-18T04:44:22.375+0000] {logging_mixin.py:188} INFO - [2025-11-18T04:44:22.375+0000] {dagbag.py:538} INFO - Filling up the DagBag from /opt/airflow/dags/01_demo_basic_dag.py
[2025-11-18T04:44:22.382+0000] {logging_mixin.py:188} WARNING - /home/airflow/.local/lib/python3.10/site-packages/airflow/models/baseoperator.py:437 RemovedInAirflow3Warning: none_failed_or_skipped Trigger Rule is deprecated. Please use `none_failed_min_one_success`.
[2025-11-18T04:44:22.384+0000] {processor.py:840} INFO - DAG(s) '01_demo_basic_dag' retrieved from /opt/airflow/dags/01_demo_basic_dag.py
[2025-11-18T04:44:22.394+0000] {logging_mixin.py:188} INFO - [2025-11-18T04:44:22.394+0000] {dag.py:3033} INFO - Sync 1 DAGs
[2025-11-18T04:44:22.403+0000] {logging_mixin.py:188} INFO - [2025-11-18T04:44:22.403+0000] {dag.py:3820} INFO - Setting next_dagrun for 01_demo_basic_dag to 2025-11-18T02:00:00+00:00, run_after=2025-11-18T04:00:00+00:00
[2025-11-18T04:44:22.411+0000] {processor.py:183} INFO - Processing /opt/airflow/dags/01_demo_basic_dag.py took 0.040 seconds
[2025-11-18T04:44:52.641+0000] {processor.py:161} INFO - Started process (PID=445) to work on /opt/airflow/dags/01_demo_basic_dag.py
[2025-11-18T04:44:52.642+0000] {processor.py:830} INFO - Processing file /opt/airflow/dags/01_demo_basic_dag.py for tasks to queue
[2025-11-18T04:44:52.643+0000] {logging_mixin.py:188} INFO - [2025-11-18T04:44:52.643+0000] {dagbag.py:538} INFO - Filling up the DagBag from /opt/airflow/dags/01_demo_basic_dag.py
[2025-11-18T04:44:52.650+0000] {logging_mixin.py:188} WARNING - /home/airflow/.local/lib/python3.10/site-packages/airflow/models/baseoperator.py:437 RemovedInAirflow3Warning: none_failed_or_skipped Trigger Rule is deprecated. Please use `none_failed_min_one_success`.
[2025-11-18T04:44:52.652+0000] {processor.py:840} INFO - DAG(s) '01_demo_basic_dag' retrieved from /opt/airflow/dags/01_demo_basic_dag.py
[2025-11-18T04:44:52.662+0000] {logging_mixin.py:188} INFO - [2025-11-18T04:44:52.662+0000] {dag.py:3033} INFO - Sync 1 DAGs
[2025-11-18T04:44:52.672+0000] {logging_mixin.py:188} INFO - [2025-11-18T04:44:52.671+0000] {dag.py:3820} INFO - Setting next_dagrun for 01_demo_basic_dag to 2025-11-18T02:00:00+00:00, run_after=2025-11-18T04:00:00+00:00
[2025-11-18T04:44:52.680+0000] {processor.py:183} INFO - Processing /opt/airflow/dags/01_demo_basic_dag.py took 0.041 seconds
[2025-11-18T04:45:22.898+0000] {processor.py:161} INFO - Started process (PID=448) to work on /opt/airflow/dags/01_demo_basic_dag.py
[2025-11-18T04:45:22.899+0000] {processor.py:830} INFO - Processing file /opt/airflow/dags/01_demo_basic_dag.py for tasks to queue
[2025-11-18T04:45:22.900+0000] {logging_mixin.py:188} INFO - [2025-11-18T04:45:22.900+0000] {dagbag.py:538} INFO - Filling up the DagBag from /opt/airflow/dags/01_demo_basic_dag.py
[2025-11-18T04:45:22.908+0000] {logging_mixin.py:188} WARNING - /home/airflow/.local/lib/python3.10/site-packages/airflow/models/baseoperator.py:437 RemovedInAirflow3Warning: none_failed_or_skipped Trigger Rule is deprecated. Please use `none_failed_min_one_success`.
[2025-11-18T04:45:22.909+0000] {processor.py:840} INFO - DAG(s) '01_demo_basic_dag' retrieved from /opt/airflow/dags/01_demo_basic_dag.py
[2025-11-18T04:45:22.919+0000] {logging_mixin.py:188} INFO - [2025-11-18T04:45:22.919+0000] {dag.py:3033} INFO - Sync 1 DAGs
[2025-11-18T04:45:22.929+0000] {logging_mixin.py:188} INFO - [2025-11-18T04:45:22.929+0000] {dag.py:3820} INFO - Setting next_dagrun for 01_demo_basic_dag to 2025-11-18T02:00:00+00:00, run_after=2025-11-18T04:00:00+00:00
[2025-11-18T04:45:22.937+0000] {processor.py:183} INFO - Processing /opt/airflow/dags/01_demo_basic_dag.py took 0.041 seconds
[2025-11-18T04:45:53.175+0000] {processor.py:161} INFO - Started process (PID=451) to work on /opt/airflow/dags/01_demo_basic_dag.py
[2025-11-18T04:45:53.175+0000] {processor.py:830} INFO - Processing file /opt/airflow/dags/01_demo_basic_dag.py for tasks to queue
[2025-11-18T04:45:53.177+0000] {logging_mixin.py:188} INFO - [2025-11-18T04:45:53.177+0000] {dagbag.py:538} INFO - Filling up the DagBag from /opt/airflow/dags/01_demo_basic_dag.py
[2025-11-18T04:45:53.189+0000] {logging_mixin.py:188} WARNING - /home/airflow/.local/lib/python3.10/site-packages/airflow/models/baseoperator.py:437 RemovedInAirflow3Warning: none_failed_or_skipped Trigger Rule is deprecated. Please use `none_failed_min_one_success`.
[2025-11-18T04:45:53.190+0000] {processor.py:840} INFO - DAG(s) '01_demo_basic_dag' retrieved from /opt/airflow/dags/01_demo_basic_dag.py
[2025-11-18T04:45:53.202+0000] {logging_mixin.py:188} INFO - [2025-11-18T04:45:53.202+0000] {dag.py:3033} INFO - Sync 1 DAGs
[2025-11-18T04:45:53.212+0000] {logging_mixin.py:188} INFO - [2025-11-18T04:45:53.212+0000] {dag.py:3820} INFO - Setting next_dagrun for 01_demo_basic_dag to 2025-11-18T02:00:00+00:00, run_after=2025-11-18T04:00:00+00:00
[2025-11-18T04:45:53.219+0000] {processor.py:183} INFO - Processing /opt/airflow/dags/01_demo_basic_dag.py took 0.047 seconds
[2025-11-18T04:46:23.464+0000] {processor.py:161} INFO - Started process (PID=454) to work on /opt/airflow/dags/01_demo_basic_dag.py
[2025-11-18T04:46:23.464+0000] {processor.py:830} INFO - Processing file /opt/airflow/dags/01_demo_basic_dag.py for tasks to queue
[2025-11-18T04:46:23.465+0000] {logging_mixin.py:188} INFO - [2025-11-18T04:46:23.465+0000] {dagbag.py:538} INFO - Filling up the DagBag from /opt/airflow/dags/01_demo_basic_dag.py
[2025-11-18T04:46:23.473+0000] {logging_mixin.py:188} WARNING - /home/airflow/.local/lib/python3.10/site-packages/airflow/models/baseoperator.py:437 RemovedInAirflow3Warning: none_failed_or_skipped Trigger Rule is deprecated. Please use `none_failed_min_one_success`.
[2025-11-18T04:46:23.474+0000] {processor.py:840} INFO - DAG(s) '01_demo_basic_dag' retrieved from /opt/airflow/dags/01_demo_basic_dag.py
[2025-11-18T04:46:23.484+0000] {logging_mixin.py:188} INFO - [2025-11-18T04:46:23.484+0000] {dag.py:3033} INFO - Sync 1 DAGs
[2025-11-18T04:46:23.493+0000] {logging_mixin.py:188} INFO - [2025-11-18T04:46:23.493+0000] {dag.py:3820} INFO - Setting next_dagrun for 01_demo_basic_dag to 2025-11-18T02:00:00+00:00, run_after=2025-11-18T04:00:00+00:00
[2025-11-18T04:46:23.500+0000] {processor.py:183} INFO - Processing /opt/airflow/dags/01_demo_basic_dag.py took 0.038 seconds
[2025-11-18T04:46:53.708+0000] {processor.py:161} INFO - Started process (PID=457) to work on /opt/airflow/dags/01_demo_basic_dag.py
[2025-11-18T04:46:53.709+0000] {processor.py:830} INFO - Processing file /opt/airflow/dags/01_demo_basic_dag.py for tasks to queue
[2025-11-18T04:46:53.710+0000] {logging_mixin.py:188} INFO - [2025-11-18T04:46:53.710+0000] {dagbag.py:538} INFO - Filling up the DagBag from /opt/airflow/dags/01_demo_basic_dag.py
[2025-11-18T04:46:53.718+0000] {logging_mixin.py:188} WARNING - /home/airflow/.local/lib/python3.10/site-packages/airflow/models/baseoperator.py:437 RemovedInAirflow3Warning: none_failed_or_skipped Trigger Rule is deprecated. Please use `none_failed_min_one_success`.
[2025-11-18T04:46:53.719+0000] {processor.py:840} INFO - DAG(s) '01_demo_basic_dag' retrieved from /opt/airflow/dags/01_demo_basic_dag.py
[2025-11-18T04:46:53.729+0000] {logging_mixin.py:188} INFO - [2025-11-18T04:46:53.729+0000] {dag.py:3033} INFO - Sync 1 DAGs
[2025-11-18T04:46:53.738+0000] {logging_mixin.py:188} INFO - [2025-11-18T04:46:53.738+0000] {dag.py:3820} INFO - Setting next_dagrun for 01_demo_basic_dag to 2025-11-18T02:00:00+00:00, run_after=2025-11-18T04:00:00+00:00
[2025-11-18T04:46:53.746+0000] {processor.py:183} INFO - Processing /opt/airflow/dags/01_demo_basic_dag.py took 0.039 seconds
[2025-11-18T04:47:23.944+0000] {processor.py:161} INFO - Started process (PID=460) to work on /opt/airflow/dags/01_demo_basic_dag.py
[2025-11-18T04:47:23.944+0000] {processor.py:830} INFO - Processing file /opt/airflow/dags/01_demo_basic_dag.py for tasks to queue
[2025-11-18T04:47:23.946+0000] {logging_mixin.py:188} INFO - [2025-11-18T04:47:23.945+0000] {dagbag.py:538} INFO - Filling up the DagBag from /opt/airflow/dags/01_demo_basic_dag.py
[2025-11-18T04:47:23.953+0000] {logging_mixin.py:188} WARNING - /home/airflow/.local/lib/python3.10/site-packages/airflow/models/baseoperator.py:437 RemovedInAirflow3Warning: none_failed_or_skipped Trigger Rule is deprecated. Please use `none_failed_min_one_success`.
[2025-11-18T04:47:23.955+0000] {processor.py:840} INFO - DAG(s) '01_demo_basic_dag' retrieved from /opt/airflow/dags/01_demo_basic_dag.py
[2025-11-18T04:47:23.965+0000] {logging_mixin.py:188} INFO - [2025-11-18T04:47:23.965+0000] {dag.py:3033} INFO - Sync 1 DAGs
[2025-11-18T04:47:23.974+0000] {logging_mixin.py:188} INFO - [2025-11-18T04:47:23.974+0000] {dag.py:3820} INFO - Setting next_dagrun for 01_demo_basic_dag to 2025-11-18T02:00:00+00:00, run_after=2025-11-18T04:00:00+00:00
[2025-11-18T04:47:23.982+0000] {processor.py:183} INFO - Processing /opt/airflow/dags/01_demo_basic_dag.py took 0.040 seconds
[2025-11-18T04:47:54.197+0000] {processor.py:161} INFO - Started process (PID=463) to work on /opt/airflow/dags/01_demo_basic_dag.py
[2025-11-18T04:47:54.197+0000] {processor.py:830} INFO - Processing file /opt/airflow/dags/01_demo_basic_dag.py for tasks to queue
[2025-11-18T04:47:54.198+0000] {logging_mixin.py:188} INFO - [2025-11-18T04:47:54.198+0000] {dagbag.py:538} INFO - Filling up the DagBag from /opt/airflow/dags/01_demo_basic_dag.py
[2025-11-18T04:47:54.206+0000] {logging_mixin.py:188} WARNING - /home/airflow/.local/lib/python3.10/site-packages/airflow/models/baseoperator.py:437 RemovedInAirflow3Warning: none_failed_or_skipped Trigger Rule is deprecated. Please use `none_failed_min_one_success`.
[2025-11-18T04:47:54.208+0000] {processor.py:840} INFO - DAG(s) '01_demo_basic_dag' retrieved from /opt/airflow/dags/01_demo_basic_dag.py
[2025-11-18T04:47:54.218+0000] {logging_mixin.py:188} INFO - [2025-11-18T04:47:54.218+0000] {dag.py:3033} INFO - Sync 1 DAGs
[2025-11-18T04:47:54.228+0000] {logging_mixin.py:188} INFO - [2025-11-18T04:47:54.227+0000] {dag.py:3820} INFO - Setting next_dagrun for 01_demo_basic_dag to 2025-11-18T02:00:00+00:00, run_after=2025-11-18T04:00:00+00:00
[2025-11-18T04:47:54.236+0000] {processor.py:183} INFO - Processing /opt/airflow/dags/01_demo_basic_dag.py took 0.041 seconds
[2025-11-18T04:48:24.432+0000] {processor.py:161} INFO - Started process (PID=466) to work on /opt/airflow/dags/01_demo_basic_dag.py
[2025-11-18T04:48:24.432+0000] {processor.py:830} INFO - Processing file /opt/airflow/dags/01_demo_basic_dag.py for tasks to queue
[2025-11-18T04:48:24.434+0000] {logging_mixin.py:188} INFO - [2025-11-18T04:48:24.433+0000] {dagbag.py:538} INFO - Filling up the DagBag from /opt/airflow/dags/01_demo_basic_dag.py
[2025-11-18T04:48:24.442+0000] {logging_mixin.py:188} WARNING - /home/airflow/.local/lib/python3.10/site-packages/airflow/models/baseoperator.py:437 RemovedInAirflow3Warning: none_failed_or_skipped Trigger Rule is deprecated. Please use `none_failed_min_one_success`.
[2025-11-18T04:48:24.444+0000] {processor.py:840} INFO - DAG(s) '01_demo_basic_dag' retrieved from /opt/airflow/dags/01_demo_basic_dag.py
[2025-11-18T04:48:24.455+0000] {logging_mixin.py:188} INFO - [2025-11-18T04:48:24.454+0000] {dag.py:3033} INFO - Sync 1 DAGs
[2025-11-18T04:48:24.467+0000] {logging_mixin.py:188} INFO - [2025-11-18T04:48:24.467+0000] {dag.py:3820} INFO - Setting next_dagrun for 01_demo_basic_dag to 2025-11-18T02:00:00+00:00, run_after=2025-11-18T04:00:00+00:00
[2025-11-18T04:48:24.474+0000] {processor.py:183} INFO - Processing /opt/airflow/dags/01_demo_basic_dag.py took 0.044 seconds
[2025-11-18T04:48:54.670+0000] {processor.py:161} INFO - Started process (PID=469) to work on /opt/airflow/dags/01_demo_basic_dag.py
[2025-11-18T04:48:54.670+0000] {processor.py:830} INFO - Processing file /opt/airflow/dags/01_demo_basic_dag.py for tasks to queue
[2025-11-18T04:48:54.672+0000] {logging_mixin.py:188} INFO - [2025-11-18T04:48:54.671+0000] {dagbag.py:538} INFO - Filling up the DagBag from /opt/airflow/dags/01_demo_basic_dag.py
[2025-11-18T04:48:54.680+0000] {logging_mixin.py:188} WARNING - /home/airflow/.local/lib/python3.10/site-packages/airflow/models/baseoperator.py:437 RemovedInAirflow3Warning: none_failed_or_skipped Trigger Rule is deprecated. Please use `none_failed_min_one_success`.
[2025-11-18T04:48:54.681+0000] {processor.py:840} INFO - DAG(s) '01_demo_basic_dag' retrieved from /opt/airflow/dags/01_demo_basic_dag.py
[2025-11-18T04:48:54.692+0000] {logging_mixin.py:188} INFO - [2025-11-18T04:48:54.691+0000] {dag.py:3033} INFO - Sync 1 DAGs
[2025-11-18T04:48:54.701+0000] {logging_mixin.py:188} INFO - [2025-11-18T04:48:54.701+0000] {dag.py:3820} INFO - Setting next_dagrun for 01_demo_basic_dag to 2025-11-18T02:00:00+00:00, run_after=2025-11-18T04:00:00+00:00
[2025-11-18T04:48:54.709+0000] {processor.py:183} INFO - Processing /opt/airflow/dags/01_demo_basic_dag.py took 0.041 seconds
[2025-11-18T04:49:24.927+0000] {processor.py:161} INFO - Started process (PID=472) to work on /opt/airflow/dags/01_demo_basic_dag.py
[2025-11-18T04:49:24.927+0000] {processor.py:830} INFO - Processing file /opt/airflow/dags/01_demo_basic_dag.py for tasks to queue
[2025-11-18T04:49:24.928+0000] {logging_mixin.py:188} INFO - [2025-11-18T04:49:24.928+0000] {dagbag.py:538} INFO - Filling up the DagBag from /opt/airflow/dags/01_demo_basic_dag.py
[2025-11-18T04:49:24.936+0000] {logging_mixin.py:188} WARNING - /home/airflow/.local/lib/python3.10/site-packages/airflow/models/baseoperator.py:437 RemovedInAirflow3Warning: none_failed_or_skipped Trigger Rule is deprecated. Please use `none_failed_min_one_success`.
[2025-11-18T04:49:24.937+0000] {processor.py:840} INFO - DAG(s) '01_demo_basic_dag' retrieved from /opt/airflow/dags/01_demo_basic_dag.py
[2025-11-18T04:49:24.948+0000] {logging_mixin.py:188} INFO - [2025-11-18T04:49:24.948+0000] {dag.py:3033} INFO - Sync 1 DAGs
[2025-11-18T04:49:24.957+0000] {logging_mixin.py:188} INFO - [2025-11-18T04:49:24.957+0000] {dag.py:3820} INFO - Setting next_dagrun for 01_demo_basic_dag to 2025-11-18T02:00:00+00:00, run_after=2025-11-18T04:00:00+00:00
[2025-11-18T04:49:24.965+0000] {processor.py:183} INFO - Processing /opt/airflow/dags/01_demo_basic_dag.py took 0.040 seconds
[2025-11-18T04:49:55.193+0000] {processor.py:161} INFO - Started process (PID=475) to work on /opt/airflow/dags/01_demo_basic_dag.py
[2025-11-18T04:49:55.194+0000] {processor.py:830} INFO - Processing file /opt/airflow/dags/01_demo_basic_dag.py for tasks to queue
[2025-11-18T04:49:55.195+0000] {logging_mixin.py:188} INFO - [2025-11-18T04:49:55.195+0000] {dagbag.py:538} INFO - Filling up the DagBag from /opt/airflow/dags/01_demo_basic_dag.py
[2025-11-18T04:49:55.204+0000] {logging_mixin.py:188} WARNING - /home/airflow/.local/lib/python3.10/site-packages/airflow/models/baseoperator.py:437 RemovedInAirflow3Warning: none_failed_or_skipped Trigger Rule is deprecated. Please use `none_failed_min_one_success`.
[2025-11-18T04:49:55.205+0000] {processor.py:840} INFO - DAG(s) '01_demo_basic_dag' retrieved from /opt/airflow/dags/01_demo_basic_dag.py
[2025-11-18T04:49:55.217+0000] {logging_mixin.py:188} INFO - [2025-11-18T04:49:55.217+0000] {dag.py:3033} INFO - Sync 1 DAGs
[2025-11-18T04:49:55.227+0000] {logging_mixin.py:188} INFO - [2025-11-18T04:49:55.227+0000] {dag.py:3820} INFO - Setting next_dagrun for 01_demo_basic_dag to 2025-11-18T02:00:00+00:00, run_after=2025-11-18T04:00:00+00:00
[2025-11-18T04:49:55.237+0000] {processor.py:183} INFO - Processing /opt/airflow/dags/01_demo_basic_dag.py took 0.046 seconds
[2025-11-18T04:50:25.454+0000] {processor.py:161} INFO - Started process (PID=478) to work on /opt/airflow/dags/01_demo_basic_dag.py
[2025-11-18T04:50:25.455+0000] {processor.py:830} INFO - Processing file /opt/airflow/dags/01_demo_basic_dag.py for tasks to queue
[2025-11-18T04:50:25.456+0000] {logging_mixin.py:188} INFO - [2025-11-18T04:50:25.456+0000] {dagbag.py:538} INFO - Filling up the DagBag from /opt/airflow/dags/01_demo_basic_dag.py
[2025-11-18T04:50:25.463+0000] {logging_mixin.py:188} WARNING - /home/airflow/.local/lib/python3.10/site-packages/airflow/models/baseoperator.py:437 RemovedInAirflow3Warning: none_failed_or_skipped Trigger Rule is deprecated. Please use `none_failed_min_one_success`.
[2025-11-18T04:50:25.465+0000] {processor.py:840} INFO - DAG(s) '01_demo_basic_dag' retrieved from /opt/airflow/dags/01_demo_basic_dag.py
[2025-11-18T04:50:25.475+0000] {logging_mixin.py:188} INFO - [2025-11-18T04:50:25.475+0000] {dag.py:3033} INFO - Sync 1 DAGs
[2025-11-18T04:50:25.486+0000] {logging_mixin.py:188} INFO - [2025-11-18T04:50:25.486+0000] {dag.py:3820} INFO - Setting next_dagrun for 01_demo_basic_dag to 2025-11-18T02:00:00+00:00, run_after=2025-11-18T04:00:00+00:00
[2025-11-18T04:50:25.495+0000] {processor.py:183} INFO - Processing /opt/airflow/dags/01_demo_basic_dag.py took 0.043 seconds
[2025-11-18T04:50:55.696+0000] {processor.py:161} INFO - Started process (PID=481) to work on /opt/airflow/dags/01_demo_basic_dag.py
[2025-11-18T04:50:55.696+0000] {processor.py:830} INFO - Processing file /opt/airflow/dags/01_demo_basic_dag.py for tasks to queue
[2025-11-18T04:50:55.698+0000] {logging_mixin.py:188} INFO - [2025-11-18T04:50:55.698+0000] {dagbag.py:538} INFO - Filling up the DagBag from /opt/airflow/dags/01_demo_basic_dag.py
[2025-11-18T04:50:55.705+0000] {logging_mixin.py:188} WARNING - /home/airflow/.local/lib/python3.10/site-packages/airflow/models/baseoperator.py:437 RemovedInAirflow3Warning: none_failed_or_skipped Trigger Rule is deprecated. Please use `none_failed_min_one_success`.
[2025-11-18T04:50:55.706+0000] {processor.py:840} INFO - DAG(s) '01_demo_basic_dag' retrieved from /opt/airflow/dags/01_demo_basic_dag.py
[2025-11-18T04:50:55.717+0000] {logging_mixin.py:188} INFO - [2025-11-18T04:50:55.716+0000] {dag.py:3033} INFO - Sync 1 DAGs
[2025-11-18T04:50:55.726+0000] {logging_mixin.py:188} INFO - [2025-11-18T04:50:55.726+0000] {dag.py:3820} INFO - Setting next_dagrun for 01_demo_basic_dag to 2025-11-18T02:00:00+00:00, run_after=2025-11-18T04:00:00+00:00
[2025-11-18T04:50:55.733+0000] {processor.py:183} INFO - Processing /opt/airflow/dags/01_demo_basic_dag.py took 0.039 seconds
[2025-11-18T04:51:25.958+0000] {processor.py:161} INFO - Started process (PID=484) to work on /opt/airflow/dags/01_demo_basic_dag.py
[2025-11-18T04:51:25.958+0000] {processor.py:830} INFO - Processing file /opt/airflow/dags/01_demo_basic_dag.py for tasks to queue
[2025-11-18T04:51:25.960+0000] {logging_mixin.py:188} INFO - [2025-11-18T04:51:25.959+0000] {dagbag.py:538} INFO - Filling up the DagBag from /opt/airflow/dags/01_demo_basic_dag.py
[2025-11-18T04:51:25.967+0000] {logging_mixin.py:188} WARNING - /home/airflow/.local/lib/python3.10/site-packages/airflow/models/baseoperator.py:437 RemovedInAirflow3Warning: none_failed_or_skipped Trigger Rule is deprecated. Please use `none_failed_min_one_success`.
[2025-11-18T04:51:25.968+0000] {processor.py:840} INFO - DAG(s) '01_demo_basic_dag' retrieved from /opt/airflow/dags/01_demo_basic_dag.py
[2025-11-18T04:51:25.980+0000] {logging_mixin.py:188} INFO - [2025-11-18T04:51:25.980+0000] {dag.py:3033} INFO - Sync 1 DAGs
[2025-11-18T04:51:25.990+0000] {logging_mixin.py:188} INFO - [2025-11-18T04:51:25.990+0000] {dag.py:3820} INFO - Setting next_dagrun for 01_demo_basic_dag to 2025-11-18T02:00:00+00:00, run_after=2025-11-18T04:00:00+00:00
[2025-11-18T04:51:25.998+0000] {processor.py:183} INFO - Processing /opt/airflow/dags/01_demo_basic_dag.py took 0.041 seconds
[2025-11-18T04:51:56.239+0000] {processor.py:161} INFO - Started process (PID=487) to work on /opt/airflow/dags/01_demo_basic_dag.py
[2025-11-18T04:51:56.239+0000] {processor.py:830} INFO - Processing file /opt/airflow/dags/01_demo_basic_dag.py for tasks to queue
[2025-11-18T04:51:56.240+0000] {logging_mixin.py:188} INFO - [2025-11-18T04:51:56.240+0000] {dagbag.py:538} INFO - Filling up the DagBag from /opt/airflow/dags/01_demo_basic_dag.py
[2025-11-18T04:51:56.247+0000] {logging_mixin.py:188} WARNING - /home/airflow/.local/lib/python3.10/site-packages/airflow/models/baseoperator.py:437 RemovedInAirflow3Warning: none_failed_or_skipped Trigger Rule is deprecated. Please use `none_failed_min_one_success`.
[2025-11-18T04:51:56.249+0000] {processor.py:840} INFO - DAG(s) '01_demo_basic_dag' retrieved from /opt/airflow/dags/01_demo_basic_dag.py
[2025-11-18T04:51:56.258+0000] {logging_mixin.py:188} INFO - [2025-11-18T04:51:56.258+0000] {dag.py:3033} INFO - Sync 1 DAGs
[2025-11-18T04:51:56.268+0000] {logging_mixin.py:188} INFO - [2025-11-18T04:51:56.267+0000] {dag.py:3820} INFO - Setting next_dagrun for 01_demo_basic_dag to 2025-11-18T02:00:00+00:00, run_after=2025-11-18T04:00:00+00:00
[2025-11-18T04:51:56.275+0000] {processor.py:183} INFO - Processing /opt/airflow/dags/01_demo_basic_dag.py took 0.038 seconds
[2025-11-18T04:52:26.512+0000] {processor.py:161} INFO - Started process (PID=490) to work on /opt/airflow/dags/01_demo_basic_dag.py
[2025-11-18T04:52:26.512+0000] {processor.py:830} INFO - Processing file /opt/airflow/dags/01_demo_basic_dag.py for tasks to queue
[2025-11-18T04:52:26.513+0000] {logging_mixin.py:188} INFO - [2025-11-18T04:52:26.513+0000] {dagbag.py:538} INFO - Filling up the DagBag from /opt/airflow/dags/01_demo_basic_dag.py
[2025-11-18T04:52:26.522+0000] {logging_mixin.py:188} WARNING - /home/airflow/.local/lib/python3.10/site-packages/airflow/models/baseoperator.py:437 RemovedInAirflow3Warning: none_failed_or_skipped Trigger Rule is deprecated. Please use `none_failed_min_one_success`.
[2025-11-18T04:52:26.523+0000] {processor.py:840} INFO - DAG(s) '01_demo_basic_dag' retrieved from /opt/airflow/dags/01_demo_basic_dag.py
[2025-11-18T04:52:26.533+0000] {logging_mixin.py:188} INFO - [2025-11-18T04:52:26.533+0000] {dag.py:3033} INFO - Sync 1 DAGs
[2025-11-18T04:52:26.542+0000] {logging_mixin.py:188} INFO - [2025-11-18T04:52:26.542+0000] {dag.py:3820} INFO - Setting next_dagrun for 01_demo_basic_dag to 2025-11-18T02:00:00+00:00, run_after=2025-11-18T04:00:00+00:00
[2025-11-18T04:52:26.549+0000] {processor.py:183} INFO - Processing /opt/airflow/dags/01_demo_basic_dag.py took 0.040 seconds
[2025-11-18T04:52:56.774+0000] {processor.py:161} INFO - Started process (PID=493) to work on /opt/airflow/dags/01_demo_basic_dag.py
[2025-11-18T04:52:56.774+0000] {processor.py:830} INFO - Processing file /opt/airflow/dags/01_demo_basic_dag.py for tasks to queue
[2025-11-18T04:52:56.775+0000] {logging_mixin.py:188} INFO - [2025-11-18T04:52:56.775+0000] {dagbag.py:538} INFO - Filling up the DagBag from /opt/airflow/dags/01_demo_basic_dag.py
[2025-11-18T04:52:56.783+0000] {logging_mixin.py:188} WARNING - /home/airflow/.local/lib/python3.10/site-packages/airflow/models/baseoperator.py:437 RemovedInAirflow3Warning: none_failed_or_skipped Trigger Rule is deprecated. Please use `none_failed_min_one_success`.
[2025-11-18T04:52:56.785+0000] {processor.py:840} INFO - DAG(s) '01_demo_basic_dag' retrieved from /opt/airflow/dags/01_demo_basic_dag.py
[2025-11-18T04:52:56.796+0000] {logging_mixin.py:188} INFO - [2025-11-18T04:52:56.796+0000] {dag.py:3033} INFO - Sync 1 DAGs
[2025-11-18T04:52:56.805+0000] {logging_mixin.py:188} INFO - [2025-11-18T04:52:56.805+0000] {dag.py:3820} INFO - Setting next_dagrun for 01_demo_basic_dag to 2025-11-18T02:00:00+00:00, run_after=2025-11-18T04:00:00+00:00
[2025-11-18T04:52:56.812+0000] {processor.py:183} INFO - Processing /opt/airflow/dags/01_demo_basic_dag.py took 0.041 seconds
[2025-11-18T04:53:27.045+0000] {processor.py:161} INFO - Started process (PID=496) to work on /opt/airflow/dags/01_demo_basic_dag.py
[2025-11-18T04:53:27.046+0000] {processor.py:830} INFO - Processing file /opt/airflow/dags/01_demo_basic_dag.py for tasks to queue
[2025-11-18T04:53:27.047+0000] {logging_mixin.py:188} INFO - [2025-11-18T04:53:27.047+0000] {dagbag.py:538} INFO - Filling up the DagBag from /opt/airflow/dags/01_demo_basic_dag.py
[2025-11-18T04:53:27.055+0000] {logging_mixin.py:188} WARNING - /home/airflow/.local/lib/python3.10/site-packages/airflow/models/baseoperator.py:437 RemovedInAirflow3Warning: none_failed_or_skipped Trigger Rule is deprecated. Please use `none_failed_min_one_success`.
[2025-11-18T04:53:27.056+0000] {processor.py:840} INFO - DAG(s) '01_demo_basic_dag' retrieved from /opt/airflow/dags/01_demo_basic_dag.py
[2025-11-18T04:53:27.066+0000] {logging_mixin.py:188} INFO - [2025-11-18T04:53:27.066+0000] {dag.py:3033} INFO - Sync 1 DAGs
[2025-11-18T04:53:27.075+0000] {logging_mixin.py:188} INFO - [2025-11-18T04:53:27.075+0000] {dag.py:3820} INFO - Setting next_dagrun for 01_demo_basic_dag to 2025-11-18T02:00:00+00:00, run_after=2025-11-18T04:00:00+00:00
[2025-11-18T04:53:27.082+0000] {processor.py:183} INFO - Processing /opt/airflow/dags/01_demo_basic_dag.py took 0.038 seconds
[2025-11-18T04:53:57.308+0000] {processor.py:161} INFO - Started process (PID=499) to work on /opt/airflow/dags/01_demo_basic_dag.py
[2025-11-18T04:53:57.308+0000] {processor.py:830} INFO - Processing file /opt/airflow/dags/01_demo_basic_dag.py for tasks to queue
[2025-11-18T04:53:57.309+0000] {logging_mixin.py:188} INFO - [2025-11-18T04:53:57.309+0000] {dagbag.py:538} INFO - Filling up the DagBag from /opt/airflow/dags/01_demo_basic_dag.py
[2025-11-18T04:53:57.317+0000] {logging_mixin.py:188} WARNING - /home/airflow/.local/lib/python3.10/site-packages/airflow/models/baseoperator.py:437 RemovedInAirflow3Warning: none_failed_or_skipped Trigger Rule is deprecated. Please use `none_failed_min_one_success`.
[2025-11-18T04:53:57.318+0000] {processor.py:840} INFO - DAG(s) '01_demo_basic_dag' retrieved from /opt/airflow/dags/01_demo_basic_dag.py
[2025-11-18T04:53:57.329+0000] {logging_mixin.py:188} INFO - [2025-11-18T04:53:57.329+0000] {dag.py:3033} INFO - Sync 1 DAGs
[2025-11-18T04:53:57.337+0000] {logging_mixin.py:188} INFO - [2025-11-18T04:53:57.337+0000] {dag.py:3820} INFO - Setting next_dagrun for 01_demo_basic_dag to 2025-11-18T02:00:00+00:00, run_after=2025-11-18T04:00:00+00:00
[2025-11-18T04:53:57.345+0000] {processor.py:183} INFO - Processing /opt/airflow/dags/01_demo_basic_dag.py took 0.039 seconds
[2025-11-18T04:54:27.558+0000] {processor.py:161} INFO - Started process (PID=502) to work on /opt/airflow/dags/01_demo_basic_dag.py
[2025-11-18T04:54:27.559+0000] {processor.py:830} INFO - Processing file /opt/airflow/dags/01_demo_basic_dag.py for tasks to queue
[2025-11-18T04:54:27.560+0000] {logging_mixin.py:188} INFO - [2025-11-18T04:54:27.560+0000] {dagbag.py:538} INFO - Filling up the DagBag from /opt/airflow/dags/01_demo_basic_dag.py
[2025-11-18T04:54:27.568+0000] {logging_mixin.py:188} WARNING - /home/airflow/.local/lib/python3.10/site-packages/airflow/models/baseoperator.py:437 RemovedInAirflow3Warning: none_failed_or_skipped Trigger Rule is deprecated. Please use `none_failed_min_one_success`.
[2025-11-18T04:54:27.569+0000] {processor.py:840} INFO - DAG(s) '01_demo_basic_dag' retrieved from /opt/airflow/dags/01_demo_basic_dag.py
[2025-11-18T04:54:27.579+0000] {logging_mixin.py:188} INFO - [2025-11-18T04:54:27.579+0000] {dag.py:3033} INFO - Sync 1 DAGs
[2025-11-18T04:54:27.589+0000] {logging_mixin.py:188} INFO - [2025-11-18T04:54:27.589+0000] {dag.py:3820} INFO - Setting next_dagrun for 01_demo_basic_dag to 2025-11-18T02:00:00+00:00, run_after=2025-11-18T04:00:00+00:00
[2025-11-18T04:54:27.595+0000] {processor.py:183} INFO - Processing /opt/airflow/dags/01_demo_basic_dag.py took 0.039 seconds
[2025-11-18T04:54:57.815+0000] {processor.py:161} INFO - Started process (PID=505) to work on /opt/airflow/dags/01_demo_basic_dag.py
[2025-11-18T04:54:57.816+0000] {processor.py:830} INFO - Processing file /opt/airflow/dags/01_demo_basic_dag.py for tasks to queue
[2025-11-18T04:54:57.817+0000] {logging_mixin.py:188} INFO - [2025-11-18T04:54:57.817+0000] {dagbag.py:538} INFO - Filling up the DagBag from /opt/airflow/dags/01_demo_basic_dag.py
[2025-11-18T04:54:57.824+0000] {logging_mixin.py:188} WARNING - /home/airflow/.local/lib/python3.10/site-packages/airflow/models/baseoperator.py:437 RemovedInAirflow3Warning: none_failed_or_skipped Trigger Rule is deprecated. Please use `none_failed_min_one_success`.
[2025-11-18T04:54:57.825+0000] {processor.py:840} INFO - DAG(s) '01_demo_basic_dag' retrieved from /opt/airflow/dags/01_demo_basic_dag.py
[2025-11-18T04:54:57.836+0000] {logging_mixin.py:188} INFO - [2025-11-18T04:54:57.836+0000] {dag.py:3033} INFO - Sync 1 DAGs
[2025-11-18T04:54:57.845+0000] {logging_mixin.py:188} INFO - [2025-11-18T04:54:57.845+0000] {dag.py:3820} INFO - Setting next_dagrun for 01_demo_basic_dag to 2025-11-18T02:00:00+00:00, run_after=2025-11-18T04:00:00+00:00
[2025-11-18T04:54:57.852+0000] {processor.py:183} INFO - Processing /opt/airflow/dags/01_demo_basic_dag.py took 0.039 seconds
[2025-11-18T04:55:28.069+0000] {processor.py:161} INFO - Started process (PID=508) to work on /opt/airflow/dags/01_demo_basic_dag.py
[2025-11-18T04:55:28.069+0000] {processor.py:830} INFO - Processing file /opt/airflow/dags/01_demo_basic_dag.py for tasks to queue
[2025-11-18T04:55:28.070+0000] {logging_mixin.py:188} INFO - [2025-11-18T04:55:28.070+0000] {dagbag.py:538} INFO - Filling up the DagBag from /opt/airflow/dags/01_demo_basic_dag.py
[2025-11-18T04:55:28.077+0000] {logging_mixin.py:188} WARNING - /home/airflow/.local/lib/python3.10/site-packages/airflow/models/baseoperator.py:437 RemovedInAirflow3Warning: none_failed_or_skipped Trigger Rule is deprecated. Please use `none_failed_min_one_success`.
[2025-11-18T04:55:28.079+0000] {processor.py:840} INFO - DAG(s) '01_demo_basic_dag' retrieved from /opt/airflow/dags/01_demo_basic_dag.py
[2025-11-18T04:55:28.089+0000] {logging_mixin.py:188} INFO - [2025-11-18T04:55:28.089+0000] {dag.py:3033} INFO - Sync 1 DAGs
[2025-11-18T04:55:28.098+0000] {logging_mixin.py:188} INFO - [2025-11-18T04:55:28.098+0000] {dag.py:3820} INFO - Setting next_dagrun for 01_demo_basic_dag to 2025-11-18T02:00:00+00:00, run_after=2025-11-18T04:00:00+00:00
[2025-11-18T04:55:28.105+0000] {processor.py:183} INFO - Processing /opt/airflow/dags/01_demo_basic_dag.py took 0.038 seconds
[2025-11-18T04:55:58.345+0000] {processor.py:161} INFO - Started process (PID=511) to work on /opt/airflow/dags/01_demo_basic_dag.py
[2025-11-18T04:55:58.345+0000] {processor.py:830} INFO - Processing file /opt/airflow/dags/01_demo_basic_dag.py for tasks to queue
[2025-11-18T04:55:58.346+0000] {logging_mixin.py:188} INFO - [2025-11-18T04:55:58.346+0000] {dagbag.py:538} INFO - Filling up the DagBag from /opt/airflow/dags/01_demo_basic_dag.py
[2025-11-18T04:55:58.354+0000] {logging_mixin.py:188} WARNING - /home/airflow/.local/lib/python3.10/site-packages/airflow/models/baseoperator.py:437 RemovedInAirflow3Warning: none_failed_or_skipped Trigger Rule is deprecated. Please use `none_failed_min_one_success`.
[2025-11-18T04:55:58.355+0000] {processor.py:840} INFO - DAG(s) '01_demo_basic_dag' retrieved from /opt/airflow/dags/01_demo_basic_dag.py
[2025-11-18T04:55:58.365+0000] {logging_mixin.py:188} INFO - [2025-11-18T04:55:58.365+0000] {dag.py:3033} INFO - Sync 1 DAGs
[2025-11-18T04:55:58.374+0000] {logging_mixin.py:188} INFO - [2025-11-18T04:55:58.374+0000] {dag.py:3820} INFO - Setting next_dagrun for 01_demo_basic_dag to 2025-11-18T02:00:00+00:00, run_after=2025-11-18T04:00:00+00:00
[2025-11-18T04:55:58.381+0000] {processor.py:183} INFO - Processing /opt/airflow/dags/01_demo_basic_dag.py took 0.038 seconds
[2025-11-18T04:56:28.634+0000] {processor.py:161} INFO - Started process (PID=514) to work on /opt/airflow/dags/01_demo_basic_dag.py
[2025-11-18T04:56:28.634+0000] {processor.py:830} INFO - Processing file /opt/airflow/dags/01_demo_basic_dag.py for tasks to queue
[2025-11-18T04:56:28.636+0000] {logging_mixin.py:188} INFO - [2025-11-18T04:56:28.635+0000] {dagbag.py:538} INFO - Filling up the DagBag from /opt/airflow/dags/01_demo_basic_dag.py
[2025-11-18T04:56:28.643+0000] {logging_mixin.py:188} WARNING - /home/airflow/.local/lib/python3.10/site-packages/airflow/models/baseoperator.py:437 RemovedInAirflow3Warning: none_failed_or_skipped Trigger Rule is deprecated. Please use `none_failed_min_one_success`.
[2025-11-18T04:56:28.644+0000] {processor.py:840} INFO - DAG(s) '01_demo_basic_dag' retrieved from /opt/airflow/dags/01_demo_basic_dag.py
[2025-11-18T04:56:28.656+0000] {logging_mixin.py:188} INFO - [2025-11-18T04:56:28.656+0000] {dag.py:3033} INFO - Sync 1 DAGs
[2025-11-18T04:56:28.665+0000] {logging_mixin.py:188} INFO - [2025-11-18T04:56:28.665+0000] {dag.py:3820} INFO - Setting next_dagrun for 01_demo_basic_dag to 2025-11-18T02:00:00+00:00, run_after=2025-11-18T04:00:00+00:00
[2025-11-18T04:56:28.672+0000] {processor.py:183} INFO - Processing /opt/airflow/dags/01_demo_basic_dag.py took 0.040 seconds
[2025-11-18T04:56:58.890+0000] {processor.py:161} INFO - Started process (PID=517) to work on /opt/airflow/dags/01_demo_basic_dag.py
[2025-11-18T04:56:58.890+0000] {processor.py:830} INFO - Processing file /opt/airflow/dags/01_demo_basic_dag.py for tasks to queue
[2025-11-18T04:56:58.892+0000] {logging_mixin.py:188} INFO - [2025-11-18T04:56:58.891+0000] {dagbag.py:538} INFO - Filling up the DagBag from /opt/airflow/dags/01_demo_basic_dag.py
[2025-11-18T04:56:58.899+0000] {logging_mixin.py:188} WARNING - /home/airflow/.local/lib/python3.10/site-packages/airflow/models/baseoperator.py:437 RemovedInAirflow3Warning: none_failed_or_skipped Trigger Rule is deprecated. Please use `none_failed_min_one_success`.
[2025-11-18T04:56:58.900+0000] {processor.py:840} INFO - DAG(s) '01_demo_basic_dag' retrieved from /opt/airflow/dags/01_demo_basic_dag.py
[2025-11-18T04:56:58.909+0000] {logging_mixin.py:188} INFO - [2025-11-18T04:56:58.909+0000] {dag.py:3033} INFO - Sync 1 DAGs
[2025-11-18T04:56:58.918+0000] {logging_mixin.py:188} INFO - [2025-11-18T04:56:58.918+0000] {dag.py:3820} INFO - Setting next_dagrun for 01_demo_basic_dag to 2025-11-18T02:00:00+00:00, run_after=2025-11-18T04:00:00+00:00
[2025-11-18T04:56:58.925+0000] {processor.py:183} INFO - Processing /opt/airflow/dags/01_demo_basic_dag.py took 0.037 seconds
[2025-11-18T05:28:41.065+0000] {processor.py:161} INFO - Started process (PID=521) to work on /opt/airflow/dags/01_demo_basic_dag.py
[2025-11-18T05:28:41.067+0000] {processor.py:830} INFO - Processing file /opt/airflow/dags/01_demo_basic_dag.py for tasks to queue
[2025-11-18T05:28:41.069+0000] {logging_mixin.py:188} INFO - [2025-11-18T05:28:41.069+0000] {dagbag.py:538} INFO - Filling up the DagBag from /opt/airflow/dags/01_demo_basic_dag.py
[2025-11-18T05:28:41.082+0000] {logging_mixin.py:188} WARNING - /home/airflow/.local/lib/python3.10/site-packages/airflow/models/baseoperator.py:437 RemovedInAirflow3Warning: none_failed_or_skipped Trigger Rule is deprecated. Please use `none_failed_min_one_success`.
[2025-11-18T05:28:41.084+0000] {processor.py:840} INFO - DAG(s) '01_demo_basic_dag' retrieved from /opt/airflow/dags/01_demo_basic_dag.py
[2025-11-18T05:28:41.098+0000] {logging_mixin.py:188} INFO - [2025-11-18T05:28:41.098+0000] {dag.py:3033} INFO - Sync 1 DAGs
[2025-11-18T05:28:41.112+0000] {logging_mixin.py:188} INFO - [2025-11-18T05:28:41.112+0000] {dag.py:3820} INFO - Setting next_dagrun for 01_demo_basic_dag to 2025-11-18T02:00:00+00:00, run_after=2025-11-18T04:00:00+00:00
[2025-11-18T05:28:41.124+0000] {processor.py:183} INFO - Processing /opt/airflow/dags/01_demo_basic_dag.py took 0.061 seconds
[2025-11-18T05:29:11.353+0000] {processor.py:161} INFO - Started process (PID=524) to work on /opt/airflow/dags/01_demo_basic_dag.py
[2025-11-18T05:29:11.354+0000] {processor.py:830} INFO - Processing file /opt/airflow/dags/01_demo_basic_dag.py for tasks to queue
[2025-11-18T05:29:11.358+0000] {logging_mixin.py:188} INFO - [2025-11-18T05:29:11.357+0000] {dagbag.py:538} INFO - Filling up the DagBag from /opt/airflow/dags/01_demo_basic_dag.py
[2025-11-18T05:29:11.369+0000] {logging_mixin.py:188} WARNING - /home/airflow/.local/lib/python3.10/site-packages/airflow/models/baseoperator.py:437 RemovedInAirflow3Warning: none_failed_or_skipped Trigger Rule is deprecated. Please use `none_failed_min_one_success`.
[2025-11-18T05:29:11.372+0000] {processor.py:840} INFO - DAG(s) '01_demo_basic_dag' retrieved from /opt/airflow/dags/01_demo_basic_dag.py
[2025-11-18T05:29:11.385+0000] {logging_mixin.py:188} INFO - [2025-11-18T05:29:11.384+0000] {dag.py:3033} INFO - Sync 1 DAGs
[2025-11-18T05:29:11.396+0000] {logging_mixin.py:188} INFO - [2025-11-18T05:29:11.396+0000] {dag.py:3820} INFO - Setting next_dagrun for 01_demo_basic_dag to 2025-11-18T02:00:00+00:00, run_after=2025-11-18T04:00:00+00:00
[2025-11-18T05:29:11.407+0000] {processor.py:183} INFO - Processing /opt/airflow/dags/01_demo_basic_dag.py took 0.057 seconds
[2025-11-18T05:29:41.647+0000] {processor.py:161} INFO - Started process (PID=527) to work on /opt/airflow/dags/01_demo_basic_dag.py
[2025-11-18T05:29:41.648+0000] {processor.py:830} INFO - Processing file /opt/airflow/dags/01_demo_basic_dag.py for tasks to queue
[2025-11-18T05:29:41.649+0000] {logging_mixin.py:188} INFO - [2025-11-18T05:29:41.649+0000] {dagbag.py:538} INFO - Filling up the DagBag from /opt/airflow/dags/01_demo_basic_dag.py
[2025-11-18T05:29:41.661+0000] {logging_mixin.py:188} WARNING - /home/airflow/.local/lib/python3.10/site-packages/airflow/models/baseoperator.py:437 RemovedInAirflow3Warning: none_failed_or_skipped Trigger Rule is deprecated. Please use `none_failed_min_one_success`.
[2025-11-18T05:29:41.663+0000] {processor.py:840} INFO - DAG(s) '01_demo_basic_dag' retrieved from /opt/airflow/dags/01_demo_basic_dag.py
[2025-11-18T05:29:41.676+0000] {logging_mixin.py:188} INFO - [2025-11-18T05:29:41.676+0000] {dag.py:3033} INFO - Sync 1 DAGs
[2025-11-18T05:29:41.687+0000] {logging_mixin.py:188} INFO - [2025-11-18T05:29:41.687+0000] {dag.py:3820} INFO - Setting next_dagrun for 01_demo_basic_dag to 2025-11-18T02:00:00+00:00, run_after=2025-11-18T04:00:00+00:00
[2025-11-18T05:29:41.695+0000] {processor.py:183} INFO - Processing /opt/airflow/dags/01_demo_basic_dag.py took 0.050 seconds
[2025-11-18T05:30:11.941+0000] {processor.py:161} INFO - Started process (PID=530) to work on /opt/airflow/dags/01_demo_basic_dag.py
[2025-11-18T05:30:11.942+0000] {processor.py:830} INFO - Processing file /opt/airflow/dags/01_demo_basic_dag.py for tasks to queue
[2025-11-18T05:30:11.944+0000] {logging_mixin.py:188} INFO - [2025-11-18T05:30:11.944+0000] {dagbag.py:538} INFO - Filling up the DagBag from /opt/airflow/dags/01_demo_basic_dag.py
[2025-11-18T05:30:11.954+0000] {logging_mixin.py:188} WARNING - /home/airflow/.local/lib/python3.10/site-packages/airflow/models/baseoperator.py:437 RemovedInAirflow3Warning: none_failed_or_skipped Trigger Rule is deprecated. Please use `none_failed_min_one_success`.
[2025-11-18T05:30:11.956+0000] {processor.py:840} INFO - DAG(s) '01_demo_basic_dag' retrieved from /opt/airflow/dags/01_demo_basic_dag.py
[2025-11-18T05:30:11.970+0000] {logging_mixin.py:188} INFO - [2025-11-18T05:30:11.970+0000] {dag.py:3033} INFO - Sync 1 DAGs
[2025-11-18T05:30:11.981+0000] {logging_mixin.py:188} INFO - [2025-11-18T05:30:11.981+0000] {dag.py:3820} INFO - Setting next_dagrun for 01_demo_basic_dag to 2025-11-18T02:00:00+00:00, run_after=2025-11-18T04:00:00+00:00
[2025-11-18T05:30:11.988+0000] {processor.py:183} INFO - Processing /opt/airflow/dags/01_demo_basic_dag.py took 0.049 seconds
[2025-11-18T05:30:42.232+0000] {processor.py:161} INFO - Started process (PID=533) to work on /opt/airflow/dags/01_demo_basic_dag.py
[2025-11-18T05:30:42.232+0000] {processor.py:830} INFO - Processing file /opt/airflow/dags/01_demo_basic_dag.py for tasks to queue
[2025-11-18T05:30:42.233+0000] {logging_mixin.py:188} INFO - [2025-11-18T05:30:42.233+0000] {dagbag.py:538} INFO - Filling up the DagBag from /opt/airflow/dags/01_demo_basic_dag.py
[2025-11-18T05:30:42.240+0000] {logging_mixin.py:188} WARNING - /home/airflow/.local/lib/python3.10/site-packages/airflow/models/baseoperator.py:437 RemovedInAirflow3Warning: none_failed_or_skipped Trigger Rule is deprecated. Please use `none_failed_min_one_success`.
[2025-11-18T05:30:42.241+0000] {processor.py:840} INFO - DAG(s) '01_demo_basic_dag' retrieved from /opt/airflow/dags/01_demo_basic_dag.py
[2025-11-18T05:30:42.254+0000] {logging_mixin.py:188} INFO - [2025-11-18T05:30:42.254+0000] {dag.py:3033} INFO - Sync 1 DAGs
[2025-11-18T05:30:42.263+0000] {logging_mixin.py:188} INFO - [2025-11-18T05:30:42.263+0000] {dag.py:3820} INFO - Setting next_dagrun for 01_demo_basic_dag to 2025-11-18T02:00:00+00:00, run_after=2025-11-18T04:00:00+00:00
[2025-11-18T05:30:42.271+0000] {processor.py:183} INFO - Processing /opt/airflow/dags/01_demo_basic_dag.py took 0.041 seconds
[2025-11-18T05:31:12.517+0000] {processor.py:161} INFO - Started process (PID=536) to work on /opt/airflow/dags/01_demo_basic_dag.py
[2025-11-18T05:31:12.518+0000] {processor.py:830} INFO - Processing file /opt/airflow/dags/01_demo_basic_dag.py for tasks to queue
[2025-11-18T05:31:12.520+0000] {logging_mixin.py:188} INFO - [2025-11-18T05:31:12.519+0000] {dagbag.py:538} INFO - Filling up the DagBag from /opt/airflow/dags/01_demo_basic_dag.py
[2025-11-18T05:31:12.533+0000] {logging_mixin.py:188} WARNING - /home/airflow/.local/lib/python3.10/site-packages/airflow/models/baseoperator.py:437 RemovedInAirflow3Warning: none_failed_or_skipped Trigger Rule is deprecated. Please use `none_failed_min_one_success`.
[2025-11-18T05:31:12.534+0000] {processor.py:840} INFO - DAG(s) '01_demo_basic_dag' retrieved from /opt/airflow/dags/01_demo_basic_dag.py
[2025-11-18T05:31:12.546+0000] {logging_mixin.py:188} INFO - [2025-11-18T05:31:12.546+0000] {dag.py:3033} INFO - Sync 1 DAGs
[2025-11-18T05:31:12.557+0000] {logging_mixin.py:188} INFO - [2025-11-18T05:31:12.557+0000] {dag.py:3820} INFO - Setting next_dagrun for 01_demo_basic_dag to 2025-11-18T02:00:00+00:00, run_after=2025-11-18T04:00:00+00:00
[2025-11-18T05:31:12.566+0000] {processor.py:183} INFO - Processing /opt/airflow/dags/01_demo_basic_dag.py took 0.051 seconds
[2025-11-18T05:31:42.780+0000] {processor.py:161} INFO - Started process (PID=539) to work on /opt/airflow/dags/01_demo_basic_dag.py
[2025-11-18T05:31:42.781+0000] {processor.py:830} INFO - Processing file /opt/airflow/dags/01_demo_basic_dag.py for tasks to queue
[2025-11-18T05:31:42.784+0000] {logging_mixin.py:188} INFO - [2025-11-18T05:31:42.784+0000] {dagbag.py:538} INFO - Filling up the DagBag from /opt/airflow/dags/01_demo_basic_dag.py
[2025-11-18T05:31:42.791+0000] {logging_mixin.py:188} WARNING - /home/airflow/.local/lib/python3.10/site-packages/airflow/models/baseoperator.py:437 RemovedInAirflow3Warning: none_failed_or_skipped Trigger Rule is deprecated. Please use `none_failed_min_one_success`.
[2025-11-18T05:31:42.792+0000] {processor.py:840} INFO - DAG(s) '01_demo_basic_dag' retrieved from /opt/airflow/dags/01_demo_basic_dag.py
[2025-11-18T05:31:42.805+0000] {logging_mixin.py:188} INFO - [2025-11-18T05:31:42.805+0000] {dag.py:3033} INFO - Sync 1 DAGs
[2025-11-18T05:31:42.813+0000] {logging_mixin.py:188} INFO - [2025-11-18T05:31:42.813+0000] {dag.py:3820} INFO - Setting next_dagrun for 01_demo_basic_dag to 2025-11-18T02:00:00+00:00, run_after=2025-11-18T04:00:00+00:00
[2025-11-18T05:31:42.821+0000] {processor.py:183} INFO - Processing /opt/airflow/dags/01_demo_basic_dag.py took 0.042 seconds
[2025-11-18T05:32:13.073+0000] {processor.py:161} INFO - Started process (PID=542) to work on /opt/airflow/dags/01_demo_basic_dag.py
[2025-11-18T05:32:13.074+0000] {processor.py:830} INFO - Processing file /opt/airflow/dags/01_demo_basic_dag.py for tasks to queue
[2025-11-18T05:32:13.076+0000] {logging_mixin.py:188} INFO - [2025-11-18T05:32:13.076+0000] {dagbag.py:538} INFO - Filling up the DagBag from /opt/airflow/dags/01_demo_basic_dag.py
[2025-11-18T05:32:13.087+0000] {logging_mixin.py:188} WARNING - /home/airflow/.local/lib/python3.10/site-packages/airflow/models/baseoperator.py:437 RemovedInAirflow3Warning: none_failed_or_skipped Trigger Rule is deprecated. Please use `none_failed_min_one_success`.
[2025-11-18T05:32:13.088+0000] {processor.py:840} INFO - DAG(s) '01_demo_basic_dag' retrieved from /opt/airflow/dags/01_demo_basic_dag.py
[2025-11-18T05:32:13.099+0000] {logging_mixin.py:188} INFO - [2025-11-18T05:32:13.099+0000] {dag.py:3033} INFO - Sync 1 DAGs
[2025-11-18T05:32:13.111+0000] {logging_mixin.py:188} INFO - [2025-11-18T05:32:13.111+0000] {dag.py:3820} INFO - Setting next_dagrun for 01_demo_basic_dag to 2025-11-18T02:00:00+00:00, run_after=2025-11-18T04:00:00+00:00
[2025-11-18T05:32:13.118+0000] {processor.py:183} INFO - Processing /opt/airflow/dags/01_demo_basic_dag.py took 0.046 seconds
[2025-11-18T05:32:43.383+0000] {processor.py:161} INFO - Started process (PID=545) to work on /opt/airflow/dags/01_demo_basic_dag.py
[2025-11-18T05:32:43.384+0000] {processor.py:830} INFO - Processing file /opt/airflow/dags/01_demo_basic_dag.py for tasks to queue
[2025-11-18T05:32:43.386+0000] {logging_mixin.py:188} INFO - [2025-11-18T05:32:43.386+0000] {dagbag.py:538} INFO - Filling up the DagBag from /opt/airflow/dags/01_demo_basic_dag.py
[2025-11-18T05:32:43.395+0000] {logging_mixin.py:188} WARNING - /home/airflow/.local/lib/python3.10/site-packages/airflow/models/baseoperator.py:437 RemovedInAirflow3Warning: none_failed_or_skipped Trigger Rule is deprecated. Please use `none_failed_min_one_success`.
[2025-11-18T05:32:43.397+0000] {processor.py:840} INFO - DAG(s) '01_demo_basic_dag' retrieved from /opt/airflow/dags/01_demo_basic_dag.py
[2025-11-18T05:32:43.410+0000] {logging_mixin.py:188} INFO - [2025-11-18T05:32:43.410+0000] {dag.py:3033} INFO - Sync 1 DAGs
[2025-11-18T05:32:43.419+0000] {logging_mixin.py:188} INFO - [2025-11-18T05:32:43.419+0000] {dag.py:3820} INFO - Setting next_dagrun for 01_demo_basic_dag to 2025-11-18T02:00:00+00:00, run_after=2025-11-18T04:00:00+00:00
[2025-11-18T05:32:43.427+0000] {processor.py:183} INFO - Processing /opt/airflow/dags/01_demo_basic_dag.py took 0.046 seconds
[2025-11-18T05:33:13.675+0000] {processor.py:161} INFO - Started process (PID=548) to work on /opt/airflow/dags/01_demo_basic_dag.py
[2025-11-18T05:33:13.676+0000] {processor.py:830} INFO - Processing file /opt/airflow/dags/01_demo_basic_dag.py for tasks to queue
[2025-11-18T05:33:13.677+0000] {logging_mixin.py:188} INFO - [2025-11-18T05:33:13.677+0000] {dagbag.py:538} INFO - Filling up the DagBag from /opt/airflow/dags/01_demo_basic_dag.py
[2025-11-18T05:33:13.689+0000] {logging_mixin.py:188} WARNING - /home/airflow/.local/lib/python3.10/site-packages/airflow/models/baseoperator.py:437 RemovedInAirflow3Warning: none_failed_or_skipped Trigger Rule is deprecated. Please use `none_failed_min_one_success`.
[2025-11-18T05:33:13.691+0000] {processor.py:840} INFO - DAG(s) '01_demo_basic_dag' retrieved from /opt/airflow/dags/01_demo_basic_dag.py
[2025-11-18T05:33:13.701+0000] {logging_mixin.py:188} INFO - [2025-11-18T05:33:13.701+0000] {dag.py:3033} INFO - Sync 1 DAGs
[2025-11-18T05:33:13.713+0000] {logging_mixin.py:188} INFO - [2025-11-18T05:33:13.713+0000] {dag.py:3820} INFO - Setting next_dagrun for 01_demo_basic_dag to 2025-11-18T02:00:00+00:00, run_after=2025-11-18T04:00:00+00:00
[2025-11-18T05:33:13.725+0000] {processor.py:183} INFO - Processing /opt/airflow/dags/01_demo_basic_dag.py took 0.052 seconds
[2025-11-18T05:33:44.009+0000] {processor.py:161} INFO - Started process (PID=551) to work on /opt/airflow/dags/01_demo_basic_dag.py
[2025-11-18T05:33:44.009+0000] {processor.py:830} INFO - Processing file /opt/airflow/dags/01_demo_basic_dag.py for tasks to queue
[2025-11-18T05:33:44.011+0000] {logging_mixin.py:188} INFO - [2025-11-18T05:33:44.011+0000] {dagbag.py:538} INFO - Filling up the DagBag from /opt/airflow/dags/01_demo_basic_dag.py
[2025-11-18T05:33:44.023+0000] {logging_mixin.py:188} WARNING - /home/airflow/.local/lib/python3.10/site-packages/airflow/models/baseoperator.py:437 RemovedInAirflow3Warning: none_failed_or_skipped Trigger Rule is deprecated. Please use `none_failed_min_one_success`.
[2025-11-18T05:33:44.024+0000] {processor.py:840} INFO - DAG(s) '01_demo_basic_dag' retrieved from /opt/airflow/dags/01_demo_basic_dag.py
[2025-11-18T05:33:44.034+0000] {logging_mixin.py:188} INFO - [2025-11-18T05:33:44.034+0000] {dag.py:3033} INFO - Sync 1 DAGs
[2025-11-18T05:33:44.045+0000] {logging_mixin.py:188} INFO - [2025-11-18T05:33:44.045+0000] {dag.py:3820} INFO - Setting next_dagrun for 01_demo_basic_dag to 2025-11-18T02:00:00+00:00, run_after=2025-11-18T04:00:00+00:00
[2025-11-18T05:33:44.052+0000] {processor.py:183} INFO - Processing /opt/airflow/dags/01_demo_basic_dag.py took 0.045 seconds
[2025-11-18T05:34:14.296+0000] {processor.py:161} INFO - Started process (PID=554) to work on /opt/airflow/dags/01_demo_basic_dag.py
[2025-11-18T05:34:14.297+0000] {processor.py:830} INFO - Processing file /opt/airflow/dags/01_demo_basic_dag.py for tasks to queue
[2025-11-18T05:34:14.298+0000] {logging_mixin.py:188} INFO - [2025-11-18T05:34:14.298+0000] {dagbag.py:538} INFO - Filling up the DagBag from /opt/airflow/dags/01_demo_basic_dag.py
[2025-11-18T05:34:14.308+0000] {logging_mixin.py:188} WARNING - /home/airflow/.local/lib/python3.10/site-packages/airflow/models/baseoperator.py:437 RemovedInAirflow3Warning: none_failed_or_skipped Trigger Rule is deprecated. Please use `none_failed_min_one_success`.
[2025-11-18T05:34:14.309+0000] {processor.py:840} INFO - DAG(s) '01_demo_basic_dag' retrieved from /opt/airflow/dags/01_demo_basic_dag.py
[2025-11-18T05:34:14.323+0000] {logging_mixin.py:188} INFO - [2025-11-18T05:34:14.323+0000] {dag.py:3033} INFO - Sync 1 DAGs
[2025-11-18T05:34:14.334+0000] {logging_mixin.py:188} INFO - [2025-11-18T05:34:14.334+0000] {dag.py:3820} INFO - Setting next_dagrun for 01_demo_basic_dag to 2025-11-18T02:00:00+00:00, run_after=2025-11-18T04:00:00+00:00
[2025-11-18T05:34:14.341+0000] {processor.py:183} INFO - Processing /opt/airflow/dags/01_demo_basic_dag.py took 0.047 seconds
[2025-11-18T05:34:44.578+0000] {processor.py:161} INFO - Started process (PID=557) to work on /opt/airflow/dags/01_demo_basic_dag.py
[2025-11-18T05:34:44.579+0000] {processor.py:830} INFO - Processing file /opt/airflow/dags/01_demo_basic_dag.py for tasks to queue
[2025-11-18T05:34:44.580+0000] {logging_mixin.py:188} INFO - [2025-11-18T05:34:44.580+0000] {dagbag.py:538} INFO - Filling up the DagBag from /opt/airflow/dags/01_demo_basic_dag.py
[2025-11-18T05:34:44.588+0000] {logging_mixin.py:188} WARNING - /home/airflow/.local/lib/python3.10/site-packages/airflow/models/baseoperator.py:437 RemovedInAirflow3Warning: none_failed_or_skipped Trigger Rule is deprecated. Please use `none_failed_min_one_success`.
[2025-11-18T05:34:44.590+0000] {processor.py:840} INFO - DAG(s) '01_demo_basic_dag' retrieved from /opt/airflow/dags/01_demo_basic_dag.py
[2025-11-18T05:34:44.602+0000] {logging_mixin.py:188} INFO - [2025-11-18T05:34:44.602+0000] {dag.py:3033} INFO - Sync 1 DAGs
[2025-11-18T05:34:44.613+0000] {logging_mixin.py:188} INFO - [2025-11-18T05:34:44.613+0000] {dag.py:3820} INFO - Setting next_dagrun for 01_demo_basic_dag to 2025-11-18T02:00:00+00:00, run_after=2025-11-18T04:00:00+00:00
[2025-11-18T05:34:44.621+0000] {processor.py:183} INFO - Processing /opt/airflow/dags/01_demo_basic_dag.py took 0.045 seconds
[2025-11-18T05:35:14.850+0000] {processor.py:161} INFO - Started process (PID=560) to work on /opt/airflow/dags/01_demo_basic_dag.py
[2025-11-18T05:35:14.852+0000] {processor.py:830} INFO - Processing file /opt/airflow/dags/01_demo_basic_dag.py for tasks to queue
[2025-11-18T05:35:14.854+0000] {logging_mixin.py:188} INFO - [2025-11-18T05:35:14.854+0000] {dagbag.py:538} INFO - Filling up the DagBag from /opt/airflow/dags/01_demo_basic_dag.py
[2025-11-18T05:35:14.863+0000] {logging_mixin.py:188} WARNING - /home/airflow/.local/lib/python3.10/site-packages/airflow/models/baseoperator.py:437 RemovedInAirflow3Warning: none_failed_or_skipped Trigger Rule is deprecated. Please use `none_failed_min_one_success`.
[2025-11-18T05:35:14.864+0000] {processor.py:840} INFO - DAG(s) '01_demo_basic_dag' retrieved from /opt/airflow/dags/01_demo_basic_dag.py
[2025-11-18T05:35:14.878+0000] {logging_mixin.py:188} INFO - [2025-11-18T05:35:14.878+0000] {dag.py:3033} INFO - Sync 1 DAGs
[2025-11-18T05:35:14.889+0000] {logging_mixin.py:188} INFO - [2025-11-18T05:35:14.889+0000] {dag.py:3820} INFO - Setting next_dagrun for 01_demo_basic_dag to 2025-11-18T02:00:00+00:00, run_after=2025-11-18T04:00:00+00:00
[2025-11-18T05:35:14.898+0000] {processor.py:183} INFO - Processing /opt/airflow/dags/01_demo_basic_dag.py took 0.051 seconds
[2025-11-18T05:35:45.152+0000] {processor.py:161} INFO - Started process (PID=563) to work on /opt/airflow/dags/01_demo_basic_dag.py
[2025-11-18T05:35:45.153+0000] {processor.py:830} INFO - Processing file /opt/airflow/dags/01_demo_basic_dag.py for tasks to queue
[2025-11-18T05:35:45.154+0000] {logging_mixin.py:188} INFO - [2025-11-18T05:35:45.154+0000] {dagbag.py:538} INFO - Filling up the DagBag from /opt/airflow/dags/01_demo_basic_dag.py
[2025-11-18T05:35:45.164+0000] {logging_mixin.py:188} WARNING - /home/airflow/.local/lib/python3.10/site-packages/airflow/models/baseoperator.py:437 RemovedInAirflow3Warning: none_failed_or_skipped Trigger Rule is deprecated. Please use `none_failed_min_one_success`.
[2025-11-18T05:35:45.166+0000] {processor.py:840} INFO - DAG(s) '01_demo_basic_dag' retrieved from /opt/airflow/dags/01_demo_basic_dag.py
[2025-11-18T05:35:45.180+0000] {logging_mixin.py:188} INFO - [2025-11-18T05:35:45.180+0000] {dag.py:3033} INFO - Sync 1 DAGs
[2025-11-18T05:35:45.190+0000] {logging_mixin.py:188} INFO - [2025-11-18T05:35:45.190+0000] {dag.py:3820} INFO - Setting next_dagrun for 01_demo_basic_dag to 2025-11-18T02:00:00+00:00, run_after=2025-11-18T04:00:00+00:00
[2025-11-18T05:35:45.197+0000] {processor.py:183} INFO - Processing /opt/airflow/dags/01_demo_basic_dag.py took 0.047 seconds
[2025-11-18T05:36:15.444+0000] {processor.py:161} INFO - Started process (PID=566) to work on /opt/airflow/dags/01_demo_basic_dag.py
[2025-11-18T05:36:15.444+0000] {processor.py:830} INFO - Processing file /opt/airflow/dags/01_demo_basic_dag.py for tasks to queue
[2025-11-18T05:36:15.446+0000] {logging_mixin.py:188} INFO - [2025-11-18T05:36:15.445+0000] {dagbag.py:538} INFO - Filling up the DagBag from /opt/airflow/dags/01_demo_basic_dag.py
[2025-11-18T05:36:15.454+0000] {logging_mixin.py:188} WARNING - /home/airflow/.local/lib/python3.10/site-packages/airflow/models/baseoperator.py:437 RemovedInAirflow3Warning: none_failed_or_skipped Trigger Rule is deprecated. Please use `none_failed_min_one_success`.
[2025-11-18T05:36:15.455+0000] {processor.py:840} INFO - DAG(s) '01_demo_basic_dag' retrieved from /opt/airflow/dags/01_demo_basic_dag.py
[2025-11-18T05:36:15.467+0000] {logging_mixin.py:188} INFO - [2025-11-18T05:36:15.467+0000] {dag.py:3033} INFO - Sync 1 DAGs
[2025-11-18T05:36:15.478+0000] {logging_mixin.py:188} INFO - [2025-11-18T05:36:15.478+0000] {dag.py:3820} INFO - Setting next_dagrun for 01_demo_basic_dag to 2025-11-18T02:00:00+00:00, run_after=2025-11-18T04:00:00+00:00
[2025-11-18T05:36:15.487+0000] {processor.py:183} INFO - Processing /opt/airflow/dags/01_demo_basic_dag.py took 0.045 seconds
[2025-11-18T05:36:45.720+0000] {processor.py:161} INFO - Started process (PID=569) to work on /opt/airflow/dags/01_demo_basic_dag.py
[2025-11-18T05:36:45.721+0000] {processor.py:830} INFO - Processing file /opt/airflow/dags/01_demo_basic_dag.py for tasks to queue
[2025-11-18T05:36:45.722+0000] {logging_mixin.py:188} INFO - [2025-11-18T05:36:45.722+0000] {dagbag.py:538} INFO - Filling up the DagBag from /opt/airflow/dags/01_demo_basic_dag.py
[2025-11-18T05:36:45.733+0000] {logging_mixin.py:188} WARNING - /home/airflow/.local/lib/python3.10/site-packages/airflow/models/baseoperator.py:437 RemovedInAirflow3Warning: none_failed_or_skipped Trigger Rule is deprecated. Please use `none_failed_min_one_success`.
[2025-11-18T05:36:45.735+0000] {processor.py:840} INFO - DAG(s) '01_demo_basic_dag' retrieved from /opt/airflow/dags/01_demo_basic_dag.py
[2025-11-18T05:36:45.750+0000] {logging_mixin.py:188} INFO - [2025-11-18T05:36:45.750+0000] {dag.py:3033} INFO - Sync 1 DAGs
[2025-11-18T05:36:45.761+0000] {logging_mixin.py:188} INFO - [2025-11-18T05:36:45.760+0000] {dag.py:3820} INFO - Setting next_dagrun for 01_demo_basic_dag to 2025-11-18T02:00:00+00:00, run_after=2025-11-18T04:00:00+00:00
[2025-11-18T05:36:45.768+0000] {processor.py:183} INFO - Processing /opt/airflow/dags/01_demo_basic_dag.py took 0.050 seconds
[2025-11-18T05:37:16.000+0000] {processor.py:161} INFO - Started process (PID=572) to work on /opt/airflow/dags/01_demo_basic_dag.py
[2025-11-18T05:37:16.001+0000] {processor.py:830} INFO - Processing file /opt/airflow/dags/01_demo_basic_dag.py for tasks to queue
[2025-11-18T05:37:16.003+0000] {logging_mixin.py:188} INFO - [2025-11-18T05:37:16.003+0000] {dagbag.py:538} INFO - Filling up the DagBag from /opt/airflow/dags/01_demo_basic_dag.py
[2025-11-18T05:37:16.012+0000] {logging_mixin.py:188} WARNING - /home/airflow/.local/lib/python3.10/site-packages/airflow/models/baseoperator.py:437 RemovedInAirflow3Warning: none_failed_or_skipped Trigger Rule is deprecated. Please use `none_failed_min_one_success`.
[2025-11-18T05:37:16.014+0000] {processor.py:840} INFO - DAG(s) '01_demo_basic_dag' retrieved from /opt/airflow/dags/01_demo_basic_dag.py
[2025-11-18T05:37:16.029+0000] {logging_mixin.py:188} INFO - [2025-11-18T05:37:16.029+0000] {dag.py:3033} INFO - Sync 1 DAGs
[2025-11-18T05:37:16.039+0000] {logging_mixin.py:188} INFO - [2025-11-18T05:37:16.039+0000] {dag.py:3820} INFO - Setting next_dagrun for 01_demo_basic_dag to 2025-11-18T02:00:00+00:00, run_after=2025-11-18T04:00:00+00:00
[2025-11-18T05:37:16.048+0000] {processor.py:183} INFO - Processing /opt/airflow/dags/01_demo_basic_dag.py took 0.049 seconds
[2025-11-18T05:37:46.311+0000] {processor.py:161} INFO - Started process (PID=575) to work on /opt/airflow/dags/01_demo_basic_dag.py
[2025-11-18T05:37:46.314+0000] {processor.py:830} INFO - Processing file /opt/airflow/dags/01_demo_basic_dag.py for tasks to queue
[2025-11-18T05:37:46.315+0000] {logging_mixin.py:188} INFO - [2025-11-18T05:37:46.315+0000] {dagbag.py:538} INFO - Filling up the DagBag from /opt/airflow/dags/01_demo_basic_dag.py
[2025-11-18T05:37:46.327+0000] {logging_mixin.py:188} WARNING - /home/airflow/.local/lib/python3.10/site-packages/airflow/models/baseoperator.py:437 RemovedInAirflow3Warning: none_failed_or_skipped Trigger Rule is deprecated. Please use `none_failed_min_one_success`.
[2025-11-18T05:37:46.328+0000] {processor.py:840} INFO - DAG(s) '01_demo_basic_dag' retrieved from /opt/airflow/dags/01_demo_basic_dag.py
[2025-11-18T05:37:46.338+0000] {logging_mixin.py:188} INFO - [2025-11-18T05:37:46.338+0000] {dag.py:3033} INFO - Sync 1 DAGs
[2025-11-18T05:37:46.347+0000] {logging_mixin.py:188} INFO - [2025-11-18T05:37:46.347+0000] {dag.py:3820} INFO - Setting next_dagrun for 01_demo_basic_dag to 2025-11-18T02:00:00+00:00, run_after=2025-11-18T04:00:00+00:00
[2025-11-18T05:37:46.354+0000] {processor.py:183} INFO - Processing /opt/airflow/dags/01_demo_basic_dag.py took 0.044 seconds
[2025-11-18T05:38:16.619+0000] {processor.py:161} INFO - Started process (PID=578) to work on /opt/airflow/dags/01_demo_basic_dag.py
[2025-11-18T05:38:16.620+0000] {processor.py:830} INFO - Processing file /opt/airflow/dags/01_demo_basic_dag.py for tasks to queue
[2025-11-18T05:38:16.622+0000] {logging_mixin.py:188} INFO - [2025-11-18T05:38:16.622+0000] {dagbag.py:538} INFO - Filling up the DagBag from /opt/airflow/dags/01_demo_basic_dag.py
[2025-11-18T05:38:16.632+0000] {logging_mixin.py:188} WARNING - /home/airflow/.local/lib/python3.10/site-packages/airflow/models/baseoperator.py:437 RemovedInAirflow3Warning: none_failed_or_skipped Trigger Rule is deprecated. Please use `none_failed_min_one_success`.
[2025-11-18T05:38:16.635+0000] {processor.py:840} INFO - DAG(s) '01_demo_basic_dag' retrieved from /opt/airflow/dags/01_demo_basic_dag.py
[2025-11-18T05:38:16.646+0000] {logging_mixin.py:188} INFO - [2025-11-18T05:38:16.646+0000] {dag.py:3033} INFO - Sync 1 DAGs
[2025-11-18T05:38:16.656+0000] {logging_mixin.py:188} INFO - [2025-11-18T05:38:16.655+0000] {dag.py:3820} INFO - Setting next_dagrun for 01_demo_basic_dag to 2025-11-18T02:00:00+00:00, run_after=2025-11-18T04:00:00+00:00
[2025-11-18T05:38:16.663+0000] {processor.py:183} INFO - Processing /opt/airflow/dags/01_demo_basic_dag.py took 0.045 seconds
[2025-11-18T05:38:46.903+0000] {processor.py:161} INFO - Started process (PID=581) to work on /opt/airflow/dags/01_demo_basic_dag.py
[2025-11-18T05:38:46.904+0000] {processor.py:830} INFO - Processing file /opt/airflow/dags/01_demo_basic_dag.py for tasks to queue
[2025-11-18T05:38:46.906+0000] {logging_mixin.py:188} INFO - [2025-11-18T05:38:46.906+0000] {dagbag.py:538} INFO - Filling up the DagBag from /opt/airflow/dags/01_demo_basic_dag.py
[2025-11-18T05:38:46.917+0000] {logging_mixin.py:188} WARNING - /home/airflow/.local/lib/python3.10/site-packages/airflow/models/baseoperator.py:437 RemovedInAirflow3Warning: none_failed_or_skipped Trigger Rule is deprecated. Please use `none_failed_min_one_success`.
[2025-11-18T05:38:46.918+0000] {processor.py:840} INFO - DAG(s) '01_demo_basic_dag' retrieved from /opt/airflow/dags/01_demo_basic_dag.py
[2025-11-18T05:38:46.929+0000] {logging_mixin.py:188} INFO - [2025-11-18T05:38:46.929+0000] {dag.py:3033} INFO - Sync 1 DAGs
[2025-11-18T05:38:46.939+0000] {logging_mixin.py:188} INFO - [2025-11-18T05:38:46.939+0000] {dag.py:3820} INFO - Setting next_dagrun for 01_demo_basic_dag to 2025-11-18T02:00:00+00:00, run_after=2025-11-18T04:00:00+00:00
[2025-11-18T05:38:46.951+0000] {processor.py:183} INFO - Processing /opt/airflow/dags/01_demo_basic_dag.py took 0.049 seconds
[2025-11-18T05:39:17.193+0000] {processor.py:161} INFO - Started process (PID=584) to work on /opt/airflow/dags/01_demo_basic_dag.py
[2025-11-18T05:39:17.194+0000] {processor.py:830} INFO - Processing file /opt/airflow/dags/01_demo_basic_dag.py for tasks to queue
[2025-11-18T05:39:17.197+0000] {logging_mixin.py:188} INFO - [2025-11-18T05:39:17.197+0000] {dagbag.py:538} INFO - Filling up the DagBag from /opt/airflow/dags/01_demo_basic_dag.py
[2025-11-18T05:39:17.205+0000] {logging_mixin.py:188} WARNING - /home/airflow/.local/lib/python3.10/site-packages/airflow/models/baseoperator.py:437 RemovedInAirflow3Warning: none_failed_or_skipped Trigger Rule is deprecated. Please use `none_failed_min_one_success`.
[2025-11-18T05:39:17.206+0000] {processor.py:840} INFO - DAG(s) '01_demo_basic_dag' retrieved from /opt/airflow/dags/01_demo_basic_dag.py
[2025-11-18T05:39:17.220+0000] {logging_mixin.py:188} INFO - [2025-11-18T05:39:17.220+0000] {dag.py:3033} INFO - Sync 1 DAGs
[2025-11-18T05:39:17.230+0000] {logging_mixin.py:188} INFO - [2025-11-18T05:39:17.230+0000] {dag.py:3820} INFO - Setting next_dagrun for 01_demo_basic_dag to 2025-11-18T02:00:00+00:00, run_after=2025-11-18T04:00:00+00:00
[2025-11-18T05:39:17.238+0000] {processor.py:183} INFO - Processing /opt/airflow/dags/01_demo_basic_dag.py took 0.047 seconds
[2025-11-18T05:39:47.471+0000] {processor.py:161} INFO - Started process (PID=587) to work on /opt/airflow/dags/01_demo_basic_dag.py
[2025-11-18T05:39:47.472+0000] {processor.py:830} INFO - Processing file /opt/airflow/dags/01_demo_basic_dag.py for tasks to queue
[2025-11-18T05:39:47.473+0000] {logging_mixin.py:188} INFO - [2025-11-18T05:39:47.473+0000] {dagbag.py:538} INFO - Filling up the DagBag from /opt/airflow/dags/01_demo_basic_dag.py
[2025-11-18T05:39:47.483+0000] {logging_mixin.py:188} WARNING - /home/airflow/.local/lib/python3.10/site-packages/airflow/models/baseoperator.py:437 RemovedInAirflow3Warning: none_failed_or_skipped Trigger Rule is deprecated. Please use `none_failed_min_one_success`.
[2025-11-18T05:39:47.484+0000] {processor.py:840} INFO - DAG(s) '01_demo_basic_dag' retrieved from /opt/airflow/dags/01_demo_basic_dag.py
[2025-11-18T05:39:47.495+0000] {logging_mixin.py:188} INFO - [2025-11-18T05:39:47.495+0000] {dag.py:3033} INFO - Sync 1 DAGs
[2025-11-18T05:39:47.504+0000] {logging_mixin.py:188} INFO - [2025-11-18T05:39:47.504+0000] {dag.py:3820} INFO - Setting next_dagrun for 01_demo_basic_dag to 2025-11-18T02:00:00+00:00, run_after=2025-11-18T04:00:00+00:00
[2025-11-18T05:39:47.512+0000] {processor.py:183} INFO - Processing /opt/airflow/dags/01_demo_basic_dag.py took 0.042 seconds
[2025-11-18T05:40:17.753+0000] {processor.py:161} INFO - Started process (PID=590) to work on /opt/airflow/dags/01_demo_basic_dag.py
[2025-11-18T05:40:17.754+0000] {processor.py:830} INFO - Processing file /opt/airflow/dags/01_demo_basic_dag.py for tasks to queue
[2025-11-18T05:40:17.755+0000] {logging_mixin.py:188} INFO - [2025-11-18T05:40:17.755+0000] {dagbag.py:538} INFO - Filling up the DagBag from /opt/airflow/dags/01_demo_basic_dag.py
[2025-11-18T05:40:17.764+0000] {logging_mixin.py:188} WARNING - /home/airflow/.local/lib/python3.10/site-packages/airflow/models/baseoperator.py:437 RemovedInAirflow3Warning: none_failed_or_skipped Trigger Rule is deprecated. Please use `none_failed_min_one_success`.
[2025-11-18T05:40:17.767+0000] {processor.py:840} INFO - DAG(s) '01_demo_basic_dag' retrieved from /opt/airflow/dags/01_demo_basic_dag.py
[2025-11-18T05:40:17.778+0000] {logging_mixin.py:188} INFO - [2025-11-18T05:40:17.778+0000] {dag.py:3033} INFO - Sync 1 DAGs
[2025-11-18T05:40:17.788+0000] {logging_mixin.py:188} INFO - [2025-11-18T05:40:17.788+0000] {dag.py:3820} INFO - Setting next_dagrun for 01_demo_basic_dag to 2025-11-18T02:00:00+00:00, run_after=2025-11-18T04:00:00+00:00
[2025-11-18T05:40:17.799+0000] {processor.py:183} INFO - Processing /opt/airflow/dags/01_demo_basic_dag.py took 0.048 seconds
[2025-11-18T05:40:48.046+0000] {processor.py:161} INFO - Started process (PID=593) to work on /opt/airflow/dags/01_demo_basic_dag.py
[2025-11-18T05:40:48.047+0000] {processor.py:830} INFO - Processing file /opt/airflow/dags/01_demo_basic_dag.py for tasks to queue
[2025-11-18T05:40:48.049+0000] {logging_mixin.py:188} INFO - [2025-11-18T05:40:48.049+0000] {dagbag.py:538} INFO - Filling up the DagBag from /opt/airflow/dags/01_demo_basic_dag.py
[2025-11-18T05:40:48.058+0000] {logging_mixin.py:188} WARNING - /home/airflow/.local/lib/python3.10/site-packages/airflow/models/baseoperator.py:437 RemovedInAirflow3Warning: none_failed_or_skipped Trigger Rule is deprecated. Please use `none_failed_min_one_success`.
[2025-11-18T05:40:48.060+0000] {processor.py:840} INFO - DAG(s) '01_demo_basic_dag' retrieved from /opt/airflow/dags/01_demo_basic_dag.py
[2025-11-18T05:40:48.071+0000] {logging_mixin.py:188} INFO - [2025-11-18T05:40:48.071+0000] {dag.py:3033} INFO - Sync 1 DAGs
[2025-11-18T05:40:48.081+0000] {logging_mixin.py:188} INFO - [2025-11-18T05:40:48.081+0000] {dag.py:3820} INFO - Setting next_dagrun for 01_demo_basic_dag to 2025-11-18T02:00:00+00:00, run_after=2025-11-18T04:00:00+00:00
[2025-11-18T05:40:48.091+0000] {processor.py:183} INFO - Processing /opt/airflow/dags/01_demo_basic_dag.py took 0.047 seconds
[2025-11-18T05:41:18.295+0000] {processor.py:161} INFO - Started process (PID=596) to work on /opt/airflow/dags/01_demo_basic_dag.py
[2025-11-18T05:41:18.296+0000] {processor.py:830} INFO - Processing file /opt/airflow/dags/01_demo_basic_dag.py for tasks to queue
[2025-11-18T05:41:18.297+0000] {logging_mixin.py:188} INFO - [2025-11-18T05:41:18.297+0000] {dagbag.py:538} INFO - Filling up the DagBag from /opt/airflow/dags/01_demo_basic_dag.py
[2025-11-18T05:41:18.306+0000] {logging_mixin.py:188} WARNING - /home/airflow/.local/lib/python3.10/site-packages/airflow/models/baseoperator.py:437 RemovedInAirflow3Warning: none_failed_or_skipped Trigger Rule is deprecated. Please use `none_failed_min_one_success`.
[2025-11-18T05:41:18.307+0000] {processor.py:840} INFO - DAG(s) '01_demo_basic_dag' retrieved from /opt/airflow/dags/01_demo_basic_dag.py
[2025-11-18T05:41:18.318+0000] {logging_mixin.py:188} INFO - [2025-11-18T05:41:18.318+0000] {dag.py:3033} INFO - Sync 1 DAGs
[2025-11-18T05:41:18.330+0000] {logging_mixin.py:188} INFO - [2025-11-18T05:41:18.330+0000] {dag.py:3820} INFO - Setting next_dagrun for 01_demo_basic_dag to 2025-11-18T02:00:00+00:00, run_after=2025-11-18T04:00:00+00:00
[2025-11-18T05:41:18.338+0000] {processor.py:183} INFO - Processing /opt/airflow/dags/01_demo_basic_dag.py took 0.046 seconds
[2025-11-18T05:41:48.535+0000] {processor.py:161} INFO - Started process (PID=599) to work on /opt/airflow/dags/01_demo_basic_dag.py
[2025-11-18T05:41:48.536+0000] {processor.py:830} INFO - Processing file /opt/airflow/dags/01_demo_basic_dag.py for tasks to queue
[2025-11-18T05:41:48.537+0000] {logging_mixin.py:188} INFO - [2025-11-18T05:41:48.537+0000] {dagbag.py:538} INFO - Filling up the DagBag from /opt/airflow/dags/01_demo_basic_dag.py
[2025-11-18T05:41:48.547+0000] {logging_mixin.py:188} WARNING - /home/airflow/.local/lib/python3.10/site-packages/airflow/models/baseoperator.py:437 RemovedInAirflow3Warning: none_failed_or_skipped Trigger Rule is deprecated. Please use `none_failed_min_one_success`.
[2025-11-18T05:41:48.548+0000] {processor.py:840} INFO - DAG(s) '01_demo_basic_dag' retrieved from /opt/airflow/dags/01_demo_basic_dag.py
[2025-11-18T05:41:48.562+0000] {logging_mixin.py:188} INFO - [2025-11-18T05:41:48.561+0000] {dag.py:3033} INFO - Sync 1 DAGs
[2025-11-18T05:41:48.571+0000] {logging_mixin.py:188} INFO - [2025-11-18T05:41:48.571+0000] {dag.py:3820} INFO - Setting next_dagrun for 01_demo_basic_dag to 2025-11-18T02:00:00+00:00, run_after=2025-11-18T04:00:00+00:00
[2025-11-18T05:41:48.579+0000] {processor.py:183} INFO - Processing /opt/airflow/dags/01_demo_basic_dag.py took 0.045 seconds
[2025-11-18T05:42:18.810+0000] {processor.py:161} INFO - Started process (PID=602) to work on /opt/airflow/dags/01_demo_basic_dag.py
[2025-11-18T05:42:18.810+0000] {processor.py:830} INFO - Processing file /opt/airflow/dags/01_demo_basic_dag.py for tasks to queue
[2025-11-18T05:42:18.812+0000] {logging_mixin.py:188} INFO - [2025-11-18T05:42:18.812+0000] {dagbag.py:538} INFO - Filling up the DagBag from /opt/airflow/dags/01_demo_basic_dag.py
[2025-11-18T05:42:18.821+0000] {logging_mixin.py:188} WARNING - /home/airflow/.local/lib/python3.10/site-packages/airflow/models/baseoperator.py:437 RemovedInAirflow3Warning: none_failed_or_skipped Trigger Rule is deprecated. Please use `none_failed_min_one_success`.
[2025-11-18T05:42:18.823+0000] {processor.py:840} INFO - DAG(s) '01_demo_basic_dag' retrieved from /opt/airflow/dags/01_demo_basic_dag.py
[2025-11-18T05:42:18.834+0000] {logging_mixin.py:188} INFO - [2025-11-18T05:42:18.834+0000] {dag.py:3033} INFO - Sync 1 DAGs
[2025-11-18T05:42:18.845+0000] {logging_mixin.py:188} INFO - [2025-11-18T05:42:18.845+0000] {dag.py:3820} INFO - Setting next_dagrun for 01_demo_basic_dag to 2025-11-18T02:00:00+00:00, run_after=2025-11-18T04:00:00+00:00
[2025-11-18T05:42:18.856+0000] {processor.py:183} INFO - Processing /opt/airflow/dags/01_demo_basic_dag.py took 0.048 seconds
[2025-11-18T05:42:49.118+0000] {processor.py:161} INFO - Started process (PID=605) to work on /opt/airflow/dags/01_demo_basic_dag.py
[2025-11-18T05:42:49.118+0000] {processor.py:830} INFO - Processing file /opt/airflow/dags/01_demo_basic_dag.py for tasks to queue
[2025-11-18T05:42:49.120+0000] {logging_mixin.py:188} INFO - [2025-11-18T05:42:49.120+0000] {dagbag.py:538} INFO - Filling up the DagBag from /opt/airflow/dags/01_demo_basic_dag.py
[2025-11-18T05:42:49.129+0000] {logging_mixin.py:188} WARNING - /home/airflow/.local/lib/python3.10/site-packages/airflow/models/baseoperator.py:437 RemovedInAirflow3Warning: none_failed_or_skipped Trigger Rule is deprecated. Please use `none_failed_min_one_success`.
[2025-11-18T05:42:49.131+0000] {processor.py:840} INFO - DAG(s) '01_demo_basic_dag' retrieved from /opt/airflow/dags/01_demo_basic_dag.py
[2025-11-18T05:42:49.146+0000] {logging_mixin.py:188} INFO - [2025-11-18T05:42:49.146+0000] {dag.py:3033} INFO - Sync 1 DAGs
[2025-11-18T05:42:49.155+0000] {logging_mixin.py:188} INFO - [2025-11-18T05:42:49.155+0000] {dag.py:3820} INFO - Setting next_dagrun for 01_demo_basic_dag to 2025-11-18T02:00:00+00:00, run_after=2025-11-18T04:00:00+00:00
[2025-11-18T05:42:49.164+0000] {processor.py:183} INFO - Processing /opt/airflow/dags/01_demo_basic_dag.py took 0.047 seconds
[2025-11-18T05:43:19.417+0000] {processor.py:161} INFO - Started process (PID=608) to work on /opt/airflow/dags/01_demo_basic_dag.py
[2025-11-18T05:43:19.418+0000] {processor.py:830} INFO - Processing file /opt/airflow/dags/01_demo_basic_dag.py for tasks to queue
[2025-11-18T05:43:19.419+0000] {logging_mixin.py:188} INFO - [2025-11-18T05:43:19.419+0000] {dagbag.py:538} INFO - Filling up the DagBag from /opt/airflow/dags/01_demo_basic_dag.py
[2025-11-18T05:43:19.427+0000] {logging_mixin.py:188} WARNING - /home/airflow/.local/lib/python3.10/site-packages/airflow/models/baseoperator.py:437 RemovedInAirflow3Warning: none_failed_or_skipped Trigger Rule is deprecated. Please use `none_failed_min_one_success`.
[2025-11-18T05:43:19.429+0000] {processor.py:840} INFO - DAG(s) '01_demo_basic_dag' retrieved from /opt/airflow/dags/01_demo_basic_dag.py
[2025-11-18T05:43:19.440+0000] {logging_mixin.py:188} INFO - [2025-11-18T05:43:19.440+0000] {dag.py:3033} INFO - Sync 1 DAGs
[2025-11-18T05:43:19.450+0000] {logging_mixin.py:188} INFO - [2025-11-18T05:43:19.450+0000] {dag.py:3820} INFO - Setting next_dagrun for 01_demo_basic_dag to 2025-11-18T02:00:00+00:00, run_after=2025-11-18T04:00:00+00:00
[2025-11-18T05:43:19.459+0000] {processor.py:183} INFO - Processing /opt/airflow/dags/01_demo_basic_dag.py took 0.044 seconds
[2025-11-18T05:43:49.708+0000] {processor.py:161} INFO - Started process (PID=611) to work on /opt/airflow/dags/01_demo_basic_dag.py
[2025-11-18T05:43:49.709+0000] {processor.py:830} INFO - Processing file /opt/airflow/dags/01_demo_basic_dag.py for tasks to queue
[2025-11-18T05:43:49.711+0000] {logging_mixin.py:188} INFO - [2025-11-18T05:43:49.711+0000] {dagbag.py:538} INFO - Filling up the DagBag from /opt/airflow/dags/01_demo_basic_dag.py
[2025-11-18T05:43:49.723+0000] {logging_mixin.py:188} WARNING - /home/airflow/.local/lib/python3.10/site-packages/airflow/models/baseoperator.py:437 RemovedInAirflow3Warning: none_failed_or_skipped Trigger Rule is deprecated. Please use `none_failed_min_one_success`.
[2025-11-18T05:43:49.728+0000] {processor.py:840} INFO - DAG(s) '01_demo_basic_dag' retrieved from /opt/airflow/dags/01_demo_basic_dag.py
[2025-11-18T05:43:49.739+0000] {logging_mixin.py:188} INFO - [2025-11-18T05:43:49.739+0000] {dag.py:3033} INFO - Sync 1 DAGs
[2025-11-18T05:43:49.749+0000] {logging_mixin.py:188} INFO - [2025-11-18T05:43:49.749+0000] {dag.py:3820} INFO - Setting next_dagrun for 01_demo_basic_dag to 2025-11-18T02:00:00+00:00, run_after=2025-11-18T04:00:00+00:00
[2025-11-18T05:43:49.756+0000] {processor.py:183} INFO - Processing /opt/airflow/dags/01_demo_basic_dag.py took 0.050 seconds
[2025-11-18T05:44:20.022+0000] {processor.py:161} INFO - Started process (PID=614) to work on /opt/airflow/dags/01_demo_basic_dag.py
[2025-11-18T05:44:20.023+0000] {processor.py:830} INFO - Processing file /opt/airflow/dags/01_demo_basic_dag.py for tasks to queue
[2025-11-18T05:44:20.024+0000] {logging_mixin.py:188} INFO - [2025-11-18T05:44:20.024+0000] {dagbag.py:538} INFO - Filling up the DagBag from /opt/airflow/dags/01_demo_basic_dag.py
[2025-11-18T05:44:20.034+0000] {logging_mixin.py:188} WARNING - /home/airflow/.local/lib/python3.10/site-packages/airflow/models/baseoperator.py:437 RemovedInAirflow3Warning: none_failed_or_skipped Trigger Rule is deprecated. Please use `none_failed_min_one_success`.
[2025-11-18T05:44:20.035+0000] {processor.py:840} INFO - DAG(s) '01_demo_basic_dag' retrieved from /opt/airflow/dags/01_demo_basic_dag.py
[2025-11-18T05:44:20.046+0000] {logging_mixin.py:188} INFO - [2025-11-18T05:44:20.046+0000] {dag.py:3033} INFO - Sync 1 DAGs
[2025-11-18T05:44:20.056+0000] {logging_mixin.py:188} INFO - [2025-11-18T05:44:20.055+0000] {dag.py:3820} INFO - Setting next_dagrun for 01_demo_basic_dag to 2025-11-18T02:00:00+00:00, run_after=2025-11-18T04:00:00+00:00
[2025-11-18T05:44:20.064+0000] {processor.py:183} INFO - Processing /opt/airflow/dags/01_demo_basic_dag.py took 0.043 seconds
[2025-11-18T05:44:50.312+0000] {processor.py:161} INFO - Started process (PID=617) to work on /opt/airflow/dags/01_demo_basic_dag.py
[2025-11-18T05:44:50.314+0000] {processor.py:830} INFO - Processing file /opt/airflow/dags/01_demo_basic_dag.py for tasks to queue
[2025-11-18T05:44:50.315+0000] {logging_mixin.py:188} INFO - [2025-11-18T05:44:50.315+0000] {dagbag.py:538} INFO - Filling up the DagBag from /opt/airflow/dags/01_demo_basic_dag.py
[2025-11-18T05:44:50.323+0000] {logging_mixin.py:188} WARNING - /home/airflow/.local/lib/python3.10/site-packages/airflow/models/baseoperator.py:437 RemovedInAirflow3Warning: none_failed_or_skipped Trigger Rule is deprecated. Please use `none_failed_min_one_success`.
[2025-11-18T05:44:50.325+0000] {processor.py:840} INFO - DAG(s) '01_demo_basic_dag' retrieved from /opt/airflow/dags/01_demo_basic_dag.py
[2025-11-18T05:44:50.336+0000] {logging_mixin.py:188} INFO - [2025-11-18T05:44:50.336+0000] {dag.py:3033} INFO - Sync 1 DAGs
[2025-11-18T05:44:50.345+0000] {logging_mixin.py:188} INFO - [2025-11-18T05:44:50.345+0000] {dag.py:3820} INFO - Setting next_dagrun for 01_demo_basic_dag to 2025-11-18T02:00:00+00:00, run_after=2025-11-18T04:00:00+00:00
[2025-11-18T05:44:50.354+0000] {processor.py:183} INFO - Processing /opt/airflow/dags/01_demo_basic_dag.py took 0.044 seconds
[2025-11-18T05:45:20.567+0000] {processor.py:161} INFO - Started process (PID=620) to work on /opt/airflow/dags/01_demo_basic_dag.py
[2025-11-18T05:45:20.568+0000] {processor.py:830} INFO - Processing file /opt/airflow/dags/01_demo_basic_dag.py for tasks to queue
[2025-11-18T05:45:20.570+0000] {logging_mixin.py:188} INFO - [2025-11-18T05:45:20.570+0000] {dagbag.py:538} INFO - Filling up the DagBag from /opt/airflow/dags/01_demo_basic_dag.py
[2025-11-18T05:45:20.580+0000] {logging_mixin.py:188} WARNING - /home/airflow/.local/lib/python3.10/site-packages/airflow/models/baseoperator.py:437 RemovedInAirflow3Warning: none_failed_or_skipped Trigger Rule is deprecated. Please use `none_failed_min_one_success`.
[2025-11-18T05:45:20.583+0000] {processor.py:840} INFO - DAG(s) '01_demo_basic_dag' retrieved from /opt/airflow/dags/01_demo_basic_dag.py
[2025-11-18T05:45:20.593+0000] {logging_mixin.py:188} INFO - [2025-11-18T05:45:20.593+0000] {dag.py:3033} INFO - Sync 1 DAGs
[2025-11-18T05:45:20.605+0000] {logging_mixin.py:188} INFO - [2025-11-18T05:45:20.605+0000] {dag.py:3820} INFO - Setting next_dagrun for 01_demo_basic_dag to 2025-11-18T02:00:00+00:00, run_after=2025-11-18T04:00:00+00:00
[2025-11-18T05:45:20.613+0000] {processor.py:183} INFO - Processing /opt/airflow/dags/01_demo_basic_dag.py took 0.048 seconds
[2025-11-18T05:45:50.859+0000] {processor.py:161} INFO - Started process (PID=623) to work on /opt/airflow/dags/01_demo_basic_dag.py
[2025-11-18T05:45:50.859+0000] {processor.py:830} INFO - Processing file /opt/airflow/dags/01_demo_basic_dag.py for tasks to queue
[2025-11-18T05:45:50.860+0000] {logging_mixin.py:188} INFO - [2025-11-18T05:45:50.860+0000] {dagbag.py:538} INFO - Filling up the DagBag from /opt/airflow/dags/01_demo_basic_dag.py
[2025-11-18T05:45:50.871+0000] {logging_mixin.py:188} WARNING - /home/airflow/.local/lib/python3.10/site-packages/airflow/models/baseoperator.py:437 RemovedInAirflow3Warning: none_failed_or_skipped Trigger Rule is deprecated. Please use `none_failed_min_one_success`.
[2025-11-18T05:45:50.872+0000] {processor.py:840} INFO - DAG(s) '01_demo_basic_dag' retrieved from /opt/airflow/dags/01_demo_basic_dag.py
[2025-11-18T05:45:50.888+0000] {logging_mixin.py:188} INFO - [2025-11-18T05:45:50.888+0000] {dag.py:3033} INFO - Sync 1 DAGs
[2025-11-18T05:45:50.899+0000] {logging_mixin.py:188} INFO - [2025-11-18T05:45:50.899+0000] {dag.py:3820} INFO - Setting next_dagrun for 01_demo_basic_dag to 2025-11-18T02:00:00+00:00, run_after=2025-11-18T04:00:00+00:00
[2025-11-18T05:45:50.906+0000] {processor.py:183} INFO - Processing /opt/airflow/dags/01_demo_basic_dag.py took 0.050 seconds
[2025-11-18T05:46:21.150+0000] {processor.py:161} INFO - Started process (PID=626) to work on /opt/airflow/dags/01_demo_basic_dag.py
[2025-11-18T05:46:21.150+0000] {processor.py:830} INFO - Processing file /opt/airflow/dags/01_demo_basic_dag.py for tasks to queue
[2025-11-18T05:46:21.152+0000] {logging_mixin.py:188} INFO - [2025-11-18T05:46:21.152+0000] {dagbag.py:538} INFO - Filling up the DagBag from /opt/airflow/dags/01_demo_basic_dag.py
[2025-11-18T05:46:21.163+0000] {logging_mixin.py:188} WARNING - /home/airflow/.local/lib/python3.10/site-packages/airflow/models/baseoperator.py:437 RemovedInAirflow3Warning: none_failed_or_skipped Trigger Rule is deprecated. Please use `none_failed_min_one_success`.
[2025-11-18T05:46:21.164+0000] {processor.py:840} INFO - DAG(s) '01_demo_basic_dag' retrieved from /opt/airflow/dags/01_demo_basic_dag.py
[2025-11-18T05:46:21.177+0000] {logging_mixin.py:188} INFO - [2025-11-18T05:46:21.177+0000] {dag.py:3033} INFO - Sync 1 DAGs
[2025-11-18T05:46:21.187+0000] {logging_mixin.py:188} INFO - [2025-11-18T05:46:21.187+0000] {dag.py:3820} INFO - Setting next_dagrun for 01_demo_basic_dag to 2025-11-18T02:00:00+00:00, run_after=2025-11-18T04:00:00+00:00
[2025-11-18T05:46:21.194+0000] {processor.py:183} INFO - Processing /opt/airflow/dags/01_demo_basic_dag.py took 0.046 seconds
[2025-11-18T05:46:51.443+0000] {processor.py:161} INFO - Started process (PID=629) to work on /opt/airflow/dags/01_demo_basic_dag.py
[2025-11-18T05:46:51.444+0000] {processor.py:830} INFO - Processing file /opt/airflow/dags/01_demo_basic_dag.py for tasks to queue
[2025-11-18T05:46:51.445+0000] {logging_mixin.py:188} INFO - [2025-11-18T05:46:51.445+0000] {dagbag.py:538} INFO - Filling up the DagBag from /opt/airflow/dags/01_demo_basic_dag.py
[2025-11-18T05:46:51.460+0000] {logging_mixin.py:188} WARNING - /home/airflow/.local/lib/python3.10/site-packages/airflow/models/baseoperator.py:437 RemovedInAirflow3Warning: none_failed_or_skipped Trigger Rule is deprecated. Please use `none_failed_min_one_success`.
[2025-11-18T05:46:51.461+0000] {processor.py:840} INFO - DAG(s) '01_demo_basic_dag' retrieved from /opt/airflow/dags/01_demo_basic_dag.py
[2025-11-18T05:46:51.472+0000] {logging_mixin.py:188} INFO - [2025-11-18T05:46:51.472+0000] {dag.py:3033} INFO - Sync 1 DAGs
[2025-11-18T05:46:51.481+0000] {logging_mixin.py:188} INFO - [2025-11-18T05:46:51.481+0000] {dag.py:3820} INFO - Setting next_dagrun for 01_demo_basic_dag to 2025-11-18T02:00:00+00:00, run_after=2025-11-18T04:00:00+00:00
[2025-11-18T05:46:51.489+0000] {processor.py:183} INFO - Processing /opt/airflow/dags/01_demo_basic_dag.py took 0.048 seconds
[2025-11-18T05:47:21.734+0000] {processor.py:161} INFO - Started process (PID=632) to work on /opt/airflow/dags/01_demo_basic_dag.py
[2025-11-18T05:47:21.735+0000] {processor.py:830} INFO - Processing file /opt/airflow/dags/01_demo_basic_dag.py for tasks to queue
[2025-11-18T05:47:21.737+0000] {logging_mixin.py:188} INFO - [2025-11-18T05:47:21.737+0000] {dagbag.py:538} INFO - Filling up the DagBag from /opt/airflow/dags/01_demo_basic_dag.py
[2025-11-18T05:47:21.746+0000] {logging_mixin.py:188} WARNING - /home/airflow/.local/lib/python3.10/site-packages/airflow/models/baseoperator.py:437 RemovedInAirflow3Warning: none_failed_or_skipped Trigger Rule is deprecated. Please use `none_failed_min_one_success`.
[2025-11-18T05:47:21.748+0000] {processor.py:840} INFO - DAG(s) '01_demo_basic_dag' retrieved from /opt/airflow/dags/01_demo_basic_dag.py
[2025-11-18T05:47:21.760+0000] {logging_mixin.py:188} INFO - [2025-11-18T05:47:21.760+0000] {dag.py:3033} INFO - Sync 1 DAGs
[2025-11-18T05:47:21.770+0000] {logging_mixin.py:188} INFO - [2025-11-18T05:47:21.770+0000] {dag.py:3820} INFO - Setting next_dagrun for 01_demo_basic_dag to 2025-11-18T02:00:00+00:00, run_after=2025-11-18T04:00:00+00:00
[2025-11-18T05:47:21.778+0000] {processor.py:183} INFO - Processing /opt/airflow/dags/01_demo_basic_dag.py took 0.046 seconds
[2025-11-18T05:47:52.004+0000] {processor.py:161} INFO - Started process (PID=635) to work on /opt/airflow/dags/01_demo_basic_dag.py
[2025-11-18T05:47:52.006+0000] {processor.py:830} INFO - Processing file /opt/airflow/dags/01_demo_basic_dag.py for tasks to queue
[2025-11-18T05:47:52.007+0000] {logging_mixin.py:188} INFO - [2025-11-18T05:47:52.007+0000] {dagbag.py:538} INFO - Filling up the DagBag from /opt/airflow/dags/01_demo_basic_dag.py
[2025-11-18T05:47:52.017+0000] {logging_mixin.py:188} WARNING - /home/airflow/.local/lib/python3.10/site-packages/airflow/models/baseoperator.py:437 RemovedInAirflow3Warning: none_failed_or_skipped Trigger Rule is deprecated. Please use `none_failed_min_one_success`.
[2025-11-18T05:47:52.018+0000] {processor.py:840} INFO - DAG(s) '01_demo_basic_dag' retrieved from /opt/airflow/dags/01_demo_basic_dag.py
[2025-11-18T05:47:52.030+0000] {logging_mixin.py:188} INFO - [2025-11-18T05:47:52.030+0000] {dag.py:3033} INFO - Sync 1 DAGs
[2025-11-18T05:47:52.040+0000] {logging_mixin.py:188} INFO - [2025-11-18T05:47:52.040+0000] {dag.py:3820} INFO - Setting next_dagrun for 01_demo_basic_dag to 2025-11-18T02:00:00+00:00, run_after=2025-11-18T04:00:00+00:00
[2025-11-18T05:47:52.047+0000] {processor.py:183} INFO - Processing /opt/airflow/dags/01_demo_basic_dag.py took 0.046 seconds
[2025-11-18T05:48:22.299+0000] {processor.py:161} INFO - Started process (PID=638) to work on /opt/airflow/dags/01_demo_basic_dag.py
[2025-11-18T05:48:22.300+0000] {processor.py:830} INFO - Processing file /opt/airflow/dags/01_demo_basic_dag.py for tasks to queue
[2025-11-18T05:48:22.302+0000] {logging_mixin.py:188} INFO - [2025-11-18T05:48:22.302+0000] {dagbag.py:538} INFO - Filling up the DagBag from /opt/airflow/dags/01_demo_basic_dag.py
[2025-11-18T05:48:22.312+0000] {logging_mixin.py:188} WARNING - /home/airflow/.local/lib/python3.10/site-packages/airflow/models/baseoperator.py:437 RemovedInAirflow3Warning: none_failed_or_skipped Trigger Rule is deprecated. Please use `none_failed_min_one_success`.
[2025-11-18T05:48:22.313+0000] {processor.py:840} INFO - DAG(s) '01_demo_basic_dag' retrieved from /opt/airflow/dags/01_demo_basic_dag.py
[2025-11-18T05:48:22.327+0000] {logging_mixin.py:188} INFO - [2025-11-18T05:48:22.327+0000] {dag.py:3033} INFO - Sync 1 DAGs
[2025-11-18T05:48:22.338+0000] {logging_mixin.py:188} INFO - [2025-11-18T05:48:22.337+0000] {dag.py:3820} INFO - Setting next_dagrun for 01_demo_basic_dag to 2025-11-18T02:00:00+00:00, run_after=2025-11-18T04:00:00+00:00
[2025-11-18T05:48:22.349+0000] {processor.py:183} INFO - Processing /opt/airflow/dags/01_demo_basic_dag.py took 0.051 seconds
[2025-11-18T05:48:52.619+0000] {processor.py:161} INFO - Started process (PID=641) to work on /opt/airflow/dags/01_demo_basic_dag.py
[2025-11-18T05:48:52.620+0000] {processor.py:830} INFO - Processing file /opt/airflow/dags/01_demo_basic_dag.py for tasks to queue
[2025-11-18T05:48:52.622+0000] {logging_mixin.py:188} INFO - [2025-11-18T05:48:52.622+0000] {dagbag.py:538} INFO - Filling up the DagBag from /opt/airflow/dags/01_demo_basic_dag.py
[2025-11-18T05:48:52.633+0000] {logging_mixin.py:188} WARNING - /home/airflow/.local/lib/python3.10/site-packages/airflow/models/baseoperator.py:437 RemovedInAirflow3Warning: none_failed_or_skipped Trigger Rule is deprecated. Please use `none_failed_min_one_success`.
[2025-11-18T05:48:52.635+0000] {processor.py:840} INFO - DAG(s) '01_demo_basic_dag' retrieved from /opt/airflow/dags/01_demo_basic_dag.py
[2025-11-18T05:48:52.647+0000] {logging_mixin.py:188} INFO - [2025-11-18T05:48:52.647+0000] {dag.py:3033} INFO - Sync 1 DAGs
[2025-11-18T05:48:52.657+0000] {logging_mixin.py:188} INFO - [2025-11-18T05:48:52.657+0000] {dag.py:3820} INFO - Setting next_dagrun for 01_demo_basic_dag to 2025-11-18T02:00:00+00:00, run_after=2025-11-18T04:00:00+00:00
[2025-11-18T05:48:52.669+0000] {processor.py:183} INFO - Processing /opt/airflow/dags/01_demo_basic_dag.py took 0.052 seconds
[2025-11-18T05:49:22.904+0000] {processor.py:161} INFO - Started process (PID=644) to work on /opt/airflow/dags/01_demo_basic_dag.py
[2025-11-18T05:49:22.905+0000] {processor.py:830} INFO - Processing file /opt/airflow/dags/01_demo_basic_dag.py for tasks to queue
[2025-11-18T05:49:22.907+0000] {logging_mixin.py:188} INFO - [2025-11-18T05:49:22.907+0000] {dagbag.py:538} INFO - Filling up the DagBag from /opt/airflow/dags/01_demo_basic_dag.py
[2025-11-18T05:49:22.916+0000] {logging_mixin.py:188} WARNING - /home/airflow/.local/lib/python3.10/site-packages/airflow/models/baseoperator.py:437 RemovedInAirflow3Warning: none_failed_or_skipped Trigger Rule is deprecated. Please use `none_failed_min_one_success`.
[2025-11-18T05:49:22.917+0000] {processor.py:840} INFO - DAG(s) '01_demo_basic_dag' retrieved from /opt/airflow/dags/01_demo_basic_dag.py
[2025-11-18T05:49:22.927+0000] {logging_mixin.py:188} INFO - [2025-11-18T05:49:22.927+0000] {dag.py:3033} INFO - Sync 1 DAGs
[2025-11-18T05:49:22.937+0000] {logging_mixin.py:188} INFO - [2025-11-18T05:49:22.937+0000] {dag.py:3820} INFO - Setting next_dagrun for 01_demo_basic_dag to 2025-11-18T02:00:00+00:00, run_after=2025-11-18T04:00:00+00:00
[2025-11-18T05:49:22.946+0000] {processor.py:183} INFO - Processing /opt/airflow/dags/01_demo_basic_dag.py took 0.043 seconds
[2025-11-18T05:49:53.197+0000] {processor.py:161} INFO - Started process (PID=647) to work on /opt/airflow/dags/01_demo_basic_dag.py
[2025-11-18T05:49:53.198+0000] {processor.py:830} INFO - Processing file /opt/airflow/dags/01_demo_basic_dag.py for tasks to queue
[2025-11-18T05:49:53.199+0000] {logging_mixin.py:188} INFO - [2025-11-18T05:49:53.199+0000] {dagbag.py:538} INFO - Filling up the DagBag from /opt/airflow/dags/01_demo_basic_dag.py
[2025-11-18T05:49:53.208+0000] {logging_mixin.py:188} WARNING - /home/airflow/.local/lib/python3.10/site-packages/airflow/models/baseoperator.py:437 RemovedInAirflow3Warning: none_failed_or_skipped Trigger Rule is deprecated. Please use `none_failed_min_one_success`.
[2025-11-18T05:49:53.209+0000] {processor.py:840} INFO - DAG(s) '01_demo_basic_dag' retrieved from /opt/airflow/dags/01_demo_basic_dag.py
[2025-11-18T05:49:53.223+0000] {logging_mixin.py:188} INFO - [2025-11-18T05:49:53.223+0000] {dag.py:3033} INFO - Sync 1 DAGs
[2025-11-18T05:49:53.234+0000] {logging_mixin.py:188} INFO - [2025-11-18T05:49:53.234+0000] {dag.py:3820} INFO - Setting next_dagrun for 01_demo_basic_dag to 2025-11-18T02:00:00+00:00, run_after=2025-11-18T04:00:00+00:00
[2025-11-18T05:49:53.242+0000] {processor.py:183} INFO - Processing /opt/airflow/dags/01_demo_basic_dag.py took 0.047 seconds
[2025-11-18T05:50:23.454+0000] {processor.py:161} INFO - Started process (PID=650) to work on /opt/airflow/dags/01_demo_basic_dag.py
[2025-11-18T05:50:23.455+0000] {processor.py:830} INFO - Processing file /opt/airflow/dags/01_demo_basic_dag.py for tasks to queue
[2025-11-18T05:50:23.456+0000] {logging_mixin.py:188} INFO - [2025-11-18T05:50:23.456+0000] {dagbag.py:538} INFO - Filling up the DagBag from /opt/airflow/dags/01_demo_basic_dag.py
[2025-11-18T05:50:23.466+0000] {logging_mixin.py:188} WARNING - /home/airflow/.local/lib/python3.10/site-packages/airflow/models/baseoperator.py:437 RemovedInAirflow3Warning: none_failed_or_skipped Trigger Rule is deprecated. Please use `none_failed_min_one_success`.
[2025-11-18T05:50:23.467+0000] {processor.py:840} INFO - DAG(s) '01_demo_basic_dag' retrieved from /opt/airflow/dags/01_demo_basic_dag.py
[2025-11-18T05:50:23.480+0000] {logging_mixin.py:188} INFO - [2025-11-18T05:50:23.479+0000] {dag.py:3033} INFO - Sync 1 DAGs
[2025-11-18T05:50:23.490+0000] {logging_mixin.py:188} INFO - [2025-11-18T05:50:23.490+0000] {dag.py:3820} INFO - Setting next_dagrun for 01_demo_basic_dag to 2025-11-18T02:00:00+00:00, run_after=2025-11-18T04:00:00+00:00
[2025-11-18T05:50:23.499+0000] {processor.py:183} INFO - Processing /opt/airflow/dags/01_demo_basic_dag.py took 0.048 seconds
[2025-11-18T05:50:53.760+0000] {processor.py:161} INFO - Started process (PID=653) to work on /opt/airflow/dags/01_demo_basic_dag.py
[2025-11-18T05:50:53.760+0000] {processor.py:830} INFO - Processing file /opt/airflow/dags/01_demo_basic_dag.py for tasks to queue
[2025-11-18T05:50:53.762+0000] {logging_mixin.py:188} INFO - [2025-11-18T05:50:53.762+0000] {dagbag.py:538} INFO - Filling up the DagBag from /opt/airflow/dags/01_demo_basic_dag.py
[2025-11-18T05:50:53.771+0000] {logging_mixin.py:188} WARNING - /home/airflow/.local/lib/python3.10/site-packages/airflow/models/baseoperator.py:437 RemovedInAirflow3Warning: none_failed_or_skipped Trigger Rule is deprecated. Please use `none_failed_min_one_success`.
[2025-11-18T05:50:53.773+0000] {processor.py:840} INFO - DAG(s) '01_demo_basic_dag' retrieved from /opt/airflow/dags/01_demo_basic_dag.py
[2025-11-18T05:50:53.786+0000] {logging_mixin.py:188} INFO - [2025-11-18T05:50:53.786+0000] {dag.py:3033} INFO - Sync 1 DAGs
[2025-11-18T05:50:53.796+0000] {logging_mixin.py:188} INFO - [2025-11-18T05:50:53.796+0000] {dag.py:3820} INFO - Setting next_dagrun for 01_demo_basic_dag to 2025-11-18T02:00:00+00:00, run_after=2025-11-18T04:00:00+00:00
[2025-11-18T05:50:53.803+0000] {processor.py:183} INFO - Processing /opt/airflow/dags/01_demo_basic_dag.py took 0.045 seconds
[2025-11-18T05:51:24.040+0000] {processor.py:161} INFO - Started process (PID=656) to work on /opt/airflow/dags/01_demo_basic_dag.py
[2025-11-18T05:51:24.041+0000] {processor.py:830} INFO - Processing file /opt/airflow/dags/01_demo_basic_dag.py for tasks to queue
[2025-11-18T05:51:24.043+0000] {logging_mixin.py:188} INFO - [2025-11-18T05:51:24.043+0000] {dagbag.py:538} INFO - Filling up the DagBag from /opt/airflow/dags/01_demo_basic_dag.py
[2025-11-18T05:51:24.052+0000] {logging_mixin.py:188} WARNING - /home/airflow/.local/lib/python3.10/site-packages/airflow/models/baseoperator.py:437 RemovedInAirflow3Warning: none_failed_or_skipped Trigger Rule is deprecated. Please use `none_failed_min_one_success`.
[2025-11-18T05:51:24.054+0000] {processor.py:840} INFO - DAG(s) '01_demo_basic_dag' retrieved from /opt/airflow/dags/01_demo_basic_dag.py
[2025-11-18T05:51:24.067+0000] {logging_mixin.py:188} INFO - [2025-11-18T05:51:24.067+0000] {dag.py:3033} INFO - Sync 1 DAGs
[2025-11-18T05:51:24.076+0000] {logging_mixin.py:188} INFO - [2025-11-18T05:51:24.076+0000] {dag.py:3820} INFO - Setting next_dagrun for 01_demo_basic_dag to 2025-11-18T02:00:00+00:00, run_after=2025-11-18T04:00:00+00:00
[2025-11-18T05:51:24.084+0000] {processor.py:183} INFO - Processing /opt/airflow/dags/01_demo_basic_dag.py took 0.046 seconds
[2025-11-18T05:51:54.334+0000] {processor.py:161} INFO - Started process (PID=659) to work on /opt/airflow/dags/01_demo_basic_dag.py
[2025-11-18T05:51:54.334+0000] {processor.py:830} INFO - Processing file /opt/airflow/dags/01_demo_basic_dag.py for tasks to queue
[2025-11-18T05:51:54.337+0000] {logging_mixin.py:188} INFO - [2025-11-18T05:51:54.336+0000] {dagbag.py:538} INFO - Filling up the DagBag from /opt/airflow/dags/01_demo_basic_dag.py
[2025-11-18T05:51:54.348+0000] {logging_mixin.py:188} WARNING - /home/airflow/.local/lib/python3.10/site-packages/airflow/models/baseoperator.py:437 RemovedInAirflow3Warning: none_failed_or_skipped Trigger Rule is deprecated. Please use `none_failed_min_one_success`.
[2025-11-18T05:51:54.350+0000] {processor.py:840} INFO - DAG(s) '01_demo_basic_dag' retrieved from /opt/airflow/dags/01_demo_basic_dag.py
[2025-11-18T05:51:54.362+0000] {logging_mixin.py:188} INFO - [2025-11-18T05:51:54.361+0000] {dag.py:3033} INFO - Sync 1 DAGs
[2025-11-18T05:51:54.372+0000] {logging_mixin.py:188} INFO - [2025-11-18T05:51:54.372+0000] {dag.py:3820} INFO - Setting next_dagrun for 01_demo_basic_dag to 2025-11-18T02:00:00+00:00, run_after=2025-11-18T04:00:00+00:00
[2025-11-18T05:51:54.379+0000] {processor.py:183} INFO - Processing /opt/airflow/dags/01_demo_basic_dag.py took 0.047 seconds
[2025-11-18T05:52:24.629+0000] {processor.py:161} INFO - Started process (PID=662) to work on /opt/airflow/dags/01_demo_basic_dag.py
[2025-11-18T05:52:24.630+0000] {processor.py:830} INFO - Processing file /opt/airflow/dags/01_demo_basic_dag.py for tasks to queue
[2025-11-18T05:52:24.632+0000] {logging_mixin.py:188} INFO - [2025-11-18T05:52:24.632+0000] {dagbag.py:538} INFO - Filling up the DagBag from /opt/airflow/dags/01_demo_basic_dag.py
[2025-11-18T05:52:24.640+0000] {logging_mixin.py:188} WARNING - /home/airflow/.local/lib/python3.10/site-packages/airflow/models/baseoperator.py:437 RemovedInAirflow3Warning: none_failed_or_skipped Trigger Rule is deprecated. Please use `none_failed_min_one_success`.
[2025-11-18T05:52:24.641+0000] {processor.py:840} INFO - DAG(s) '01_demo_basic_dag' retrieved from /opt/airflow/dags/01_demo_basic_dag.py
[2025-11-18T05:52:24.656+0000] {logging_mixin.py:188} INFO - [2025-11-18T05:52:24.656+0000] {dag.py:3033} INFO - Sync 1 DAGs
[2025-11-18T05:52:24.665+0000] {logging_mixin.py:188} INFO - [2025-11-18T05:52:24.665+0000] {dag.py:3820} INFO - Setting next_dagrun for 01_demo_basic_dag to 2025-11-18T02:00:00+00:00, run_after=2025-11-18T04:00:00+00:00
[2025-11-18T05:52:24.673+0000] {processor.py:183} INFO - Processing /opt/airflow/dags/01_demo_basic_dag.py took 0.046 seconds
[2025-11-18T05:52:54.928+0000] {processor.py:161} INFO - Started process (PID=665) to work on /opt/airflow/dags/01_demo_basic_dag.py
[2025-11-18T05:52:54.929+0000] {processor.py:830} INFO - Processing file /opt/airflow/dags/01_demo_basic_dag.py for tasks to queue
[2025-11-18T05:52:54.931+0000] {logging_mixin.py:188} INFO - [2025-11-18T05:52:54.931+0000] {dagbag.py:538} INFO - Filling up the DagBag from /opt/airflow/dags/01_demo_basic_dag.py
[2025-11-18T05:52:54.939+0000] {logging_mixin.py:188} WARNING - /home/airflow/.local/lib/python3.10/site-packages/airflow/models/baseoperator.py:437 RemovedInAirflow3Warning: none_failed_or_skipped Trigger Rule is deprecated. Please use `none_failed_min_one_success`.
[2025-11-18T05:52:54.940+0000] {processor.py:840} INFO - DAG(s) '01_demo_basic_dag' retrieved from /opt/airflow/dags/01_demo_basic_dag.py
[2025-11-18T05:52:54.950+0000] {logging_mixin.py:188} INFO - [2025-11-18T05:52:54.950+0000] {dag.py:3033} INFO - Sync 1 DAGs
[2025-11-18T05:52:54.962+0000] {logging_mixin.py:188} INFO - [2025-11-18T05:52:54.962+0000] {dag.py:3820} INFO - Setting next_dagrun for 01_demo_basic_dag to 2025-11-18T02:00:00+00:00, run_after=2025-11-18T04:00:00+00:00
[2025-11-18T05:52:54.971+0000] {processor.py:183} INFO - Processing /opt/airflow/dags/01_demo_basic_dag.py took 0.045 seconds
[2025-11-18T05:53:25.205+0000] {processor.py:161} INFO - Started process (PID=668) to work on /opt/airflow/dags/01_demo_basic_dag.py
[2025-11-18T05:53:25.206+0000] {processor.py:830} INFO - Processing file /opt/airflow/dags/01_demo_basic_dag.py for tasks to queue
[2025-11-18T05:53:25.208+0000] {logging_mixin.py:188} INFO - [2025-11-18T05:53:25.208+0000] {dagbag.py:538} INFO - Filling up the DagBag from /opt/airflow/dags/01_demo_basic_dag.py
[2025-11-18T05:53:25.218+0000] {logging_mixin.py:188} WARNING - /home/airflow/.local/lib/python3.10/site-packages/airflow/models/baseoperator.py:437 RemovedInAirflow3Warning: none_failed_or_skipped Trigger Rule is deprecated. Please use `none_failed_min_one_success`.
[2025-11-18T05:53:25.220+0000] {processor.py:840} INFO - DAG(s) '01_demo_basic_dag' retrieved from /opt/airflow/dags/01_demo_basic_dag.py
[2025-11-18T05:53:25.232+0000] {logging_mixin.py:188} INFO - [2025-11-18T05:53:25.232+0000] {dag.py:3033} INFO - Sync 1 DAGs
[2025-11-18T05:53:25.242+0000] {logging_mixin.py:188} INFO - [2025-11-18T05:53:25.242+0000] {dag.py:3820} INFO - Setting next_dagrun for 01_demo_basic_dag to 2025-11-18T02:00:00+00:00, run_after=2025-11-18T04:00:00+00:00
[2025-11-18T05:53:25.249+0000] {processor.py:183} INFO - Processing /opt/airflow/dags/01_demo_basic_dag.py took 0.046 seconds
[2025-11-18T05:53:55.508+0000] {processor.py:161} INFO - Started process (PID=671) to work on /opt/airflow/dags/01_demo_basic_dag.py
[2025-11-18T05:53:55.509+0000] {processor.py:830} INFO - Processing file /opt/airflow/dags/01_demo_basic_dag.py for tasks to queue
[2025-11-18T05:53:55.511+0000] {logging_mixin.py:188} INFO - [2025-11-18T05:53:55.511+0000] {dagbag.py:538} INFO - Filling up the DagBag from /opt/airflow/dags/01_demo_basic_dag.py
[2025-11-18T05:53:55.523+0000] {logging_mixin.py:188} WARNING - /home/airflow/.local/lib/python3.10/site-packages/airflow/models/baseoperator.py:437 RemovedInAirflow3Warning: none_failed_or_skipped Trigger Rule is deprecated. Please use `none_failed_min_one_success`.
[2025-11-18T05:53:55.525+0000] {processor.py:840} INFO - DAG(s) '01_demo_basic_dag' retrieved from /opt/airflow/dags/01_demo_basic_dag.py
[2025-11-18T05:53:55.536+0000] {logging_mixin.py:188} INFO - [2025-11-18T05:53:55.536+0000] {dag.py:3033} INFO - Sync 1 DAGs
[2025-11-18T05:53:55.548+0000] {logging_mixin.py:188} INFO - [2025-11-18T05:53:55.547+0000] {dag.py:3820} INFO - Setting next_dagrun for 01_demo_basic_dag to 2025-11-18T02:00:00+00:00, run_after=2025-11-18T04:00:00+00:00
[2025-11-18T05:53:55.555+0000] {processor.py:183} INFO - Processing /opt/airflow/dags/01_demo_basic_dag.py took 0.048 seconds
[2025-11-18T05:54:25.777+0000] {processor.py:161} INFO - Started process (PID=674) to work on /opt/airflow/dags/01_demo_basic_dag.py
[2025-11-18T05:54:25.778+0000] {processor.py:830} INFO - Processing file /opt/airflow/dags/01_demo_basic_dag.py for tasks to queue
[2025-11-18T05:54:25.780+0000] {logging_mixin.py:188} INFO - [2025-11-18T05:54:25.780+0000] {dagbag.py:538} INFO - Filling up the DagBag from /opt/airflow/dags/01_demo_basic_dag.py
[2025-11-18T05:54:25.792+0000] {logging_mixin.py:188} WARNING - /home/airflow/.local/lib/python3.10/site-packages/airflow/models/baseoperator.py:437 RemovedInAirflow3Warning: none_failed_or_skipped Trigger Rule is deprecated. Please use `none_failed_min_one_success`.
[2025-11-18T05:54:25.794+0000] {processor.py:840} INFO - DAG(s) '01_demo_basic_dag' retrieved from /opt/airflow/dags/01_demo_basic_dag.py
[2025-11-18T05:54:25.806+0000] {logging_mixin.py:188} INFO - [2025-11-18T05:54:25.806+0000] {dag.py:3033} INFO - Sync 1 DAGs
[2025-11-18T05:54:25.815+0000] {logging_mixin.py:188} INFO - [2025-11-18T05:54:25.815+0000] {dag.py:3820} INFO - Setting next_dagrun for 01_demo_basic_dag to 2025-11-18T02:00:00+00:00, run_after=2025-11-18T04:00:00+00:00
[2025-11-18T05:54:25.823+0000] {processor.py:183} INFO - Processing /opt/airflow/dags/01_demo_basic_dag.py took 0.047 seconds
[2025-11-18T05:54:56.083+0000] {processor.py:161} INFO - Started process (PID=677) to work on /opt/airflow/dags/01_demo_basic_dag.py
[2025-11-18T05:54:56.084+0000] {processor.py:830} INFO - Processing file /opt/airflow/dags/01_demo_basic_dag.py for tasks to queue
[2025-11-18T05:54:56.085+0000] {logging_mixin.py:188} INFO - [2025-11-18T05:54:56.085+0000] {dagbag.py:538} INFO - Filling up the DagBag from /opt/airflow/dags/01_demo_basic_dag.py
[2025-11-18T05:54:56.103+0000] {logging_mixin.py:188} WARNING - /home/airflow/.local/lib/python3.10/site-packages/airflow/models/baseoperator.py:437 RemovedInAirflow3Warning: none_failed_or_skipped Trigger Rule is deprecated. Please use `none_failed_min_one_success`.
[2025-11-18T05:54:56.105+0000] {processor.py:840} INFO - DAG(s) '01_demo_basic_dag' retrieved from /opt/airflow/dags/01_demo_basic_dag.py
[2025-11-18T05:54:56.117+0000] {logging_mixin.py:188} INFO - [2025-11-18T05:54:56.117+0000] {dag.py:3033} INFO - Sync 1 DAGs
[2025-11-18T05:54:56.127+0000] {logging_mixin.py:188} INFO - [2025-11-18T05:54:56.127+0000] {dag.py:3820} INFO - Setting next_dagrun for 01_demo_basic_dag to 2025-11-18T02:00:00+00:00, run_after=2025-11-18T04:00:00+00:00
[2025-11-18T05:54:56.135+0000] {processor.py:183} INFO - Processing /opt/airflow/dags/01_demo_basic_dag.py took 0.054 seconds
[2025-11-18T05:55:26.380+0000] {processor.py:161} INFO - Started process (PID=680) to work on /opt/airflow/dags/01_demo_basic_dag.py
[2025-11-18T05:55:26.380+0000] {processor.py:830} INFO - Processing file /opt/airflow/dags/01_demo_basic_dag.py for tasks to queue
[2025-11-18T05:55:26.383+0000] {logging_mixin.py:188} INFO - [2025-11-18T05:55:26.383+0000] {dagbag.py:538} INFO - Filling up the DagBag from /opt/airflow/dags/01_demo_basic_dag.py
[2025-11-18T05:55:26.392+0000] {logging_mixin.py:188} WARNING - /home/airflow/.local/lib/python3.10/site-packages/airflow/models/baseoperator.py:437 RemovedInAirflow3Warning: none_failed_or_skipped Trigger Rule is deprecated. Please use `none_failed_min_one_success`.
[2025-11-18T05:55:26.393+0000] {processor.py:840} INFO - DAG(s) '01_demo_basic_dag' retrieved from /opt/airflow/dags/01_demo_basic_dag.py
[2025-11-18T05:55:26.406+0000] {logging_mixin.py:188} INFO - [2025-11-18T05:55:26.406+0000] {dag.py:3033} INFO - Sync 1 DAGs
[2025-11-18T05:55:26.415+0000] {logging_mixin.py:188} INFO - [2025-11-18T05:55:26.415+0000] {dag.py:3820} INFO - Setting next_dagrun for 01_demo_basic_dag to 2025-11-18T02:00:00+00:00, run_after=2025-11-18T04:00:00+00:00
[2025-11-18T05:55:26.422+0000] {processor.py:183} INFO - Processing /opt/airflow/dags/01_demo_basic_dag.py took 0.045 seconds
[2025-11-18T05:55:56.675+0000] {processor.py:161} INFO - Started process (PID=683) to work on /opt/airflow/dags/01_demo_basic_dag.py
[2025-11-18T05:55:56.676+0000] {processor.py:830} INFO - Processing file /opt/airflow/dags/01_demo_basic_dag.py for tasks to queue
[2025-11-18T05:55:56.678+0000] {logging_mixin.py:188} INFO - [2025-11-18T05:55:56.678+0000] {dagbag.py:538} INFO - Filling up the DagBag from /opt/airflow/dags/01_demo_basic_dag.py
[2025-11-18T05:55:56.686+0000] {logging_mixin.py:188} WARNING - /home/airflow/.local/lib/python3.10/site-packages/airflow/models/baseoperator.py:437 RemovedInAirflow3Warning: none_failed_or_skipped Trigger Rule is deprecated. Please use `none_failed_min_one_success`.
[2025-11-18T05:55:56.688+0000] {processor.py:840} INFO - DAG(s) '01_demo_basic_dag' retrieved from /opt/airflow/dags/01_demo_basic_dag.py
[2025-11-18T05:55:56.701+0000] {logging_mixin.py:188} INFO - [2025-11-18T05:55:56.701+0000] {dag.py:3033} INFO - Sync 1 DAGs
[2025-11-18T05:55:56.712+0000] {logging_mixin.py:188} INFO - [2025-11-18T05:55:56.712+0000] {dag.py:3820} INFO - Setting next_dagrun for 01_demo_basic_dag to 2025-11-18T02:00:00+00:00, run_after=2025-11-18T04:00:00+00:00
[2025-11-18T05:55:56.722+0000] {processor.py:183} INFO - Processing /opt/airflow/dags/01_demo_basic_dag.py took 0.048 seconds
[2025-11-18T06:44:25.779+0000] {processor.py:161} INFO - Started process (PID=686) to work on /opt/airflow/dags/01_demo_basic_dag.py
[2025-11-18T06:44:25.780+0000] {processor.py:830} INFO - Processing file /opt/airflow/dags/01_demo_basic_dag.py for tasks to queue
[2025-11-18T06:44:25.782+0000] {logging_mixin.py:188} INFO - [2025-11-18T06:44:25.782+0000] {dagbag.py:538} INFO - Filling up the DagBag from /opt/airflow/dags/01_demo_basic_dag.py
[2025-11-18T06:44:25.796+0000] {logging_mixin.py:188} WARNING - /home/airflow/.local/lib/python3.10/site-packages/airflow/models/baseoperator.py:437 RemovedInAirflow3Warning: none_failed_or_skipped Trigger Rule is deprecated. Please use `none_failed_min_one_success`.
[2025-11-18T06:44:25.799+0000] {processor.py:840} INFO - DAG(s) '01_demo_basic_dag' retrieved from /opt/airflow/dags/01_demo_basic_dag.py
[2025-11-18T06:44:25.814+0000] {logging_mixin.py:188} INFO - [2025-11-18T06:44:25.813+0000] {dag.py:3033} INFO - Sync 1 DAGs
[2025-11-18T06:44:25.824+0000] {logging_mixin.py:188} INFO - [2025-11-18T06:44:25.824+0000] {dag.py:3820} INFO - Setting next_dagrun for 01_demo_basic_dag to 2025-11-18T04:00:00+00:00, run_after=2025-11-18T06:00:00+00:00
[2025-11-18T06:44:25.833+0000] {processor.py:183} INFO - Processing /opt/airflow/dags/01_demo_basic_dag.py took 0.056 seconds
[2025-11-18T07:53:41.504+0000] {processor.py:161} INFO - Started process (PID=689) to work on /opt/airflow/dags/01_demo_basic_dag.py
[2025-11-18T07:53:41.505+0000] {processor.py:830} INFO - Processing file /opt/airflow/dags/01_demo_basic_dag.py for tasks to queue
[2025-11-18T07:53:41.507+0000] {logging_mixin.py:188} INFO - [2025-11-18T07:53:41.507+0000] {dagbag.py:538} INFO - Filling up the DagBag from /opt/airflow/dags/01_demo_basic_dag.py
[2025-11-18T07:53:41.522+0000] {logging_mixin.py:188} WARNING - /home/airflow/.local/lib/python3.10/site-packages/airflow/models/baseoperator.py:437 RemovedInAirflow3Warning: none_failed_or_skipped Trigger Rule is deprecated. Please use `none_failed_min_one_success`.
[2025-11-18T07:53:41.524+0000] {processor.py:840} INFO - DAG(s) '01_demo_basic_dag' retrieved from /opt/airflow/dags/01_demo_basic_dag.py
[2025-11-18T07:53:41.540+0000] {logging_mixin.py:188} INFO - [2025-11-18T07:53:41.540+0000] {dag.py:3033} INFO - Sync 1 DAGs
[2025-11-18T07:53:41.554+0000] {logging_mixin.py:188} INFO - [2025-11-18T07:53:41.554+0000] {dag.py:3820} INFO - Setting next_dagrun for 01_demo_basic_dag to 2025-11-18T04:00:00+00:00, run_after=2025-11-18T06:00:00+00:00
[2025-11-18T07:53:41.568+0000] {processor.py:183} INFO - Processing /opt/airflow/dags/01_demo_basic_dag.py took 0.067 seconds
[2025-11-18T08:57:46.428+0000] {processor.py:161} INFO - Started process (PID=692) to work on /opt/airflow/dags/01_demo_basic_dag.py
[2025-11-18T08:57:46.433+0000] {processor.py:830} INFO - Processing file /opt/airflow/dags/01_demo_basic_dag.py for tasks to queue
[2025-11-18T08:57:46.440+0000] {logging_mixin.py:188} INFO - [2025-11-18T08:57:46.440+0000] {dagbag.py:538} INFO - Filling up the DagBag from /opt/airflow/dags/01_demo_basic_dag.py
[2025-11-18T08:57:46.522+0000] {logging_mixin.py:188} WARNING - /home/airflow/.local/lib/python3.10/site-packages/airflow/models/baseoperator.py:437 RemovedInAirflow3Warning: none_failed_or_skipped Trigger Rule is deprecated. Please use `none_failed_min_one_success`.
[2025-11-18T08:57:46.532+0000] {processor.py:840} INFO - DAG(s) '01_demo_basic_dag' retrieved from /opt/airflow/dags/01_demo_basic_dag.py
[2025-11-18T08:57:46.707+0000] {logging_mixin.py:188} INFO - [2025-11-18T08:57:46.706+0000] {dag.py:3033} INFO - Sync 1 DAGs
[2025-11-18T08:57:46.784+0000] {logging_mixin.py:188} INFO - [2025-11-18T08:57:46.783+0000] {dag.py:3820} INFO - Setting next_dagrun for 01_demo_basic_dag to 2025-11-18T06:00:00+00:00, run_after=2025-11-18T08:00:00+00:00
[2025-11-18T08:57:46.890+0000] {processor.py:183} INFO - Processing /opt/airflow/dags/01_demo_basic_dag.py took 0.466 seconds
[2025-11-18T09:24:42.775+0000] {processor.py:161} INFO - Started process (PID=695) to work on /opt/airflow/dags/01_demo_basic_dag.py
[2025-11-18T09:24:42.776+0000] {processor.py:830} INFO - Processing file /opt/airflow/dags/01_demo_basic_dag.py for tasks to queue
[2025-11-18T09:24:42.778+0000] {logging_mixin.py:188} INFO - [2025-11-18T09:24:42.778+0000] {dagbag.py:538} INFO - Filling up the DagBag from /opt/airflow/dags/01_demo_basic_dag.py
[2025-11-18T09:24:42.790+0000] {logging_mixin.py:188} WARNING - /home/airflow/.local/lib/python3.10/site-packages/airflow/models/baseoperator.py:437 RemovedInAirflow3Warning: none_failed_or_skipped Trigger Rule is deprecated. Please use `none_failed_min_one_success`.
[2025-11-18T09:24:42.793+0000] {processor.py:840} INFO - DAG(s) '01_demo_basic_dag' retrieved from /opt/airflow/dags/01_demo_basic_dag.py
[2025-11-18T09:24:42.805+0000] {logging_mixin.py:188} INFO - [2025-11-18T09:24:42.805+0000] {dag.py:3033} INFO - Sync 1 DAGs
[2025-11-18T09:24:42.815+0000] {logging_mixin.py:188} INFO - [2025-11-18T09:24:42.815+0000] {dag.py:3820} INFO - Setting next_dagrun for 01_demo_basic_dag to 2025-11-18T06:00:00+00:00, run_after=2025-11-18T08:00:00+00:00
[2025-11-18T09:24:42.822+0000] {processor.py:183} INFO - Processing /opt/airflow/dags/01_demo_basic_dag.py took 0.049 seconds
[2025-11-18T09:25:13.093+0000] {processor.py:161} INFO - Started process (PID=698) to work on /opt/airflow/dags/01_demo_basic_dag.py
[2025-11-18T09:25:13.095+0000] {processor.py:830} INFO - Processing file /opt/airflow/dags/01_demo_basic_dag.py for tasks to queue
[2025-11-18T09:25:13.097+0000] {logging_mixin.py:188} INFO - [2025-11-18T09:25:13.096+0000] {dagbag.py:538} INFO - Filling up the DagBag from /opt/airflow/dags/01_demo_basic_dag.py
[2025-11-18T09:25:13.109+0000] {logging_mixin.py:188} WARNING - /home/airflow/.local/lib/python3.10/site-packages/airflow/models/baseoperator.py:437 RemovedInAirflow3Warning: none_failed_or_skipped Trigger Rule is deprecated. Please use `none_failed_min_one_success`.
[2025-11-18T09:25:13.111+0000] {processor.py:840} INFO - DAG(s) '01_demo_basic_dag' retrieved from /opt/airflow/dags/01_demo_basic_dag.py
[2025-11-18T09:25:13.126+0000] {logging_mixin.py:188} INFO - [2025-11-18T09:25:13.126+0000] {dag.py:3033} INFO - Sync 1 DAGs
[2025-11-18T09:25:13.136+0000] {logging_mixin.py:188} INFO - [2025-11-18T09:25:13.136+0000] {dag.py:3820} INFO - Setting next_dagrun for 01_demo_basic_dag to 2025-11-18T06:00:00+00:00, run_after=2025-11-18T08:00:00+00:00
[2025-11-18T09:25:13.144+0000] {processor.py:183} INFO - Processing /opt/airflow/dags/01_demo_basic_dag.py took 0.053 seconds
[2025-11-18T09:25:43.395+0000] {processor.py:161} INFO - Started process (PID=701) to work on /opt/airflow/dags/01_demo_basic_dag.py
[2025-11-18T09:25:43.397+0000] {processor.py:830} INFO - Processing file /opt/airflow/dags/01_demo_basic_dag.py for tasks to queue
[2025-11-18T09:25:43.397+0000] {logging_mixin.py:188} INFO - [2025-11-18T09:25:43.397+0000] {dagbag.py:538} INFO - Filling up the DagBag from /opt/airflow/dags/01_demo_basic_dag.py
[2025-11-18T09:25:43.406+0000] {logging_mixin.py:188} WARNING - /home/airflow/.local/lib/python3.10/site-packages/airflow/models/baseoperator.py:437 RemovedInAirflow3Warning: none_failed_or_skipped Trigger Rule is deprecated. Please use `none_failed_min_one_success`.
[2025-11-18T09:25:43.409+0000] {processor.py:840} INFO - DAG(s) '01_demo_basic_dag' retrieved from /opt/airflow/dags/01_demo_basic_dag.py
[2025-11-18T09:25:43.420+0000] {logging_mixin.py:188} INFO - [2025-11-18T09:25:43.420+0000] {dag.py:3033} INFO - Sync 1 DAGs
[2025-11-18T09:25:43.429+0000] {logging_mixin.py:188} INFO - [2025-11-18T09:25:43.429+0000] {dag.py:3820} INFO - Setting next_dagrun for 01_demo_basic_dag to 2025-11-18T06:00:00+00:00, run_after=2025-11-18T08:00:00+00:00
[2025-11-18T09:25:43.437+0000] {processor.py:183} INFO - Processing /opt/airflow/dags/01_demo_basic_dag.py took 0.043 seconds
[2025-11-18T09:26:13.686+0000] {processor.py:161} INFO - Started process (PID=704) to work on /opt/airflow/dags/01_demo_basic_dag.py
[2025-11-18T09:26:13.687+0000] {processor.py:830} INFO - Processing file /opt/airflow/dags/01_demo_basic_dag.py for tasks to queue
[2025-11-18T09:26:13.688+0000] {logging_mixin.py:188} INFO - [2025-11-18T09:26:13.688+0000] {dagbag.py:538} INFO - Filling up the DagBag from /opt/airflow/dags/01_demo_basic_dag.py
[2025-11-18T09:26:13.697+0000] {logging_mixin.py:188} WARNING - /home/airflow/.local/lib/python3.10/site-packages/airflow/models/baseoperator.py:437 RemovedInAirflow3Warning: none_failed_or_skipped Trigger Rule is deprecated. Please use `none_failed_min_one_success`.
[2025-11-18T09:26:13.699+0000] {processor.py:840} INFO - DAG(s) '01_demo_basic_dag' retrieved from /opt/airflow/dags/01_demo_basic_dag.py
[2025-11-18T09:26:13.710+0000] {logging_mixin.py:188} INFO - [2025-11-18T09:26:13.710+0000] {dag.py:3033} INFO - Sync 1 DAGs
[2025-11-18T09:26:13.720+0000] {logging_mixin.py:188} INFO - [2025-11-18T09:26:13.720+0000] {dag.py:3820} INFO - Setting next_dagrun for 01_demo_basic_dag to 2025-11-18T06:00:00+00:00, run_after=2025-11-18T08:00:00+00:00
[2025-11-18T09:26:13.728+0000] {processor.py:183} INFO - Processing /opt/airflow/dags/01_demo_basic_dag.py took 0.044 seconds
[2025-11-18T09:26:43.983+0000] {processor.py:161} INFO - Started process (PID=707) to work on /opt/airflow/dags/01_demo_basic_dag.py
[2025-11-18T09:26:43.984+0000] {processor.py:830} INFO - Processing file /opt/airflow/dags/01_demo_basic_dag.py for tasks to queue
[2025-11-18T09:26:43.986+0000] {logging_mixin.py:188} INFO - [2025-11-18T09:26:43.986+0000] {dagbag.py:538} INFO - Filling up the DagBag from /opt/airflow/dags/01_demo_basic_dag.py
[2025-11-18T09:26:43.995+0000] {logging_mixin.py:188} WARNING - /home/airflow/.local/lib/python3.10/site-packages/airflow/models/baseoperator.py:437 RemovedInAirflow3Warning: none_failed_or_skipped Trigger Rule is deprecated. Please use `none_failed_min_one_success`.
[2025-11-18T09:26:43.996+0000] {processor.py:840} INFO - DAG(s) '01_demo_basic_dag' retrieved from /opt/airflow/dags/01_demo_basic_dag.py
[2025-11-18T09:26:44.008+0000] {logging_mixin.py:188} INFO - [2025-11-18T09:26:44.008+0000] {dag.py:3033} INFO - Sync 1 DAGs
[2025-11-18T09:26:44.019+0000] {logging_mixin.py:188} INFO - [2025-11-18T09:26:44.019+0000] {dag.py:3820} INFO - Setting next_dagrun for 01_demo_basic_dag to 2025-11-18T06:00:00+00:00, run_after=2025-11-18T08:00:00+00:00
[2025-11-18T09:26:44.029+0000] {processor.py:183} INFO - Processing /opt/airflow/dags/01_demo_basic_dag.py took 0.048 seconds
[2025-11-18T09:27:14.254+0000] {processor.py:161} INFO - Started process (PID=710) to work on /opt/airflow/dags/01_demo_basic_dag.py
[2025-11-18T09:27:14.255+0000] {processor.py:830} INFO - Processing file /opt/airflow/dags/01_demo_basic_dag.py for tasks to queue
[2025-11-18T09:27:14.256+0000] {logging_mixin.py:188} INFO - [2025-11-18T09:27:14.256+0000] {dagbag.py:538} INFO - Filling up the DagBag from /opt/airflow/dags/01_demo_basic_dag.py
[2025-11-18T09:27:14.264+0000] {logging_mixin.py:188} WARNING - /home/airflow/.local/lib/python3.10/site-packages/airflow/models/baseoperator.py:437 RemovedInAirflow3Warning: none_failed_or_skipped Trigger Rule is deprecated. Please use `none_failed_min_one_success`.
[2025-11-18T09:27:14.266+0000] {processor.py:840} INFO - DAG(s) '01_demo_basic_dag' retrieved from /opt/airflow/dags/01_demo_basic_dag.py
[2025-11-18T09:27:14.276+0000] {logging_mixin.py:188} INFO - [2025-11-18T09:27:14.276+0000] {dag.py:3033} INFO - Sync 1 DAGs
[2025-11-18T09:27:14.286+0000] {logging_mixin.py:188} INFO - [2025-11-18T09:27:14.286+0000] {dag.py:3820} INFO - Setting next_dagrun for 01_demo_basic_dag to 2025-11-18T06:00:00+00:00, run_after=2025-11-18T08:00:00+00:00
[2025-11-18T09:27:14.294+0000] {processor.py:183} INFO - Processing /opt/airflow/dags/01_demo_basic_dag.py took 0.041 seconds
[2025-11-18T09:27:44.530+0000] {processor.py:161} INFO - Started process (PID=713) to work on /opt/airflow/dags/01_demo_basic_dag.py
[2025-11-18T09:27:44.530+0000] {processor.py:830} INFO - Processing file /opt/airflow/dags/01_demo_basic_dag.py for tasks to queue
[2025-11-18T09:27:44.532+0000] {logging_mixin.py:188} INFO - [2025-11-18T09:27:44.532+0000] {dagbag.py:538} INFO - Filling up the DagBag from /opt/airflow/dags/01_demo_basic_dag.py
[2025-11-18T09:27:44.543+0000] {logging_mixin.py:188} WARNING - /home/airflow/.local/lib/python3.10/site-packages/airflow/models/baseoperator.py:437 RemovedInAirflow3Warning: none_failed_or_skipped Trigger Rule is deprecated. Please use `none_failed_min_one_success`.
[2025-11-18T09:27:44.545+0000] {processor.py:840} INFO - DAG(s) '01_demo_basic_dag' retrieved from /opt/airflow/dags/01_demo_basic_dag.py
[2025-11-18T09:27:44.558+0000] {logging_mixin.py:188} INFO - [2025-11-18T09:27:44.558+0000] {dag.py:3033} INFO - Sync 1 DAGs
[2025-11-18T09:27:44.568+0000] {logging_mixin.py:188} INFO - [2025-11-18T09:27:44.568+0000] {dag.py:3820} INFO - Setting next_dagrun for 01_demo_basic_dag to 2025-11-18T06:00:00+00:00, run_after=2025-11-18T08:00:00+00:00
[2025-11-18T09:27:44.575+0000] {processor.py:183} INFO - Processing /opt/airflow/dags/01_demo_basic_dag.py took 0.047 seconds
[2025-11-18T09:28:14.819+0000] {processor.py:161} INFO - Started process (PID=716) to work on /opt/airflow/dags/01_demo_basic_dag.py
[2025-11-18T09:28:14.821+0000] {processor.py:830} INFO - Processing file /opt/airflow/dags/01_demo_basic_dag.py for tasks to queue
[2025-11-18T09:28:14.822+0000] {logging_mixin.py:188} INFO - [2025-11-18T09:28:14.822+0000] {dagbag.py:538} INFO - Filling up the DagBag from /opt/airflow/dags/01_demo_basic_dag.py
[2025-11-18T09:28:14.832+0000] {logging_mixin.py:188} WARNING - /home/airflow/.local/lib/python3.10/site-packages/airflow/models/baseoperator.py:437 RemovedInAirflow3Warning: none_failed_or_skipped Trigger Rule is deprecated. Please use `none_failed_min_one_success`.
[2025-11-18T09:28:14.834+0000] {processor.py:840} INFO - DAG(s) '01_demo_basic_dag' retrieved from /opt/airflow/dags/01_demo_basic_dag.py
[2025-11-18T09:28:14.847+0000] {logging_mixin.py:188} INFO - [2025-11-18T09:28:14.847+0000] {dag.py:3033} INFO - Sync 1 DAGs
[2025-11-18T09:28:14.858+0000] {logging_mixin.py:188} INFO - [2025-11-18T09:28:14.858+0000] {dag.py:3820} INFO - Setting next_dagrun for 01_demo_basic_dag to 2025-11-18T06:00:00+00:00, run_after=2025-11-18T08:00:00+00:00
[2025-11-18T09:28:14.870+0000] {processor.py:183} INFO - Processing /opt/airflow/dags/01_demo_basic_dag.py took 0.053 seconds
[2025-11-18T09:28:45.147+0000] {processor.py:161} INFO - Started process (PID=719) to work on /opt/airflow/dags/01_demo_basic_dag.py
[2025-11-18T09:28:45.148+0000] {processor.py:830} INFO - Processing file /opt/airflow/dags/01_demo_basic_dag.py for tasks to queue
[2025-11-18T09:28:45.150+0000] {logging_mixin.py:188} INFO - [2025-11-18T09:28:45.150+0000] {dagbag.py:538} INFO - Filling up the DagBag from /opt/airflow/dags/01_demo_basic_dag.py
[2025-11-18T09:28:45.160+0000] {logging_mixin.py:188} WARNING - /home/airflow/.local/lib/python3.10/site-packages/airflow/models/baseoperator.py:437 RemovedInAirflow3Warning: none_failed_or_skipped Trigger Rule is deprecated. Please use `none_failed_min_one_success`.
[2025-11-18T09:28:45.161+0000] {processor.py:840} INFO - DAG(s) '01_demo_basic_dag' retrieved from /opt/airflow/dags/01_demo_basic_dag.py
[2025-11-18T09:28:45.175+0000] {logging_mixin.py:188} INFO - [2025-11-18T09:28:45.175+0000] {dag.py:3033} INFO - Sync 1 DAGs
[2025-11-18T09:28:45.185+0000] {logging_mixin.py:188} INFO - [2025-11-18T09:28:45.185+0000] {dag.py:3820} INFO - Setting next_dagrun for 01_demo_basic_dag to 2025-11-18T06:00:00+00:00, run_after=2025-11-18T08:00:00+00:00
[2025-11-18T09:28:45.194+0000] {processor.py:183} INFO - Processing /opt/airflow/dags/01_demo_basic_dag.py took 0.049 seconds
[2025-11-18T09:29:15.435+0000] {processor.py:161} INFO - Started process (PID=722) to work on /opt/airflow/dags/01_demo_basic_dag.py
[2025-11-18T09:29:15.437+0000] {processor.py:830} INFO - Processing file /opt/airflow/dags/01_demo_basic_dag.py for tasks to queue
[2025-11-18T09:29:15.438+0000] {logging_mixin.py:188} INFO - [2025-11-18T09:29:15.438+0000] {dagbag.py:538} INFO - Filling up the DagBag from /opt/airflow/dags/01_demo_basic_dag.py
[2025-11-18T09:29:15.451+0000] {logging_mixin.py:188} WARNING - /home/airflow/.local/lib/python3.10/site-packages/airflow/models/baseoperator.py:437 RemovedInAirflow3Warning: none_failed_or_skipped Trigger Rule is deprecated. Please use `none_failed_min_one_success`.
[2025-11-18T09:29:15.454+0000] {processor.py:840} INFO - DAG(s) '01_demo_basic_dag' retrieved from /opt/airflow/dags/01_demo_basic_dag.py
[2025-11-18T09:29:15.467+0000] {logging_mixin.py:188} INFO - [2025-11-18T09:29:15.467+0000] {dag.py:3033} INFO - Sync 1 DAGs
[2025-11-18T09:29:15.480+0000] {logging_mixin.py:188} INFO - [2025-11-18T09:29:15.480+0000] {dag.py:3820} INFO - Setting next_dagrun for 01_demo_basic_dag to 2025-11-18T06:00:00+00:00, run_after=2025-11-18T08:00:00+00:00
[2025-11-18T09:29:15.490+0000] {processor.py:183} INFO - Processing /opt/airflow/dags/01_demo_basic_dag.py took 0.056 seconds
[2025-11-18T09:29:45.710+0000] {processor.py:161} INFO - Started process (PID=725) to work on /opt/airflow/dags/01_demo_basic_dag.py
[2025-11-18T09:29:45.711+0000] {processor.py:830} INFO - Processing file /opt/airflow/dags/01_demo_basic_dag.py for tasks to queue
[2025-11-18T09:29:45.713+0000] {logging_mixin.py:188} INFO - [2025-11-18T09:29:45.713+0000] {dagbag.py:538} INFO - Filling up the DagBag from /opt/airflow/dags/01_demo_basic_dag.py
[2025-11-18T09:29:45.723+0000] {logging_mixin.py:188} WARNING - /home/airflow/.local/lib/python3.10/site-packages/airflow/models/baseoperator.py:437 RemovedInAirflow3Warning: none_failed_or_skipped Trigger Rule is deprecated. Please use `none_failed_min_one_success`.
[2025-11-18T09:29:45.725+0000] {processor.py:840} INFO - DAG(s) '01_demo_basic_dag' retrieved from /opt/airflow/dags/01_demo_basic_dag.py
[2025-11-18T09:29:45.739+0000] {logging_mixin.py:188} INFO - [2025-11-18T09:29:45.739+0000] {dag.py:3033} INFO - Sync 1 DAGs
[2025-11-18T09:29:45.750+0000] {logging_mixin.py:188} INFO - [2025-11-18T09:29:45.750+0000] {dag.py:3820} INFO - Setting next_dagrun for 01_demo_basic_dag to 2025-11-18T06:00:00+00:00, run_after=2025-11-18T08:00:00+00:00
[2025-11-18T09:29:45.759+0000] {processor.py:183} INFO - Processing /opt/airflow/dags/01_demo_basic_dag.py took 0.050 seconds
[2025-11-18T09:30:16.017+0000] {processor.py:161} INFO - Started process (PID=728) to work on /opt/airflow/dags/01_demo_basic_dag.py
[2025-11-18T09:30:16.017+0000] {processor.py:830} INFO - Processing file /opt/airflow/dags/01_demo_basic_dag.py for tasks to queue
[2025-11-18T09:30:16.019+0000] {logging_mixin.py:188} INFO - [2025-11-18T09:30:16.019+0000] {dagbag.py:538} INFO - Filling up the DagBag from /opt/airflow/dags/01_demo_basic_dag.py
[2025-11-18T09:30:16.029+0000] {logging_mixin.py:188} WARNING - /home/airflow/.local/lib/python3.10/site-packages/airflow/models/baseoperator.py:437 RemovedInAirflow3Warning: none_failed_or_skipped Trigger Rule is deprecated. Please use `none_failed_min_one_success`.
[2025-11-18T09:30:16.030+0000] {processor.py:840} INFO - DAG(s) '01_demo_basic_dag' retrieved from /opt/airflow/dags/01_demo_basic_dag.py
[2025-11-18T09:30:16.042+0000] {logging_mixin.py:188} INFO - [2025-11-18T09:30:16.041+0000] {dag.py:3033} INFO - Sync 1 DAGs
[2025-11-18T09:30:16.052+0000] {logging_mixin.py:188} INFO - [2025-11-18T09:30:16.052+0000] {dag.py:3820} INFO - Setting next_dagrun for 01_demo_basic_dag to 2025-11-18T06:00:00+00:00, run_after=2025-11-18T08:00:00+00:00
[2025-11-18T09:30:16.060+0000] {processor.py:183} INFO - Processing /opt/airflow/dags/01_demo_basic_dag.py took 0.045 seconds
[2025-11-18T09:30:46.324+0000] {processor.py:161} INFO - Started process (PID=731) to work on /opt/airflow/dags/01_demo_basic_dag.py
[2025-11-18T09:30:46.325+0000] {processor.py:830} INFO - Processing file /opt/airflow/dags/01_demo_basic_dag.py for tasks to queue
[2025-11-18T09:30:46.327+0000] {logging_mixin.py:188} INFO - [2025-11-18T09:30:46.327+0000] {dagbag.py:538} INFO - Filling up the DagBag from /opt/airflow/dags/01_demo_basic_dag.py
[2025-11-18T09:30:46.336+0000] {logging_mixin.py:188} WARNING - /home/airflow/.local/lib/python3.10/site-packages/airflow/models/baseoperator.py:437 RemovedInAirflow3Warning: none_failed_or_skipped Trigger Rule is deprecated. Please use `none_failed_min_one_success`.
[2025-11-18T09:30:46.338+0000] {processor.py:840} INFO - DAG(s) '01_demo_basic_dag' retrieved from /opt/airflow/dags/01_demo_basic_dag.py
[2025-11-18T09:30:46.352+0000] {logging_mixin.py:188} INFO - [2025-11-18T09:30:46.351+0000] {dag.py:3033} INFO - Sync 1 DAGs
[2025-11-18T09:30:46.362+0000] {logging_mixin.py:188} INFO - [2025-11-18T09:30:46.362+0000] {dag.py:3820} INFO - Setting next_dagrun for 01_demo_basic_dag to 2025-11-18T06:00:00+00:00, run_after=2025-11-18T08:00:00+00:00
[2025-11-18T09:30:46.370+0000] {processor.py:183} INFO - Processing /opt/airflow/dags/01_demo_basic_dag.py took 0.047 seconds
[2025-11-18T09:31:16.635+0000] {processor.py:161} INFO - Started process (PID=734) to work on /opt/airflow/dags/01_demo_basic_dag.py
[2025-11-18T09:31:16.636+0000] {processor.py:830} INFO - Processing file /opt/airflow/dags/01_demo_basic_dag.py for tasks to queue
[2025-11-18T09:31:16.638+0000] {logging_mixin.py:188} INFO - [2025-11-18T09:31:16.638+0000] {dagbag.py:538} INFO - Filling up the DagBag from /opt/airflow/dags/01_demo_basic_dag.py
[2025-11-18T09:31:16.650+0000] {logging_mixin.py:188} WARNING - /home/airflow/.local/lib/python3.10/site-packages/airflow/models/baseoperator.py:437 RemovedInAirflow3Warning: none_failed_or_skipped Trigger Rule is deprecated. Please use `none_failed_min_one_success`.
[2025-11-18T09:31:16.651+0000] {processor.py:840} INFO - DAG(s) '01_demo_basic_dag' retrieved from /opt/airflow/dags/01_demo_basic_dag.py
[2025-11-18T09:31:16.666+0000] {logging_mixin.py:188} INFO - [2025-11-18T09:31:16.666+0000] {dag.py:3033} INFO - Sync 1 DAGs
[2025-11-18T09:31:16.675+0000] {logging_mixin.py:188} INFO - [2025-11-18T09:31:16.675+0000] {dag.py:3820} INFO - Setting next_dagrun for 01_demo_basic_dag to 2025-11-18T06:00:00+00:00, run_after=2025-11-18T08:00:00+00:00
[2025-11-18T09:31:16.684+0000] {processor.py:183} INFO - Processing /opt/airflow/dags/01_demo_basic_dag.py took 0.050 seconds
[2025-11-18T09:31:46.964+0000] {processor.py:161} INFO - Started process (PID=737) to work on /opt/airflow/dags/01_demo_basic_dag.py
[2025-11-18T09:31:46.965+0000] {processor.py:830} INFO - Processing file /opt/airflow/dags/01_demo_basic_dag.py for tasks to queue
[2025-11-18T09:31:46.967+0000] {logging_mixin.py:188} INFO - [2025-11-18T09:31:46.967+0000] {dagbag.py:538} INFO - Filling up the DagBag from /opt/airflow/dags/01_demo_basic_dag.py
[2025-11-18T09:31:46.977+0000] {logging_mixin.py:188} WARNING - /home/airflow/.local/lib/python3.10/site-packages/airflow/models/baseoperator.py:437 RemovedInAirflow3Warning: none_failed_or_skipped Trigger Rule is deprecated. Please use `none_failed_min_one_success`.
[2025-11-18T09:31:46.978+0000] {processor.py:840} INFO - DAG(s) '01_demo_basic_dag' retrieved from /opt/airflow/dags/01_demo_basic_dag.py
[2025-11-18T09:31:46.990+0000] {logging_mixin.py:188} INFO - [2025-11-18T09:31:46.990+0000] {dag.py:3033} INFO - Sync 1 DAGs
[2025-11-18T09:31:46.999+0000] {logging_mixin.py:188} INFO - [2025-11-18T09:31:46.999+0000] {dag.py:3820} INFO - Setting next_dagrun for 01_demo_basic_dag to 2025-11-18T06:00:00+00:00, run_after=2025-11-18T08:00:00+00:00
[2025-11-18T09:31:47.010+0000] {processor.py:183} INFO - Processing /opt/airflow/dags/01_demo_basic_dag.py took 0.047 seconds
[2025-11-18T09:32:17.249+0000] {processor.py:161} INFO - Started process (PID=740) to work on /opt/airflow/dags/01_demo_basic_dag.py
[2025-11-18T09:32:17.249+0000] {processor.py:830} INFO - Processing file /opt/airflow/dags/01_demo_basic_dag.py for tasks to queue
[2025-11-18T09:32:17.250+0000] {logging_mixin.py:188} INFO - [2025-11-18T09:32:17.250+0000] {dagbag.py:538} INFO - Filling up the DagBag from /opt/airflow/dags/01_demo_basic_dag.py
[2025-11-18T09:32:17.259+0000] {logging_mixin.py:188} WARNING - /home/airflow/.local/lib/python3.10/site-packages/airflow/models/baseoperator.py:437 RemovedInAirflow3Warning: none_failed_or_skipped Trigger Rule is deprecated. Please use `none_failed_min_one_success`.
[2025-11-18T09:32:17.260+0000] {processor.py:840} INFO - DAG(s) '01_demo_basic_dag' retrieved from /opt/airflow/dags/01_demo_basic_dag.py
[2025-11-18T09:32:17.271+0000] {logging_mixin.py:188} INFO - [2025-11-18T09:32:17.271+0000] {dag.py:3033} INFO - Sync 1 DAGs
[2025-11-18T09:32:17.282+0000] {logging_mixin.py:188} INFO - [2025-11-18T09:32:17.282+0000] {dag.py:3820} INFO - Setting next_dagrun for 01_demo_basic_dag to 2025-11-18T06:00:00+00:00, run_after=2025-11-18T08:00:00+00:00
[2025-11-18T09:32:17.291+0000] {processor.py:183} INFO - Processing /opt/airflow/dags/01_demo_basic_dag.py took 0.044 seconds
[2025-11-18T09:32:47.548+0000] {processor.py:161} INFO - Started process (PID=743) to work on /opt/airflow/dags/01_demo_basic_dag.py
[2025-11-18T09:32:47.549+0000] {processor.py:830} INFO - Processing file /opt/airflow/dags/01_demo_basic_dag.py for tasks to queue
[2025-11-18T09:32:47.551+0000] {logging_mixin.py:188} INFO - [2025-11-18T09:32:47.551+0000] {dagbag.py:538} INFO - Filling up the DagBag from /opt/airflow/dags/01_demo_basic_dag.py
[2025-11-18T09:32:47.561+0000] {logging_mixin.py:188} WARNING - /home/airflow/.local/lib/python3.10/site-packages/airflow/models/baseoperator.py:437 RemovedInAirflow3Warning: none_failed_or_skipped Trigger Rule is deprecated. Please use `none_failed_min_one_success`.
[2025-11-18T09:32:47.563+0000] {processor.py:840} INFO - DAG(s) '01_demo_basic_dag' retrieved from /opt/airflow/dags/01_demo_basic_dag.py
[2025-11-18T09:32:47.575+0000] {logging_mixin.py:188} INFO - [2025-11-18T09:32:47.575+0000] {dag.py:3033} INFO - Sync 1 DAGs
[2025-11-18T09:32:47.587+0000] {logging_mixin.py:188} INFO - [2025-11-18T09:32:47.587+0000] {dag.py:3820} INFO - Setting next_dagrun for 01_demo_basic_dag to 2025-11-18T06:00:00+00:00, run_after=2025-11-18T08:00:00+00:00
[2025-11-18T09:32:47.601+0000] {processor.py:183} INFO - Processing /opt/airflow/dags/01_demo_basic_dag.py took 0.055 seconds
[2025-11-18T09:33:17.867+0000] {processor.py:161} INFO - Started process (PID=746) to work on /opt/airflow/dags/01_demo_basic_dag.py
[2025-11-18T09:33:17.868+0000] {processor.py:830} INFO - Processing file /opt/airflow/dags/01_demo_basic_dag.py for tasks to queue
[2025-11-18T09:33:17.869+0000] {logging_mixin.py:188} INFO - [2025-11-18T09:33:17.869+0000] {dagbag.py:538} INFO - Filling up the DagBag from /opt/airflow/dags/01_demo_basic_dag.py
[2025-11-18T09:33:17.880+0000] {logging_mixin.py:188} WARNING - /home/airflow/.local/lib/python3.10/site-packages/airflow/models/baseoperator.py:437 RemovedInAirflow3Warning: none_failed_or_skipped Trigger Rule is deprecated. Please use `none_failed_min_one_success`.
[2025-11-18T09:33:17.881+0000] {processor.py:840} INFO - DAG(s) '01_demo_basic_dag' retrieved from /opt/airflow/dags/01_demo_basic_dag.py
[2025-11-18T09:33:17.894+0000] {logging_mixin.py:188} INFO - [2025-11-18T09:33:17.894+0000] {dag.py:3033} INFO - Sync 1 DAGs
[2025-11-18T09:33:17.905+0000] {logging_mixin.py:188} INFO - [2025-11-18T09:33:17.905+0000] {dag.py:3820} INFO - Setting next_dagrun for 01_demo_basic_dag to 2025-11-18T06:00:00+00:00, run_after=2025-11-18T08:00:00+00:00
[2025-11-18T09:33:17.913+0000] {processor.py:183} INFO - Processing /opt/airflow/dags/01_demo_basic_dag.py took 0.048 seconds
[2025-11-18T09:33:48.183+0000] {processor.py:161} INFO - Started process (PID=749) to work on /opt/airflow/dags/01_demo_basic_dag.py
[2025-11-18T09:33:48.184+0000] {processor.py:830} INFO - Processing file /opt/airflow/dags/01_demo_basic_dag.py for tasks to queue
[2025-11-18T09:33:48.186+0000] {logging_mixin.py:188} INFO - [2025-11-18T09:33:48.186+0000] {dagbag.py:538} INFO - Filling up the DagBag from /opt/airflow/dags/01_demo_basic_dag.py
[2025-11-18T09:33:48.194+0000] {logging_mixin.py:188} WARNING - /home/airflow/.local/lib/python3.10/site-packages/airflow/models/baseoperator.py:437 RemovedInAirflow3Warning: none_failed_or_skipped Trigger Rule is deprecated. Please use `none_failed_min_one_success`.
[2025-11-18T09:33:48.196+0000] {processor.py:840} INFO - DAG(s) '01_demo_basic_dag' retrieved from /opt/airflow/dags/01_demo_basic_dag.py
[2025-11-18T09:33:48.208+0000] {logging_mixin.py:188} INFO - [2025-11-18T09:33:48.208+0000] {dag.py:3033} INFO - Sync 1 DAGs
[2025-11-18T09:33:48.217+0000] {logging_mixin.py:188} INFO - [2025-11-18T09:33:48.217+0000] {dag.py:3820} INFO - Setting next_dagrun for 01_demo_basic_dag to 2025-11-18T06:00:00+00:00, run_after=2025-11-18T08:00:00+00:00
[2025-11-18T09:33:48.224+0000] {processor.py:183} INFO - Processing /opt/airflow/dags/01_demo_basic_dag.py took 0.043 seconds
[2025-11-18T09:34:18.507+0000] {processor.py:161} INFO - Started process (PID=752) to work on /opt/airflow/dags/01_demo_basic_dag.py
[2025-11-18T09:34:18.508+0000] {processor.py:830} INFO - Processing file /opt/airflow/dags/01_demo_basic_dag.py for tasks to queue
[2025-11-18T09:34:18.512+0000] {logging_mixin.py:188} INFO - [2025-11-18T09:34:18.512+0000] {dagbag.py:538} INFO - Filling up the DagBag from /opt/airflow/dags/01_demo_basic_dag.py
[2025-11-18T09:34:18.519+0000] {logging_mixin.py:188} WARNING - /home/airflow/.local/lib/python3.10/site-packages/airflow/models/baseoperator.py:437 RemovedInAirflow3Warning: none_failed_or_skipped Trigger Rule is deprecated. Please use `none_failed_min_one_success`.
[2025-11-18T09:34:18.520+0000] {processor.py:840} INFO - DAG(s) '01_demo_basic_dag' retrieved from /opt/airflow/dags/01_demo_basic_dag.py
[2025-11-18T09:34:18.531+0000] {logging_mixin.py:188} INFO - [2025-11-18T09:34:18.531+0000] {dag.py:3033} INFO - Sync 1 DAGs
[2025-11-18T09:34:18.541+0000] {logging_mixin.py:188} INFO - [2025-11-18T09:34:18.541+0000] {dag.py:3820} INFO - Setting next_dagrun for 01_demo_basic_dag to 2025-11-18T06:00:00+00:00, run_after=2025-11-18T08:00:00+00:00
[2025-11-18T09:34:18.549+0000] {processor.py:183} INFO - Processing /opt/airflow/dags/01_demo_basic_dag.py took 0.044 seconds
[2025-11-18T09:34:48.805+0000] {processor.py:161} INFO - Started process (PID=755) to work on /opt/airflow/dags/01_demo_basic_dag.py
[2025-11-18T09:34:48.806+0000] {processor.py:830} INFO - Processing file /opt/airflow/dags/01_demo_basic_dag.py for tasks to queue
[2025-11-18T09:34:48.807+0000] {logging_mixin.py:188} INFO - [2025-11-18T09:34:48.807+0000] {dagbag.py:538} INFO - Filling up the DagBag from /opt/airflow/dags/01_demo_basic_dag.py
[2025-11-18T09:34:48.817+0000] {logging_mixin.py:188} WARNING - /home/airflow/.local/lib/python3.10/site-packages/airflow/models/baseoperator.py:437 RemovedInAirflow3Warning: none_failed_or_skipped Trigger Rule is deprecated. Please use `none_failed_min_one_success`.
[2025-11-18T09:34:48.819+0000] {processor.py:840} INFO - DAG(s) '01_demo_basic_dag' retrieved from /opt/airflow/dags/01_demo_basic_dag.py
[2025-11-18T09:34:48.832+0000] {logging_mixin.py:188} INFO - [2025-11-18T09:34:48.832+0000] {dag.py:3033} INFO - Sync 1 DAGs
[2025-11-18T09:34:48.843+0000] {logging_mixin.py:188} INFO - [2025-11-18T09:34:48.843+0000] {dag.py:3820} INFO - Setting next_dagrun for 01_demo_basic_dag to 2025-11-18T06:00:00+00:00, run_after=2025-11-18T08:00:00+00:00
[2025-11-18T09:34:48.850+0000] {processor.py:183} INFO - Processing /opt/airflow/dags/01_demo_basic_dag.py took 0.046 seconds
[2025-11-18T09:35:19.129+0000] {processor.py:161} INFO - Started process (PID=758) to work on /opt/airflow/dags/01_demo_basic_dag.py
[2025-11-18T09:35:19.131+0000] {processor.py:830} INFO - Processing file /opt/airflow/dags/01_demo_basic_dag.py for tasks to queue
[2025-11-18T09:35:19.132+0000] {logging_mixin.py:188} INFO - [2025-11-18T09:35:19.132+0000] {dagbag.py:538} INFO - Filling up the DagBag from /opt/airflow/dags/01_demo_basic_dag.py
[2025-11-18T09:35:19.142+0000] {logging_mixin.py:188} WARNING - /home/airflow/.local/lib/python3.10/site-packages/airflow/models/baseoperator.py:437 RemovedInAirflow3Warning: none_failed_or_skipped Trigger Rule is deprecated. Please use `none_failed_min_one_success`.
[2025-11-18T09:35:19.146+0000] {processor.py:840} INFO - DAG(s) '01_demo_basic_dag' retrieved from /opt/airflow/dags/01_demo_basic_dag.py
[2025-11-18T09:35:19.160+0000] {logging_mixin.py:188} INFO - [2025-11-18T09:35:19.160+0000] {dag.py:3033} INFO - Sync 1 DAGs
[2025-11-18T09:35:19.170+0000] {logging_mixin.py:188} INFO - [2025-11-18T09:35:19.170+0000] {dag.py:3820} INFO - Setting next_dagrun for 01_demo_basic_dag to 2025-11-18T06:00:00+00:00, run_after=2025-11-18T08:00:00+00:00
[2025-11-18T09:35:19.177+0000] {processor.py:183} INFO - Processing /opt/airflow/dags/01_demo_basic_dag.py took 0.049 seconds
[2025-11-18T09:35:49.454+0000] {processor.py:161} INFO - Started process (PID=761) to work on /opt/airflow/dags/01_demo_basic_dag.py
[2025-11-18T09:35:49.454+0000] {processor.py:830} INFO - Processing file /opt/airflow/dags/01_demo_basic_dag.py for tasks to queue
[2025-11-18T09:35:49.456+0000] {logging_mixin.py:188} INFO - [2025-11-18T09:35:49.456+0000] {dagbag.py:538} INFO - Filling up the DagBag from /opt/airflow/dags/01_demo_basic_dag.py
[2025-11-18T09:35:49.466+0000] {logging_mixin.py:188} WARNING - /home/airflow/.local/lib/python3.10/site-packages/airflow/models/baseoperator.py:437 RemovedInAirflow3Warning: none_failed_or_skipped Trigger Rule is deprecated. Please use `none_failed_min_one_success`.
[2025-11-18T09:35:49.469+0000] {processor.py:840} INFO - DAG(s) '01_demo_basic_dag' retrieved from /opt/airflow/dags/01_demo_basic_dag.py
[2025-11-18T09:35:49.480+0000] {logging_mixin.py:188} INFO - [2025-11-18T09:35:49.479+0000] {dag.py:3033} INFO - Sync 1 DAGs
[2025-11-18T09:35:49.489+0000] {logging_mixin.py:188} INFO - [2025-11-18T09:35:49.489+0000] {dag.py:3820} INFO - Setting next_dagrun for 01_demo_basic_dag to 2025-11-18T06:00:00+00:00, run_after=2025-11-18T08:00:00+00:00
[2025-11-18T09:35:49.503+0000] {processor.py:183} INFO - Processing /opt/airflow/dags/01_demo_basic_dag.py took 0.051 seconds
[2025-11-18T09:36:19.770+0000] {processor.py:161} INFO - Started process (PID=764) to work on /opt/airflow/dags/01_demo_basic_dag.py
[2025-11-18T09:36:19.772+0000] {processor.py:830} INFO - Processing file /opt/airflow/dags/01_demo_basic_dag.py for tasks to queue
[2025-11-18T09:36:19.776+0000] {logging_mixin.py:188} INFO - [2025-11-18T09:36:19.776+0000] {dagbag.py:538} INFO - Filling up the DagBag from /opt/airflow/dags/01_demo_basic_dag.py
[2025-11-18T09:36:19.784+0000] {logging_mixin.py:188} WARNING - /home/airflow/.local/lib/python3.10/site-packages/airflow/models/baseoperator.py:437 RemovedInAirflow3Warning: none_failed_or_skipped Trigger Rule is deprecated. Please use `none_failed_min_one_success`.
[2025-11-18T09:36:19.785+0000] {processor.py:840} INFO - DAG(s) '01_demo_basic_dag' retrieved from /opt/airflow/dags/01_demo_basic_dag.py
[2025-11-18T09:36:19.796+0000] {logging_mixin.py:188} INFO - [2025-11-18T09:36:19.796+0000] {dag.py:3033} INFO - Sync 1 DAGs
[2025-11-18T09:36:19.807+0000] {logging_mixin.py:188} INFO - [2025-11-18T09:36:19.806+0000] {dag.py:3820} INFO - Setting next_dagrun for 01_demo_basic_dag to 2025-11-18T06:00:00+00:00, run_after=2025-11-18T08:00:00+00:00
[2025-11-18T09:36:19.816+0000] {processor.py:183} INFO - Processing /opt/airflow/dags/01_demo_basic_dag.py took 0.048 seconds
[2025-11-18T09:36:50.110+0000] {processor.py:161} INFO - Started process (PID=767) to work on /opt/airflow/dags/01_demo_basic_dag.py
[2025-11-18T09:36:50.111+0000] {processor.py:830} INFO - Processing file /opt/airflow/dags/01_demo_basic_dag.py for tasks to queue
[2025-11-18T09:36:50.112+0000] {logging_mixin.py:188} INFO - [2025-11-18T09:36:50.112+0000] {dagbag.py:538} INFO - Filling up the DagBag from /opt/airflow/dags/01_demo_basic_dag.py
[2025-11-18T09:36:50.123+0000] {logging_mixin.py:188} WARNING - /home/airflow/.local/lib/python3.10/site-packages/airflow/models/baseoperator.py:437 RemovedInAirflow3Warning: none_failed_or_skipped Trigger Rule is deprecated. Please use `none_failed_min_one_success`.
[2025-11-18T09:36:50.124+0000] {processor.py:840} INFO - DAG(s) '01_demo_basic_dag' retrieved from /opt/airflow/dags/01_demo_basic_dag.py
[2025-11-18T09:36:50.137+0000] {logging_mixin.py:188} INFO - [2025-11-18T09:36:50.137+0000] {dag.py:3033} INFO - Sync 1 DAGs
[2025-11-18T09:36:50.146+0000] {logging_mixin.py:188} INFO - [2025-11-18T09:36:50.146+0000] {dag.py:3820} INFO - Setting next_dagrun for 01_demo_basic_dag to 2025-11-18T06:00:00+00:00, run_after=2025-11-18T08:00:00+00:00
[2025-11-18T09:36:50.157+0000] {processor.py:183} INFO - Processing /opt/airflow/dags/01_demo_basic_dag.py took 0.048 seconds
[2025-11-18T09:37:20.450+0000] {processor.py:161} INFO - Started process (PID=770) to work on /opt/airflow/dags/01_demo_basic_dag.py
[2025-11-18T09:37:20.451+0000] {processor.py:830} INFO - Processing file /opt/airflow/dags/01_demo_basic_dag.py for tasks to queue
[2025-11-18T09:37:20.452+0000] {logging_mixin.py:188} INFO - [2025-11-18T09:37:20.452+0000] {dagbag.py:538} INFO - Filling up the DagBag from /opt/airflow/dags/01_demo_basic_dag.py
[2025-11-18T09:37:20.462+0000] {logging_mixin.py:188} WARNING - /home/airflow/.local/lib/python3.10/site-packages/airflow/models/baseoperator.py:437 RemovedInAirflow3Warning: none_failed_or_skipped Trigger Rule is deprecated. Please use `none_failed_min_one_success`.
[2025-11-18T09:37:20.464+0000] {processor.py:840} INFO - DAG(s) '01_demo_basic_dag' retrieved from /opt/airflow/dags/01_demo_basic_dag.py
[2025-11-18T09:37:20.476+0000] {logging_mixin.py:188} INFO - [2025-11-18T09:37:20.476+0000] {dag.py:3033} INFO - Sync 1 DAGs
[2025-11-18T09:37:20.487+0000] {logging_mixin.py:188} INFO - [2025-11-18T09:37:20.486+0000] {dag.py:3820} INFO - Setting next_dagrun for 01_demo_basic_dag to 2025-11-18T06:00:00+00:00, run_after=2025-11-18T08:00:00+00:00
[2025-11-18T09:37:20.494+0000] {processor.py:183} INFO - Processing /opt/airflow/dags/01_demo_basic_dag.py took 0.045 seconds
[2025-11-18T09:37:50.717+0000] {processor.py:161} INFO - Started process (PID=773) to work on /opt/airflow/dags/01_demo_basic_dag.py
[2025-11-18T09:37:50.719+0000] {processor.py:830} INFO - Processing file /opt/airflow/dags/01_demo_basic_dag.py for tasks to queue
[2025-11-18T09:37:50.720+0000] {logging_mixin.py:188} INFO - [2025-11-18T09:37:50.720+0000] {dagbag.py:538} INFO - Filling up the DagBag from /opt/airflow/dags/01_demo_basic_dag.py
[2025-11-18T09:37:50.731+0000] {logging_mixin.py:188} WARNING - /home/airflow/.local/lib/python3.10/site-packages/airflow/models/baseoperator.py:437 RemovedInAirflow3Warning: none_failed_or_skipped Trigger Rule is deprecated. Please use `none_failed_min_one_success`.
[2025-11-18T09:37:50.733+0000] {processor.py:840} INFO - DAG(s) '01_demo_basic_dag' retrieved from /opt/airflow/dags/01_demo_basic_dag.py
[2025-11-18T09:37:50.745+0000] {logging_mixin.py:188} INFO - [2025-11-18T09:37:50.745+0000] {dag.py:3033} INFO - Sync 1 DAGs
[2025-11-18T09:37:50.756+0000] {logging_mixin.py:188} INFO - [2025-11-18T09:37:50.755+0000] {dag.py:3820} INFO - Setting next_dagrun for 01_demo_basic_dag to 2025-11-18T06:00:00+00:00, run_after=2025-11-18T08:00:00+00:00
[2025-11-18T09:37:50.764+0000] {processor.py:183} INFO - Processing /opt/airflow/dags/01_demo_basic_dag.py took 0.049 seconds
[2025-11-18T09:45:02.172+0000] {processor.py:161} INFO - Started process (PID=776) to work on /opt/airflow/dags/01_demo_basic_dag.py
[2025-11-18T09:45:02.173+0000] {processor.py:830} INFO - Processing file /opt/airflow/dags/01_demo_basic_dag.py for tasks to queue
[2025-11-18T09:45:02.175+0000] {logging_mixin.py:188} INFO - [2025-11-18T09:45:02.175+0000] {dagbag.py:538} INFO - Filling up the DagBag from /opt/airflow/dags/01_demo_basic_dag.py
[2025-11-18T09:45:02.187+0000] {logging_mixin.py:188} WARNING - /home/airflow/.local/lib/python3.10/site-packages/airflow/models/baseoperator.py:437 RemovedInAirflow3Warning: none_failed_or_skipped Trigger Rule is deprecated. Please use `none_failed_min_one_success`.
[2025-11-18T09:45:02.188+0000] {processor.py:840} INFO - DAG(s) '01_demo_basic_dag' retrieved from /opt/airflow/dags/01_demo_basic_dag.py
[2025-11-18T09:45:02.200+0000] {logging_mixin.py:188} INFO - [2025-11-18T09:45:02.200+0000] {dag.py:3033} INFO - Sync 1 DAGs
[2025-11-18T09:45:02.210+0000] {logging_mixin.py:188} INFO - [2025-11-18T09:45:02.210+0000] {dag.py:3820} INFO - Setting next_dagrun for 01_demo_basic_dag to 2025-11-18T06:00:00+00:00, run_after=2025-11-18T08:00:00+00:00
[2025-11-18T09:45:02.218+0000] {processor.py:183} INFO - Processing /opt/airflow/dags/01_demo_basic_dag.py took 0.047 seconds
[2025-11-18T10:50:30.297+0000] {processor.py:161} INFO - Started process (PID=779) to work on /opt/airflow/dags/01_demo_basic_dag.py
[2025-11-18T10:50:30.299+0000] {processor.py:830} INFO - Processing file /opt/airflow/dags/01_demo_basic_dag.py for tasks to queue
[2025-11-18T10:50:30.301+0000] {logging_mixin.py:188} INFO - [2025-11-18T10:50:30.301+0000] {dagbag.py:538} INFO - Filling up the DagBag from /opt/airflow/dags/01_demo_basic_dag.py
[2025-11-18T10:50:30.315+0000] {logging_mixin.py:188} WARNING - /home/airflow/.local/lib/python3.10/site-packages/airflow/models/baseoperator.py:437 RemovedInAirflow3Warning: none_failed_or_skipped Trigger Rule is deprecated. Please use `none_failed_min_one_success`.
[2025-11-18T10:50:30.316+0000] {processor.py:840} INFO - DAG(s) '01_demo_basic_dag' retrieved from /opt/airflow/dags/01_demo_basic_dag.py
[2025-11-18T10:50:30.330+0000] {logging_mixin.py:188} INFO - [2025-11-18T10:50:30.329+0000] {dag.py:3033} INFO - Sync 1 DAGs
[2025-11-18T10:50:30.340+0000] {logging_mixin.py:188} INFO - [2025-11-18T10:50:30.340+0000] {dag.py:3820} INFO - Setting next_dagrun for 01_demo_basic_dag to 2025-11-18T08:00:00+00:00, run_after=2025-11-18T10:00:00+00:00
[2025-11-18T10:50:30.350+0000] {processor.py:183} INFO - Processing /opt/airflow/dags/01_demo_basic_dag.py took 0.054 seconds
[2025-11-18T10:51:00.567+0000] {processor.py:161} INFO - Started process (PID=782) to work on /opt/airflow/dags/01_demo_basic_dag.py
[2025-11-18T10:51:00.569+0000] {processor.py:830} INFO - Processing file /opt/airflow/dags/01_demo_basic_dag.py for tasks to queue
[2025-11-18T10:51:00.573+0000] {logging_mixin.py:188} INFO - [2025-11-18T10:51:00.573+0000] {dagbag.py:538} INFO - Filling up the DagBag from /opt/airflow/dags/01_demo_basic_dag.py
[2025-11-18T10:51:00.580+0000] {logging_mixin.py:188} WARNING - /home/airflow/.local/lib/python3.10/site-packages/airflow/models/baseoperator.py:437 RemovedInAirflow3Warning: none_failed_or_skipped Trigger Rule is deprecated. Please use `none_failed_min_one_success`.
[2025-11-18T10:51:00.583+0000] {processor.py:840} INFO - DAG(s) '01_demo_basic_dag' retrieved from /opt/airflow/dags/01_demo_basic_dag.py
[2025-11-18T10:51:00.593+0000] {logging_mixin.py:188} INFO - [2025-11-18T10:51:00.593+0000] {dag.py:3033} INFO - Sync 1 DAGs
[2025-11-18T10:51:00.602+0000] {logging_mixin.py:188} INFO - [2025-11-18T10:51:00.602+0000] {dag.py:3820} INFO - Setting next_dagrun for 01_demo_basic_dag to 2025-11-18T08:00:00+00:00, run_after=2025-11-18T10:00:00+00:00
[2025-11-18T10:51:00.609+0000] {processor.py:183} INFO - Processing /opt/airflow/dags/01_demo_basic_dag.py took 0.044 seconds
[2025-11-18T10:51:30.864+0000] {processor.py:161} INFO - Started process (PID=785) to work on /opt/airflow/dags/01_demo_basic_dag.py
[2025-11-18T10:51:30.866+0000] {processor.py:830} INFO - Processing file /opt/airflow/dags/01_demo_basic_dag.py for tasks to queue
[2025-11-18T10:51:30.867+0000] {logging_mixin.py:188} INFO - [2025-11-18T10:51:30.867+0000] {dagbag.py:538} INFO - Filling up the DagBag from /opt/airflow/dags/01_demo_basic_dag.py
[2025-11-18T10:51:30.874+0000] {logging_mixin.py:188} WARNING - /home/airflow/.local/lib/python3.10/site-packages/airflow/models/baseoperator.py:437 RemovedInAirflow3Warning: none_failed_or_skipped Trigger Rule is deprecated. Please use `none_failed_min_one_success`.
[2025-11-18T10:51:30.875+0000] {processor.py:840} INFO - DAG(s) '01_demo_basic_dag' retrieved from /opt/airflow/dags/01_demo_basic_dag.py
[2025-11-18T10:51:30.887+0000] {logging_mixin.py:188} INFO - [2025-11-18T10:51:30.887+0000] {dag.py:3033} INFO - Sync 1 DAGs
[2025-11-18T10:51:30.896+0000] {logging_mixin.py:188} INFO - [2025-11-18T10:51:30.896+0000] {dag.py:3820} INFO - Setting next_dagrun for 01_demo_basic_dag to 2025-11-18T08:00:00+00:00, run_after=2025-11-18T10:00:00+00:00
[2025-11-18T10:51:30.904+0000] {processor.py:183} INFO - Processing /opt/airflow/dags/01_demo_basic_dag.py took 0.042 seconds
[2025-11-18T10:52:01.157+0000] {processor.py:161} INFO - Started process (PID=788) to work on /opt/airflow/dags/01_demo_basic_dag.py
[2025-11-18T10:52:01.158+0000] {processor.py:830} INFO - Processing file /opt/airflow/dags/01_demo_basic_dag.py for tasks to queue
[2025-11-18T10:52:01.163+0000] {logging_mixin.py:188} INFO - [2025-11-18T10:52:01.162+0000] {dagbag.py:538} INFO - Filling up the DagBag from /opt/airflow/dags/01_demo_basic_dag.py
[2025-11-18T10:52:01.169+0000] {logging_mixin.py:188} WARNING - /home/airflow/.local/lib/python3.10/site-packages/airflow/models/baseoperator.py:437 RemovedInAirflow3Warning: none_failed_or_skipped Trigger Rule is deprecated. Please use `none_failed_min_one_success`.
[2025-11-18T10:52:01.170+0000] {processor.py:840} INFO - DAG(s) '01_demo_basic_dag' retrieved from /opt/airflow/dags/01_demo_basic_dag.py
[2025-11-18T10:52:01.184+0000] {logging_mixin.py:188} INFO - [2025-11-18T10:52:01.184+0000] {dag.py:3033} INFO - Sync 1 DAGs
[2025-11-18T10:52:01.193+0000] {logging_mixin.py:188} INFO - [2025-11-18T10:52:01.193+0000] {dag.py:3820} INFO - Setting next_dagrun for 01_demo_basic_dag to 2025-11-18T08:00:00+00:00, run_after=2025-11-18T10:00:00+00:00
[2025-11-18T10:52:01.201+0000] {processor.py:183} INFO - Processing /opt/airflow/dags/01_demo_basic_dag.py took 0.045 seconds
[2025-11-18T10:52:31.450+0000] {processor.py:161} INFO - Started process (PID=791) to work on /opt/airflow/dags/01_demo_basic_dag.py
[2025-11-18T10:52:31.451+0000] {processor.py:830} INFO - Processing file /opt/airflow/dags/01_demo_basic_dag.py for tasks to queue
[2025-11-18T10:52:31.453+0000] {logging_mixin.py:188} INFO - [2025-11-18T10:52:31.452+0000] {dagbag.py:538} INFO - Filling up the DagBag from /opt/airflow/dags/01_demo_basic_dag.py
[2025-11-18T10:52:31.460+0000] {logging_mixin.py:188} WARNING - /home/airflow/.local/lib/python3.10/site-packages/airflow/models/baseoperator.py:437 RemovedInAirflow3Warning: none_failed_or_skipped Trigger Rule is deprecated. Please use `none_failed_min_one_success`.
[2025-11-18T10:52:31.462+0000] {processor.py:840} INFO - DAG(s) '01_demo_basic_dag' retrieved from /opt/airflow/dags/01_demo_basic_dag.py
[2025-11-18T10:52:31.478+0000] {logging_mixin.py:188} INFO - [2025-11-18T10:52:31.478+0000] {dag.py:3033} INFO - Sync 1 DAGs
[2025-11-18T10:52:31.488+0000] {logging_mixin.py:188} INFO - [2025-11-18T10:52:31.488+0000] {dag.py:3820} INFO - Setting next_dagrun for 01_demo_basic_dag to 2025-11-18T08:00:00+00:00, run_after=2025-11-18T10:00:00+00:00
[2025-11-18T10:52:31.500+0000] {processor.py:183} INFO - Processing /opt/airflow/dags/01_demo_basic_dag.py took 0.052 seconds
[2025-11-18T10:53:01.729+0000] {processor.py:161} INFO - Started process (PID=794) to work on /opt/airflow/dags/01_demo_basic_dag.py
[2025-11-18T10:53:01.730+0000] {processor.py:830} INFO - Processing file /opt/airflow/dags/01_demo_basic_dag.py for tasks to queue
[2025-11-18T10:53:01.731+0000] {logging_mixin.py:188} INFO - [2025-11-18T10:53:01.731+0000] {dagbag.py:538} INFO - Filling up the DagBag from /opt/airflow/dags/01_demo_basic_dag.py
[2025-11-18T10:53:01.741+0000] {logging_mixin.py:188} WARNING - /home/airflow/.local/lib/python3.10/site-packages/airflow/models/baseoperator.py:437 RemovedInAirflow3Warning: none_failed_or_skipped Trigger Rule is deprecated. Please use `none_failed_min_one_success`.
[2025-11-18T10:53:01.742+0000] {processor.py:840} INFO - DAG(s) '01_demo_basic_dag' retrieved from /opt/airflow/dags/01_demo_basic_dag.py
[2025-11-18T10:53:01.754+0000] {logging_mixin.py:188} INFO - [2025-11-18T10:53:01.754+0000] {dag.py:3033} INFO - Sync 1 DAGs
[2025-11-18T10:53:01.763+0000] {logging_mixin.py:188} INFO - [2025-11-18T10:53:01.763+0000] {dag.py:3820} INFO - Setting next_dagrun for 01_demo_basic_dag to 2025-11-18T08:00:00+00:00, run_after=2025-11-18T10:00:00+00:00
[2025-11-18T10:53:01.772+0000] {processor.py:183} INFO - Processing /opt/airflow/dags/01_demo_basic_dag.py took 0.046 seconds
[2025-11-18T10:53:32.030+0000] {processor.py:161} INFO - Started process (PID=797) to work on /opt/airflow/dags/01_demo_basic_dag.py
[2025-11-18T10:53:32.030+0000] {processor.py:830} INFO - Processing file /opt/airflow/dags/01_demo_basic_dag.py for tasks to queue
[2025-11-18T10:53:32.032+0000] {logging_mixin.py:188} INFO - [2025-11-18T10:53:32.032+0000] {dagbag.py:538} INFO - Filling up the DagBag from /opt/airflow/dags/01_demo_basic_dag.py
[2025-11-18T10:53:32.040+0000] {logging_mixin.py:188} WARNING - /home/airflow/.local/lib/python3.10/site-packages/airflow/models/baseoperator.py:437 RemovedInAirflow3Warning: none_failed_or_skipped Trigger Rule is deprecated. Please use `none_failed_min_one_success`.
[2025-11-18T10:53:32.044+0000] {processor.py:840} INFO - DAG(s) '01_demo_basic_dag' retrieved from /opt/airflow/dags/01_demo_basic_dag.py
[2025-11-18T10:53:32.056+0000] {logging_mixin.py:188} INFO - [2025-11-18T10:53:32.056+0000] {dag.py:3033} INFO - Sync 1 DAGs
[2025-11-18T10:53:32.066+0000] {logging_mixin.py:188} INFO - [2025-11-18T10:53:32.066+0000] {dag.py:3820} INFO - Setting next_dagrun for 01_demo_basic_dag to 2025-11-18T08:00:00+00:00, run_after=2025-11-18T10:00:00+00:00
[2025-11-18T10:53:32.073+0000] {processor.py:183} INFO - Processing /opt/airflow/dags/01_demo_basic_dag.py took 0.044 seconds
[2025-11-18T10:54:02.302+0000] {processor.py:161} INFO - Started process (PID=800) to work on /opt/airflow/dags/01_demo_basic_dag.py
[2025-11-18T10:54:02.303+0000] {processor.py:830} INFO - Processing file /opt/airflow/dags/01_demo_basic_dag.py for tasks to queue
[2025-11-18T10:54:02.305+0000] {logging_mixin.py:188} INFO - [2025-11-18T10:54:02.305+0000] {dagbag.py:538} INFO - Filling up the DagBag from /opt/airflow/dags/01_demo_basic_dag.py
[2025-11-18T10:54:02.314+0000] {logging_mixin.py:188} WARNING - /home/airflow/.local/lib/python3.10/site-packages/airflow/models/baseoperator.py:437 RemovedInAirflow3Warning: none_failed_or_skipped Trigger Rule is deprecated. Please use `none_failed_min_one_success`.
[2025-11-18T10:54:02.315+0000] {processor.py:840} INFO - DAG(s) '01_demo_basic_dag' retrieved from /opt/airflow/dags/01_demo_basic_dag.py
[2025-11-18T10:54:02.328+0000] {logging_mixin.py:188} INFO - [2025-11-18T10:54:02.327+0000] {dag.py:3033} INFO - Sync 1 DAGs
[2025-11-18T10:54:02.336+0000] {logging_mixin.py:188} INFO - [2025-11-18T10:54:02.336+0000] {dag.py:3820} INFO - Setting next_dagrun for 01_demo_basic_dag to 2025-11-18T08:00:00+00:00, run_after=2025-11-18T10:00:00+00:00
[2025-11-18T10:54:02.344+0000] {processor.py:183} INFO - Processing /opt/airflow/dags/01_demo_basic_dag.py took 0.043 seconds
[2025-11-18T10:54:32.602+0000] {processor.py:161} INFO - Started process (PID=803) to work on /opt/airflow/dags/01_demo_basic_dag.py
[2025-11-18T10:54:32.603+0000] {processor.py:830} INFO - Processing file /opt/airflow/dags/01_demo_basic_dag.py for tasks to queue
[2025-11-18T10:54:32.604+0000] {logging_mixin.py:188} INFO - [2025-11-18T10:54:32.604+0000] {dagbag.py:538} INFO - Filling up the DagBag from /opt/airflow/dags/01_demo_basic_dag.py
[2025-11-18T10:54:32.614+0000] {logging_mixin.py:188} WARNING - /home/airflow/.local/lib/python3.10/site-packages/airflow/models/baseoperator.py:437 RemovedInAirflow3Warning: none_failed_or_skipped Trigger Rule is deprecated. Please use `none_failed_min_one_success`.
[2025-11-18T10:54:32.615+0000] {processor.py:840} INFO - DAG(s) '01_demo_basic_dag' retrieved from /opt/airflow/dags/01_demo_basic_dag.py
[2025-11-18T10:54:32.627+0000] {logging_mixin.py:188} INFO - [2025-11-18T10:54:32.627+0000] {dag.py:3033} INFO - Sync 1 DAGs
[2025-11-18T10:54:32.636+0000] {logging_mixin.py:188} INFO - [2025-11-18T10:54:32.636+0000] {dag.py:3820} INFO - Setting next_dagrun for 01_demo_basic_dag to 2025-11-18T08:00:00+00:00, run_after=2025-11-18T10:00:00+00:00
[2025-11-18T10:54:32.645+0000] {processor.py:183} INFO - Processing /opt/airflow/dags/01_demo_basic_dag.py took 0.044 seconds
[2025-11-18T10:55:02.913+0000] {processor.py:161} INFO - Started process (PID=806) to work on /opt/airflow/dags/01_demo_basic_dag.py
[2025-11-18T10:55:02.915+0000] {processor.py:830} INFO - Processing file /opt/airflow/dags/01_demo_basic_dag.py for tasks to queue
[2025-11-18T10:55:02.917+0000] {logging_mixin.py:188} INFO - [2025-11-18T10:55:02.917+0000] {dagbag.py:538} INFO - Filling up the DagBag from /opt/airflow/dags/01_demo_basic_dag.py
[2025-11-18T10:55:02.927+0000] {logging_mixin.py:188} WARNING - /home/airflow/.local/lib/python3.10/site-packages/airflow/models/baseoperator.py:437 RemovedInAirflow3Warning: none_failed_or_skipped Trigger Rule is deprecated. Please use `none_failed_min_one_success`.
[2025-11-18T10:55:02.932+0000] {processor.py:840} INFO - DAG(s) '01_demo_basic_dag' retrieved from /opt/airflow/dags/01_demo_basic_dag.py
[2025-11-18T10:55:02.944+0000] {logging_mixin.py:188} INFO - [2025-11-18T10:55:02.944+0000] {dag.py:3033} INFO - Sync 1 DAGs
[2025-11-18T10:55:02.953+0000] {logging_mixin.py:188} INFO - [2025-11-18T10:55:02.953+0000] {dag.py:3820} INFO - Setting next_dagrun for 01_demo_basic_dag to 2025-11-18T08:00:00+00:00, run_after=2025-11-18T10:00:00+00:00
[2025-11-18T10:55:02.961+0000] {processor.py:183} INFO - Processing /opt/airflow/dags/01_demo_basic_dag.py took 0.050 seconds
[2025-11-18T10:55:33.199+0000] {processor.py:161} INFO - Started process (PID=809) to work on /opt/airflow/dags/01_demo_basic_dag.py
[2025-11-18T10:55:33.200+0000] {processor.py:830} INFO - Processing file /opt/airflow/dags/01_demo_basic_dag.py for tasks to queue
[2025-11-18T10:55:33.203+0000] {logging_mixin.py:188} INFO - [2025-11-18T10:55:33.202+0000] {dagbag.py:538} INFO - Filling up the DagBag from /opt/airflow/dags/01_demo_basic_dag.py
[2025-11-18T10:55:33.209+0000] {logging_mixin.py:188} WARNING - /home/airflow/.local/lib/python3.10/site-packages/airflow/models/baseoperator.py:437 RemovedInAirflow3Warning: none_failed_or_skipped Trigger Rule is deprecated. Please use `none_failed_min_one_success`.
[2025-11-18T10:55:33.211+0000] {processor.py:840} INFO - DAG(s) '01_demo_basic_dag' retrieved from /opt/airflow/dags/01_demo_basic_dag.py
[2025-11-18T10:55:33.223+0000] {logging_mixin.py:188} INFO - [2025-11-18T10:55:33.223+0000] {dag.py:3033} INFO - Sync 1 DAGs
[2025-11-18T10:55:33.233+0000] {logging_mixin.py:188} INFO - [2025-11-18T10:55:33.233+0000] {dag.py:3820} INFO - Setting next_dagrun for 01_demo_basic_dag to 2025-11-18T08:00:00+00:00, run_after=2025-11-18T10:00:00+00:00
[2025-11-18T10:55:33.246+0000] {processor.py:183} INFO - Processing /opt/airflow/dags/01_demo_basic_dag.py took 0.049 seconds
[2025-11-18T10:56:03.469+0000] {processor.py:161} INFO - Started process (PID=812) to work on /opt/airflow/dags/01_demo_basic_dag.py
[2025-11-18T10:56:03.469+0000] {processor.py:830} INFO - Processing file /opt/airflow/dags/01_demo_basic_dag.py for tasks to queue
[2025-11-18T10:56:03.471+0000] {logging_mixin.py:188} INFO - [2025-11-18T10:56:03.470+0000] {dagbag.py:538} INFO - Filling up the DagBag from /opt/airflow/dags/01_demo_basic_dag.py
[2025-11-18T10:56:03.480+0000] {logging_mixin.py:188} WARNING - /home/airflow/.local/lib/python3.10/site-packages/airflow/models/baseoperator.py:437 RemovedInAirflow3Warning: none_failed_or_skipped Trigger Rule is deprecated. Please use `none_failed_min_one_success`.
[2025-11-18T10:56:03.482+0000] {processor.py:840} INFO - DAG(s) '01_demo_basic_dag' retrieved from /opt/airflow/dags/01_demo_basic_dag.py
[2025-11-18T10:56:03.494+0000] {logging_mixin.py:188} INFO - [2025-11-18T10:56:03.494+0000] {dag.py:3033} INFO - Sync 1 DAGs
[2025-11-18T10:56:03.504+0000] {logging_mixin.py:188} INFO - [2025-11-18T10:56:03.504+0000] {dag.py:3820} INFO - Setting next_dagrun for 01_demo_basic_dag to 2025-11-18T08:00:00+00:00, run_after=2025-11-18T10:00:00+00:00
[2025-11-18T10:56:03.514+0000] {processor.py:183} INFO - Processing /opt/airflow/dags/01_demo_basic_dag.py took 0.048 seconds
[2025-11-18T10:56:33.712+0000] {processor.py:161} INFO - Started process (PID=815) to work on /opt/airflow/dags/01_demo_basic_dag.py
[2025-11-18T10:56:33.714+0000] {processor.py:830} INFO - Processing file /opt/airflow/dags/01_demo_basic_dag.py for tasks to queue
[2025-11-18T10:56:33.715+0000] {logging_mixin.py:188} INFO - [2025-11-18T10:56:33.715+0000] {dagbag.py:538} INFO - Filling up the DagBag from /opt/airflow/dags/01_demo_basic_dag.py
[2025-11-18T10:56:33.724+0000] {logging_mixin.py:188} WARNING - /home/airflow/.local/lib/python3.10/site-packages/airflow/models/baseoperator.py:437 RemovedInAirflow3Warning: none_failed_or_skipped Trigger Rule is deprecated. Please use `none_failed_min_one_success`.
[2025-11-18T10:56:33.726+0000] {processor.py:840} INFO - DAG(s) '01_demo_basic_dag' retrieved from /opt/airflow/dags/01_demo_basic_dag.py
[2025-11-18T10:56:33.739+0000] {logging_mixin.py:188} INFO - [2025-11-18T10:56:33.739+0000] {dag.py:3033} INFO - Sync 1 DAGs
[2025-11-18T10:56:33.750+0000] {logging_mixin.py:188} INFO - [2025-11-18T10:56:33.750+0000] {dag.py:3820} INFO - Setting next_dagrun for 01_demo_basic_dag to 2025-11-18T08:00:00+00:00, run_after=2025-11-18T10:00:00+00:00
[2025-11-18T10:56:33.758+0000] {processor.py:183} INFO - Processing /opt/airflow/dags/01_demo_basic_dag.py took 0.047 seconds
[2025-11-18T10:57:03.981+0000] {processor.py:161} INFO - Started process (PID=818) to work on /opt/airflow/dags/01_demo_basic_dag.py
[2025-11-18T10:57:03.982+0000] {processor.py:830} INFO - Processing file /opt/airflow/dags/01_demo_basic_dag.py for tasks to queue
[2025-11-18T10:57:03.983+0000] {logging_mixin.py:188} INFO - [2025-11-18T10:57:03.983+0000] {dagbag.py:538} INFO - Filling up the DagBag from /opt/airflow/dags/01_demo_basic_dag.py
[2025-11-18T10:57:03.995+0000] {logging_mixin.py:188} WARNING - /home/airflow/.local/lib/python3.10/site-packages/airflow/models/baseoperator.py:437 RemovedInAirflow3Warning: none_failed_or_skipped Trigger Rule is deprecated. Please use `none_failed_min_one_success`.
[2025-11-18T10:57:03.998+0000] {processor.py:840} INFO - DAG(s) '01_demo_basic_dag' retrieved from /opt/airflow/dags/01_demo_basic_dag.py
[2025-11-18T10:57:04.009+0000] {logging_mixin.py:188} INFO - [2025-11-18T10:57:04.009+0000] {dag.py:3033} INFO - Sync 1 DAGs
[2025-11-18T10:57:04.020+0000] {logging_mixin.py:188} INFO - [2025-11-18T10:57:04.019+0000] {dag.py:3820} INFO - Setting next_dagrun for 01_demo_basic_dag to 2025-11-18T08:00:00+00:00, run_after=2025-11-18T10:00:00+00:00
[2025-11-18T10:57:04.028+0000] {processor.py:183} INFO - Processing /opt/airflow/dags/01_demo_basic_dag.py took 0.048 seconds
[2025-11-18T10:57:34.277+0000] {processor.py:161} INFO - Started process (PID=821) to work on /opt/airflow/dags/01_demo_basic_dag.py
[2025-11-18T10:57:34.278+0000] {processor.py:830} INFO - Processing file /opt/airflow/dags/01_demo_basic_dag.py for tasks to queue
[2025-11-18T10:57:34.280+0000] {logging_mixin.py:188} INFO - [2025-11-18T10:57:34.280+0000] {dagbag.py:538} INFO - Filling up the DagBag from /opt/airflow/dags/01_demo_basic_dag.py
[2025-11-18T10:57:34.289+0000] {logging_mixin.py:188} WARNING - /home/airflow/.local/lib/python3.10/site-packages/airflow/models/baseoperator.py:437 RemovedInAirflow3Warning: none_failed_or_skipped Trigger Rule is deprecated. Please use `none_failed_min_one_success`.
[2025-11-18T10:57:34.291+0000] {processor.py:840} INFO - DAG(s) '01_demo_basic_dag' retrieved from /opt/airflow/dags/01_demo_basic_dag.py
[2025-11-18T10:57:34.305+0000] {logging_mixin.py:188} INFO - [2025-11-18T10:57:34.305+0000] {dag.py:3033} INFO - Sync 1 DAGs
[2025-11-18T10:57:34.314+0000] {logging_mixin.py:188} INFO - [2025-11-18T10:57:34.314+0000] {dag.py:3820} INFO - Setting next_dagrun for 01_demo_basic_dag to 2025-11-18T08:00:00+00:00, run_after=2025-11-18T10:00:00+00:00
[2025-11-18T10:57:34.321+0000] {processor.py:183} INFO - Processing /opt/airflow/dags/01_demo_basic_dag.py took 0.047 seconds
[2025-11-18T10:58:04.567+0000] {processor.py:161} INFO - Started process (PID=824) to work on /opt/airflow/dags/01_demo_basic_dag.py
[2025-11-18T10:58:04.568+0000] {processor.py:830} INFO - Processing file /opt/airflow/dags/01_demo_basic_dag.py for tasks to queue
[2025-11-18T10:58:04.571+0000] {logging_mixin.py:188} INFO - [2025-11-18T10:58:04.571+0000] {dagbag.py:538} INFO - Filling up the DagBag from /opt/airflow/dags/01_demo_basic_dag.py
[2025-11-18T10:58:04.582+0000] {logging_mixin.py:188} WARNING - /home/airflow/.local/lib/python3.10/site-packages/airflow/models/baseoperator.py:437 RemovedInAirflow3Warning: none_failed_or_skipped Trigger Rule is deprecated. Please use `none_failed_min_one_success`.
[2025-11-18T10:58:04.584+0000] {processor.py:840} INFO - DAG(s) '01_demo_basic_dag' retrieved from /opt/airflow/dags/01_demo_basic_dag.py
[2025-11-18T10:58:04.595+0000] {logging_mixin.py:188} INFO - [2025-11-18T10:58:04.595+0000] {dag.py:3033} INFO - Sync 1 DAGs
[2025-11-18T10:58:04.606+0000] {logging_mixin.py:188} INFO - [2025-11-18T10:58:04.606+0000] {dag.py:3820} INFO - Setting next_dagrun for 01_demo_basic_dag to 2025-11-18T08:00:00+00:00, run_after=2025-11-18T10:00:00+00:00
[2025-11-18T10:58:04.615+0000] {processor.py:183} INFO - Processing /opt/airflow/dags/01_demo_basic_dag.py took 0.049 seconds
[2025-11-18T10:58:34.845+0000] {processor.py:161} INFO - Started process (PID=827) to work on /opt/airflow/dags/01_demo_basic_dag.py
[2025-11-18T10:58:34.846+0000] {processor.py:830} INFO - Processing file /opt/airflow/dags/01_demo_basic_dag.py for tasks to queue
[2025-11-18T10:58:34.847+0000] {logging_mixin.py:188} INFO - [2025-11-18T10:58:34.847+0000] {dagbag.py:538} INFO - Filling up the DagBag from /opt/airflow/dags/01_demo_basic_dag.py
[2025-11-18T10:58:34.857+0000] {logging_mixin.py:188} WARNING - /home/airflow/.local/lib/python3.10/site-packages/airflow/models/baseoperator.py:437 RemovedInAirflow3Warning: none_failed_or_skipped Trigger Rule is deprecated. Please use `none_failed_min_one_success`.
[2025-11-18T10:58:34.858+0000] {processor.py:840} INFO - DAG(s) '01_demo_basic_dag' retrieved from /opt/airflow/dags/01_demo_basic_dag.py
[2025-11-18T10:58:34.874+0000] {logging_mixin.py:188} INFO - [2025-11-18T10:58:34.874+0000] {dag.py:3033} INFO - Sync 1 DAGs
[2025-11-18T10:58:34.885+0000] {logging_mixin.py:188} INFO - [2025-11-18T10:58:34.885+0000] {dag.py:3820} INFO - Setting next_dagrun for 01_demo_basic_dag to 2025-11-18T08:00:00+00:00, run_after=2025-11-18T10:00:00+00:00
[2025-11-18T10:58:34.893+0000] {processor.py:183} INFO - Processing /opt/airflow/dags/01_demo_basic_dag.py took 0.050 seconds
[2025-11-18T10:59:05.130+0000] {processor.py:161} INFO - Started process (PID=830) to work on /opt/airflow/dags/01_demo_basic_dag.py
[2025-11-18T10:59:05.130+0000] {processor.py:830} INFO - Processing file /opt/airflow/dags/01_demo_basic_dag.py for tasks to queue
[2025-11-18T10:59:05.132+0000] {logging_mixin.py:188} INFO - [2025-11-18T10:59:05.132+0000] {dagbag.py:538} INFO - Filling up the DagBag from /opt/airflow/dags/01_demo_basic_dag.py
[2025-11-18T10:59:05.142+0000] {logging_mixin.py:188} WARNING - /home/airflow/.local/lib/python3.10/site-packages/airflow/models/baseoperator.py:437 RemovedInAirflow3Warning: none_failed_or_skipped Trigger Rule is deprecated. Please use `none_failed_min_one_success`.
[2025-11-18T10:59:05.143+0000] {processor.py:840} INFO - DAG(s) '01_demo_basic_dag' retrieved from /opt/airflow/dags/01_demo_basic_dag.py
[2025-11-18T10:59:05.155+0000] {logging_mixin.py:188} INFO - [2025-11-18T10:59:05.155+0000] {dag.py:3033} INFO - Sync 1 DAGs
[2025-11-18T10:59:05.164+0000] {logging_mixin.py:188} INFO - [2025-11-18T10:59:05.164+0000] {dag.py:3820} INFO - Setting next_dagrun for 01_demo_basic_dag to 2025-11-18T08:00:00+00:00, run_after=2025-11-18T10:00:00+00:00
[2025-11-18T10:59:05.172+0000] {processor.py:183} INFO - Processing /opt/airflow/dags/01_demo_basic_dag.py took 0.043 seconds
[2025-11-18T10:59:35.427+0000] {processor.py:161} INFO - Started process (PID=833) to work on /opt/airflow/dags/01_demo_basic_dag.py
[2025-11-18T10:59:35.428+0000] {processor.py:830} INFO - Processing file /opt/airflow/dags/01_demo_basic_dag.py for tasks to queue
[2025-11-18T10:59:35.430+0000] {logging_mixin.py:188} INFO - [2025-11-18T10:59:35.430+0000] {dagbag.py:538} INFO - Filling up the DagBag from /opt/airflow/dags/01_demo_basic_dag.py
[2025-11-18T10:59:35.440+0000] {logging_mixin.py:188} WARNING - /home/airflow/.local/lib/python3.10/site-packages/airflow/models/baseoperator.py:437 RemovedInAirflow3Warning: none_failed_or_skipped Trigger Rule is deprecated. Please use `none_failed_min_one_success`.
[2025-11-18T10:59:35.442+0000] {processor.py:840} INFO - DAG(s) '01_demo_basic_dag' retrieved from /opt/airflow/dags/01_demo_basic_dag.py
[2025-11-18T10:59:35.456+0000] {logging_mixin.py:188} INFO - [2025-11-18T10:59:35.456+0000] {dag.py:3033} INFO - Sync 1 DAGs
[2025-11-18T10:59:35.465+0000] {logging_mixin.py:188} INFO - [2025-11-18T10:59:35.465+0000] {dag.py:3820} INFO - Setting next_dagrun for 01_demo_basic_dag to 2025-11-18T08:00:00+00:00, run_after=2025-11-18T10:00:00+00:00
[2025-11-18T10:59:35.472+0000] {processor.py:183} INFO - Processing /opt/airflow/dags/01_demo_basic_dag.py took 0.047 seconds
[2025-11-18T11:00:05.712+0000] {processor.py:161} INFO - Started process (PID=836) to work on /opt/airflow/dags/01_demo_basic_dag.py
[2025-11-18T11:00:05.713+0000] {processor.py:830} INFO - Processing file /opt/airflow/dags/01_demo_basic_dag.py for tasks to queue
[2025-11-18T11:00:05.715+0000] {logging_mixin.py:188} INFO - [2025-11-18T11:00:05.714+0000] {dagbag.py:538} INFO - Filling up the DagBag from /opt/airflow/dags/01_demo_basic_dag.py
[2025-11-18T11:00:05.728+0000] {logging_mixin.py:188} WARNING - /home/airflow/.local/lib/python3.10/site-packages/airflow/models/baseoperator.py:437 RemovedInAirflow3Warning: none_failed_or_skipped Trigger Rule is deprecated. Please use `none_failed_min_one_success`.
[2025-11-18T11:00:05.730+0000] {processor.py:840} INFO - DAG(s) '01_demo_basic_dag' retrieved from /opt/airflow/dags/01_demo_basic_dag.py
[2025-11-18T11:00:05.744+0000] {logging_mixin.py:188} INFO - [2025-11-18T11:00:05.743+0000] {dag.py:3033} INFO - Sync 1 DAGs
[2025-11-18T11:00:05.754+0000] {logging_mixin.py:188} INFO - [2025-11-18T11:00:05.754+0000] {dag.py:3820} INFO - Setting next_dagrun for 01_demo_basic_dag to 2025-11-18T08:00:00+00:00, run_after=2025-11-18T10:00:00+00:00
[2025-11-18T11:00:05.761+0000] {processor.py:183} INFO - Processing /opt/airflow/dags/01_demo_basic_dag.py took 0.051 seconds
[2025-11-18T11:00:36.029+0000] {processor.py:161} INFO - Started process (PID=839) to work on /opt/airflow/dags/01_demo_basic_dag.py
[2025-11-18T11:00:36.030+0000] {processor.py:830} INFO - Processing file /opt/airflow/dags/01_demo_basic_dag.py for tasks to queue
[2025-11-18T11:00:36.031+0000] {logging_mixin.py:188} INFO - [2025-11-18T11:00:36.031+0000] {dagbag.py:538} INFO - Filling up the DagBag from /opt/airflow/dags/01_demo_basic_dag.py
[2025-11-18T11:00:36.044+0000] {logging_mixin.py:188} WARNING - /home/airflow/.local/lib/python3.10/site-packages/airflow/models/baseoperator.py:437 RemovedInAirflow3Warning: none_failed_or_skipped Trigger Rule is deprecated. Please use `none_failed_min_one_success`.
[2025-11-18T11:00:36.045+0000] {processor.py:840} INFO - DAG(s) '01_demo_basic_dag' retrieved from /opt/airflow/dags/01_demo_basic_dag.py
[2025-11-18T11:00:36.057+0000] {logging_mixin.py:188} INFO - [2025-11-18T11:00:36.057+0000] {dag.py:3033} INFO - Sync 1 DAGs
[2025-11-18T11:00:36.067+0000] {logging_mixin.py:188} INFO - [2025-11-18T11:00:36.067+0000] {dag.py:3820} INFO - Setting next_dagrun for 01_demo_basic_dag to 2025-11-18T08:00:00+00:00, run_after=2025-11-18T10:00:00+00:00
[2025-11-18T11:00:36.076+0000] {processor.py:183} INFO - Processing /opt/airflow/dags/01_demo_basic_dag.py took 0.049 seconds
[2025-11-18T11:01:06.337+0000] {processor.py:161} INFO - Started process (PID=842) to work on /opt/airflow/dags/01_demo_basic_dag.py
[2025-11-18T11:01:06.339+0000] {processor.py:830} INFO - Processing file /opt/airflow/dags/01_demo_basic_dag.py for tasks to queue
[2025-11-18T11:01:06.340+0000] {logging_mixin.py:188} INFO - [2025-11-18T11:01:06.340+0000] {dagbag.py:538} INFO - Filling up the DagBag from /opt/airflow/dags/01_demo_basic_dag.py
[2025-11-18T11:01:06.356+0000] {logging_mixin.py:188} WARNING - /home/airflow/.local/lib/python3.10/site-packages/airflow/models/baseoperator.py:437 RemovedInAirflow3Warning: none_failed_or_skipped Trigger Rule is deprecated. Please use `none_failed_min_one_success`.
[2025-11-18T11:01:06.358+0000] {processor.py:840} INFO - DAG(s) '01_demo_basic_dag' retrieved from /opt/airflow/dags/01_demo_basic_dag.py
[2025-11-18T11:01:06.373+0000] {logging_mixin.py:188} INFO - [2025-11-18T11:01:06.373+0000] {dag.py:3033} INFO - Sync 1 DAGs
[2025-11-18T11:01:06.384+0000] {logging_mixin.py:188} INFO - [2025-11-18T11:01:06.384+0000] {dag.py:3820} INFO - Setting next_dagrun for 01_demo_basic_dag to 2025-11-18T08:00:00+00:00, run_after=2025-11-18T10:00:00+00:00
[2025-11-18T11:01:06.393+0000] {processor.py:183} INFO - Processing /opt/airflow/dags/01_demo_basic_dag.py took 0.058 seconds
[2025-11-18T11:01:36.625+0000] {processor.py:161} INFO - Started process (PID=845) to work on /opt/airflow/dags/01_demo_basic_dag.py
[2025-11-18T11:01:36.626+0000] {processor.py:830} INFO - Processing file /opt/airflow/dags/01_demo_basic_dag.py for tasks to queue
[2025-11-18T11:01:36.628+0000] {logging_mixin.py:188} INFO - [2025-11-18T11:01:36.628+0000] {dagbag.py:538} INFO - Filling up the DagBag from /opt/airflow/dags/01_demo_basic_dag.py
[2025-11-18T11:01:36.639+0000] {logging_mixin.py:188} WARNING - /home/airflow/.local/lib/python3.10/site-packages/airflow/models/baseoperator.py:437 RemovedInAirflow3Warning: none_failed_or_skipped Trigger Rule is deprecated. Please use `none_failed_min_one_success`.
[2025-11-18T11:01:36.640+0000] {processor.py:840} INFO - DAG(s) '01_demo_basic_dag' retrieved from /opt/airflow/dags/01_demo_basic_dag.py
[2025-11-18T11:01:36.653+0000] {logging_mixin.py:188} INFO - [2025-11-18T11:01:36.653+0000] {dag.py:3033} INFO - Sync 1 DAGs
[2025-11-18T11:01:36.663+0000] {logging_mixin.py:188} INFO - [2025-11-18T11:01:36.663+0000] {dag.py:3820} INFO - Setting next_dagrun for 01_demo_basic_dag to 2025-11-18T08:00:00+00:00, run_after=2025-11-18T10:00:00+00:00
[2025-11-18T11:01:36.672+0000] {processor.py:183} INFO - Processing /opt/airflow/dags/01_demo_basic_dag.py took 0.049 seconds
[2025-11-18T11:02:06.915+0000] {processor.py:161} INFO - Started process (PID=848) to work on /opt/airflow/dags/01_demo_basic_dag.py
[2025-11-18T11:02:06.916+0000] {processor.py:830} INFO - Processing file /opt/airflow/dags/01_demo_basic_dag.py for tasks to queue
[2025-11-18T11:02:06.918+0000] {logging_mixin.py:188} INFO - [2025-11-18T11:02:06.918+0000] {dagbag.py:538} INFO - Filling up the DagBag from /opt/airflow/dags/01_demo_basic_dag.py
[2025-11-18T11:02:06.927+0000] {logging_mixin.py:188} WARNING - /home/airflow/.local/lib/python3.10/site-packages/airflow/models/baseoperator.py:437 RemovedInAirflow3Warning: none_failed_or_skipped Trigger Rule is deprecated. Please use `none_failed_min_one_success`.
[2025-11-18T11:02:06.929+0000] {processor.py:840} INFO - DAG(s) '01_demo_basic_dag' retrieved from /opt/airflow/dags/01_demo_basic_dag.py
[2025-11-18T11:02:06.939+0000] {logging_mixin.py:188} INFO - [2025-11-18T11:02:06.939+0000] {dag.py:3033} INFO - Sync 1 DAGs
[2025-11-18T11:02:06.949+0000] {logging_mixin.py:188} INFO - [2025-11-18T11:02:06.949+0000] {dag.py:3820} INFO - Setting next_dagrun for 01_demo_basic_dag to 2025-11-18T08:00:00+00:00, run_after=2025-11-18T10:00:00+00:00
[2025-11-18T11:02:06.957+0000] {processor.py:183} INFO - Processing /opt/airflow/dags/01_demo_basic_dag.py took 0.043 seconds
[2025-11-18T11:02:37.184+0000] {processor.py:161} INFO - Started process (PID=851) to work on /opt/airflow/dags/01_demo_basic_dag.py
[2025-11-18T11:02:37.185+0000] {processor.py:830} INFO - Processing file /opt/airflow/dags/01_demo_basic_dag.py for tasks to queue
[2025-11-18T11:02:37.187+0000] {logging_mixin.py:188} INFO - [2025-11-18T11:02:37.187+0000] {dagbag.py:538} INFO - Filling up the DagBag from /opt/airflow/dags/01_demo_basic_dag.py
[2025-11-18T11:02:37.199+0000] {logging_mixin.py:188} WARNING - /home/airflow/.local/lib/python3.10/site-packages/airflow/models/baseoperator.py:437 RemovedInAirflow3Warning: none_failed_or_skipped Trigger Rule is deprecated. Please use `none_failed_min_one_success`.
[2025-11-18T11:02:37.201+0000] {processor.py:840} INFO - DAG(s) '01_demo_basic_dag' retrieved from /opt/airflow/dags/01_demo_basic_dag.py
[2025-11-18T11:02:37.213+0000] {logging_mixin.py:188} INFO - [2025-11-18T11:02:37.213+0000] {dag.py:3033} INFO - Sync 1 DAGs
[2025-11-18T11:02:37.223+0000] {logging_mixin.py:188} INFO - [2025-11-18T11:02:37.223+0000] {dag.py:3820} INFO - Setting next_dagrun for 01_demo_basic_dag to 2025-11-18T08:00:00+00:00, run_after=2025-11-18T10:00:00+00:00
[2025-11-18T11:02:37.230+0000] {processor.py:183} INFO - Processing /opt/airflow/dags/01_demo_basic_dag.py took 0.048 seconds
[2025-11-18T11:03:07.449+0000] {processor.py:161} INFO - Started process (PID=854) to work on /opt/airflow/dags/01_demo_basic_dag.py
[2025-11-18T11:03:07.450+0000] {processor.py:830} INFO - Processing file /opt/airflow/dags/01_demo_basic_dag.py for tasks to queue
[2025-11-18T11:03:07.452+0000] {logging_mixin.py:188} INFO - [2025-11-18T11:03:07.452+0000] {dagbag.py:538} INFO - Filling up the DagBag from /opt/airflow/dags/01_demo_basic_dag.py
[2025-11-18T11:03:07.462+0000] {logging_mixin.py:188} WARNING - /home/airflow/.local/lib/python3.10/site-packages/airflow/models/baseoperator.py:437 RemovedInAirflow3Warning: none_failed_or_skipped Trigger Rule is deprecated. Please use `none_failed_min_one_success`.
[2025-11-18T11:03:07.463+0000] {processor.py:840} INFO - DAG(s) '01_demo_basic_dag' retrieved from /opt/airflow/dags/01_demo_basic_dag.py
[2025-11-18T11:03:07.475+0000] {logging_mixin.py:188} INFO - [2025-11-18T11:03:07.475+0000] {dag.py:3033} INFO - Sync 1 DAGs
[2025-11-18T11:03:07.486+0000] {logging_mixin.py:188} INFO - [2025-11-18T11:03:07.486+0000] {dag.py:3820} INFO - Setting next_dagrun for 01_demo_basic_dag to 2025-11-18T08:00:00+00:00, run_after=2025-11-18T10:00:00+00:00
[2025-11-18T11:03:07.498+0000] {processor.py:183} INFO - Processing /opt/airflow/dags/01_demo_basic_dag.py took 0.051 seconds
[2025-11-18T11:03:37.722+0000] {processor.py:161} INFO - Started process (PID=857) to work on /opt/airflow/dags/01_demo_basic_dag.py
[2025-11-18T11:03:37.723+0000] {processor.py:830} INFO - Processing file /opt/airflow/dags/01_demo_basic_dag.py for tasks to queue
[2025-11-18T11:03:37.725+0000] {logging_mixin.py:188} INFO - [2025-11-18T11:03:37.725+0000] {dagbag.py:538} INFO - Filling up the DagBag from /opt/airflow/dags/01_demo_basic_dag.py
[2025-11-18T11:03:37.735+0000] {logging_mixin.py:188} WARNING - /home/airflow/.local/lib/python3.10/site-packages/airflow/models/baseoperator.py:437 RemovedInAirflow3Warning: none_failed_or_skipped Trigger Rule is deprecated. Please use `none_failed_min_one_success`.
[2025-11-18T11:03:37.736+0000] {processor.py:840} INFO - DAG(s) '01_demo_basic_dag' retrieved from /opt/airflow/dags/01_demo_basic_dag.py
[2025-11-18T11:03:37.750+0000] {logging_mixin.py:188} INFO - [2025-11-18T11:03:37.750+0000] {dag.py:3033} INFO - Sync 1 DAGs
[2025-11-18T11:03:37.762+0000] {logging_mixin.py:188} INFO - [2025-11-18T11:03:37.762+0000] {dag.py:3820} INFO - Setting next_dagrun for 01_demo_basic_dag to 2025-11-18T08:00:00+00:00, run_after=2025-11-18T10:00:00+00:00
[2025-11-18T11:03:37.770+0000] {processor.py:183} INFO - Processing /opt/airflow/dags/01_demo_basic_dag.py took 0.050 seconds
[2025-11-18T11:04:08.003+0000] {processor.py:161} INFO - Started process (PID=860) to work on /opt/airflow/dags/01_demo_basic_dag.py
[2025-11-18T11:04:08.005+0000] {processor.py:830} INFO - Processing file /opt/airflow/dags/01_demo_basic_dag.py for tasks to queue
[2025-11-18T11:04:08.006+0000] {logging_mixin.py:188} INFO - [2025-11-18T11:04:08.006+0000] {dagbag.py:538} INFO - Filling up the DagBag from /opt/airflow/dags/01_demo_basic_dag.py
[2025-11-18T11:04:08.015+0000] {logging_mixin.py:188} WARNING - /home/airflow/.local/lib/python3.10/site-packages/airflow/models/baseoperator.py:437 RemovedInAirflow3Warning: none_failed_or_skipped Trigger Rule is deprecated. Please use `none_failed_min_one_success`.
[2025-11-18T11:04:08.016+0000] {processor.py:840} INFO - DAG(s) '01_demo_basic_dag' retrieved from /opt/airflow/dags/01_demo_basic_dag.py
[2025-11-18T11:04:08.033+0000] {logging_mixin.py:188} INFO - [2025-11-18T11:04:08.033+0000] {dag.py:3033} INFO - Sync 1 DAGs
[2025-11-18T11:04:08.044+0000] {logging_mixin.py:188} INFO - [2025-11-18T11:04:08.044+0000] {dag.py:3820} INFO - Setting next_dagrun for 01_demo_basic_dag to 2025-11-18T08:00:00+00:00, run_after=2025-11-18T10:00:00+00:00
[2025-11-18T11:04:08.052+0000] {processor.py:183} INFO - Processing /opt/airflow/dags/01_demo_basic_dag.py took 0.052 seconds
[2025-11-18T11:04:38.290+0000] {processor.py:161} INFO - Started process (PID=863) to work on /opt/airflow/dags/01_demo_basic_dag.py
[2025-11-18T11:04:38.291+0000] {processor.py:830} INFO - Processing file /opt/airflow/dags/01_demo_basic_dag.py for tasks to queue
[2025-11-18T11:04:38.293+0000] {logging_mixin.py:188} INFO - [2025-11-18T11:04:38.292+0000] {dagbag.py:538} INFO - Filling up the DagBag from /opt/airflow/dags/01_demo_basic_dag.py
[2025-11-18T11:04:38.306+0000] {logging_mixin.py:188} WARNING - /home/airflow/.local/lib/python3.10/site-packages/airflow/models/baseoperator.py:437 RemovedInAirflow3Warning: none_failed_or_skipped Trigger Rule is deprecated. Please use `none_failed_min_one_success`.
[2025-11-18T11:04:38.309+0000] {processor.py:840} INFO - DAG(s) '01_demo_basic_dag' retrieved from /opt/airflow/dags/01_demo_basic_dag.py
[2025-11-18T11:04:38.319+0000] {logging_mixin.py:188} INFO - [2025-11-18T11:04:38.319+0000] {dag.py:3033} INFO - Sync 1 DAGs
[2025-11-18T11:04:38.329+0000] {logging_mixin.py:188} INFO - [2025-11-18T11:04:38.329+0000] {dag.py:3820} INFO - Setting next_dagrun for 01_demo_basic_dag to 2025-11-18T08:00:00+00:00, run_after=2025-11-18T10:00:00+00:00
[2025-11-18T11:04:38.336+0000] {processor.py:183} INFO - Processing /opt/airflow/dags/01_demo_basic_dag.py took 0.047 seconds
[2025-11-18T11:05:08.577+0000] {processor.py:161} INFO - Started process (PID=866) to work on /opt/airflow/dags/01_demo_basic_dag.py
[2025-11-18T11:05:08.578+0000] {processor.py:830} INFO - Processing file /opt/airflow/dags/01_demo_basic_dag.py for tasks to queue
[2025-11-18T11:05:08.579+0000] {logging_mixin.py:188} INFO - [2025-11-18T11:05:08.579+0000] {dagbag.py:538} INFO - Filling up the DagBag from /opt/airflow/dags/01_demo_basic_dag.py
[2025-11-18T11:05:08.589+0000] {logging_mixin.py:188} WARNING - /home/airflow/.local/lib/python3.10/site-packages/airflow/models/baseoperator.py:437 RemovedInAirflow3Warning: none_failed_or_skipped Trigger Rule is deprecated. Please use `none_failed_min_one_success`.
[2025-11-18T11:05:08.591+0000] {processor.py:840} INFO - DAG(s) '01_demo_basic_dag' retrieved from /opt/airflow/dags/01_demo_basic_dag.py
[2025-11-18T11:05:08.603+0000] {logging_mixin.py:188} INFO - [2025-11-18T11:05:08.603+0000] {dag.py:3033} INFO - Sync 1 DAGs
[2025-11-18T11:05:08.613+0000] {logging_mixin.py:188} INFO - [2025-11-18T11:05:08.613+0000] {dag.py:3820} INFO - Setting next_dagrun for 01_demo_basic_dag to 2025-11-18T08:00:00+00:00, run_after=2025-11-18T10:00:00+00:00
[2025-11-18T11:05:08.624+0000] {processor.py:183} INFO - Processing /opt/airflow/dags/01_demo_basic_dag.py took 0.048 seconds
[2025-11-18T11:05:38.889+0000] {processor.py:161} INFO - Started process (PID=869) to work on /opt/airflow/dags/01_demo_basic_dag.py
[2025-11-18T11:05:38.890+0000] {processor.py:830} INFO - Processing file /opt/airflow/dags/01_demo_basic_dag.py for tasks to queue
[2025-11-18T11:05:38.891+0000] {logging_mixin.py:188} INFO - [2025-11-18T11:05:38.891+0000] {dagbag.py:538} INFO - Filling up the DagBag from /opt/airflow/dags/01_demo_basic_dag.py
[2025-11-18T11:05:38.902+0000] {logging_mixin.py:188} WARNING - /home/airflow/.local/lib/python3.10/site-packages/airflow/models/baseoperator.py:437 RemovedInAirflow3Warning: none_failed_or_skipped Trigger Rule is deprecated. Please use `none_failed_min_one_success`.
[2025-11-18T11:05:38.904+0000] {processor.py:840} INFO - DAG(s) '01_demo_basic_dag' retrieved from /opt/airflow/dags/01_demo_basic_dag.py
[2025-11-18T11:05:38.918+0000] {logging_mixin.py:188} INFO - [2025-11-18T11:05:38.918+0000] {dag.py:3033} INFO - Sync 1 DAGs
[2025-11-18T11:05:38.928+0000] {logging_mixin.py:188} INFO - [2025-11-18T11:05:38.927+0000] {dag.py:3820} INFO - Setting next_dagrun for 01_demo_basic_dag to 2025-11-18T08:00:00+00:00, run_after=2025-11-18T10:00:00+00:00
[2025-11-18T11:05:38.935+0000] {processor.py:183} INFO - Processing /opt/airflow/dags/01_demo_basic_dag.py took 0.048 seconds
[2025-11-18T11:06:09.185+0000] {processor.py:161} INFO - Started process (PID=872) to work on /opt/airflow/dags/01_demo_basic_dag.py
[2025-11-18T11:06:09.186+0000] {processor.py:830} INFO - Processing file /opt/airflow/dags/01_demo_basic_dag.py for tasks to queue
[2025-11-18T11:06:09.188+0000] {logging_mixin.py:188} INFO - [2025-11-18T11:06:09.188+0000] {dagbag.py:538} INFO - Filling up the DagBag from /opt/airflow/dags/01_demo_basic_dag.py
[2025-11-18T11:06:09.198+0000] {logging_mixin.py:188} WARNING - /home/airflow/.local/lib/python3.10/site-packages/airflow/models/baseoperator.py:437 RemovedInAirflow3Warning: none_failed_or_skipped Trigger Rule is deprecated. Please use `none_failed_min_one_success`.
[2025-11-18T11:06:09.199+0000] {processor.py:840} INFO - DAG(s) '01_demo_basic_dag' retrieved from /opt/airflow/dags/01_demo_basic_dag.py
[2025-11-18T11:06:09.213+0000] {logging_mixin.py:188} INFO - [2025-11-18T11:06:09.213+0000] {dag.py:3033} INFO - Sync 1 DAGs
[2025-11-18T11:06:09.223+0000] {logging_mixin.py:188} INFO - [2025-11-18T11:06:09.223+0000] {dag.py:3820} INFO - Setting next_dagrun for 01_demo_basic_dag to 2025-11-18T08:00:00+00:00, run_after=2025-11-18T10:00:00+00:00
[2025-11-18T11:06:09.236+0000] {processor.py:183} INFO - Processing /opt/airflow/dags/01_demo_basic_dag.py took 0.052 seconds
[2025-11-18T11:06:39.492+0000] {processor.py:161} INFO - Started process (PID=875) to work on /opt/airflow/dags/01_demo_basic_dag.py
[2025-11-18T11:06:39.493+0000] {processor.py:830} INFO - Processing file /opt/airflow/dags/01_demo_basic_dag.py for tasks to queue
[2025-11-18T11:06:39.495+0000] {logging_mixin.py:188} INFO - [2025-11-18T11:06:39.495+0000] {dagbag.py:538} INFO - Filling up the DagBag from /opt/airflow/dags/01_demo_basic_dag.py
[2025-11-18T11:06:39.505+0000] {logging_mixin.py:188} WARNING - /home/airflow/.local/lib/python3.10/site-packages/airflow/models/baseoperator.py:437 RemovedInAirflow3Warning: none_failed_or_skipped Trigger Rule is deprecated. Please use `none_failed_min_one_success`.
[2025-11-18T11:06:39.506+0000] {processor.py:840} INFO - DAG(s) '01_demo_basic_dag' retrieved from /opt/airflow/dags/01_demo_basic_dag.py
[2025-11-18T11:06:39.518+0000] {logging_mixin.py:188} INFO - [2025-11-18T11:06:39.518+0000] {dag.py:3033} INFO - Sync 1 DAGs
[2025-11-18T11:06:39.529+0000] {logging_mixin.py:188} INFO - [2025-11-18T11:06:39.529+0000] {dag.py:3820} INFO - Setting next_dagrun for 01_demo_basic_dag to 2025-11-18T08:00:00+00:00, run_after=2025-11-18T10:00:00+00:00
[2025-11-18T11:06:39.537+0000] {processor.py:183} INFO - Processing /opt/airflow/dags/01_demo_basic_dag.py took 0.046 seconds
[2025-11-18T11:07:09.787+0000] {processor.py:161} INFO - Started process (PID=878) to work on /opt/airflow/dags/01_demo_basic_dag.py
[2025-11-18T11:07:09.787+0000] {processor.py:830} INFO - Processing file /opt/airflow/dags/01_demo_basic_dag.py for tasks to queue
[2025-11-18T11:07:09.788+0000] {logging_mixin.py:188} INFO - [2025-11-18T11:07:09.788+0000] {dagbag.py:538} INFO - Filling up the DagBag from /opt/airflow/dags/01_demo_basic_dag.py
[2025-11-18T11:07:09.800+0000] {logging_mixin.py:188} WARNING - /home/airflow/.local/lib/python3.10/site-packages/airflow/models/baseoperator.py:437 RemovedInAirflow3Warning: none_failed_or_skipped Trigger Rule is deprecated. Please use `none_failed_min_one_success`.
[2025-11-18T11:07:09.802+0000] {processor.py:840} INFO - DAG(s) '01_demo_basic_dag' retrieved from /opt/airflow/dags/01_demo_basic_dag.py
[2025-11-18T11:07:09.816+0000] {logging_mixin.py:188} INFO - [2025-11-18T11:07:09.816+0000] {dag.py:3033} INFO - Sync 1 DAGs
[2025-11-18T11:07:09.826+0000] {logging_mixin.py:188} INFO - [2025-11-18T11:07:09.825+0000] {dag.py:3820} INFO - Setting next_dagrun for 01_demo_basic_dag to 2025-11-18T08:00:00+00:00, run_after=2025-11-18T10:00:00+00:00
[2025-11-18T11:07:09.833+0000] {processor.py:183} INFO - Processing /opt/airflow/dags/01_demo_basic_dag.py took 0.048 seconds
[2025-11-18T11:07:40.087+0000] {processor.py:161} INFO - Started process (PID=881) to work on /opt/airflow/dags/01_demo_basic_dag.py
[2025-11-18T11:07:40.088+0000] {processor.py:830} INFO - Processing file /opt/airflow/dags/01_demo_basic_dag.py for tasks to queue
[2025-11-18T11:07:40.089+0000] {logging_mixin.py:188} INFO - [2025-11-18T11:07:40.089+0000] {dagbag.py:538} INFO - Filling up the DagBag from /opt/airflow/dags/01_demo_basic_dag.py
[2025-11-18T11:07:40.100+0000] {logging_mixin.py:188} WARNING - /home/airflow/.local/lib/python3.10/site-packages/airflow/models/baseoperator.py:437 RemovedInAirflow3Warning: none_failed_or_skipped Trigger Rule is deprecated. Please use `none_failed_min_one_success`.
[2025-11-18T11:07:40.102+0000] {processor.py:840} INFO - DAG(s) '01_demo_basic_dag' retrieved from /opt/airflow/dags/01_demo_basic_dag.py
[2025-11-18T11:07:40.115+0000] {logging_mixin.py:188} INFO - [2025-11-18T11:07:40.114+0000] {dag.py:3033} INFO - Sync 1 DAGs
[2025-11-18T11:07:40.124+0000] {logging_mixin.py:188} INFO - [2025-11-18T11:07:40.124+0000] {dag.py:3820} INFO - Setting next_dagrun for 01_demo_basic_dag to 2025-11-18T08:00:00+00:00, run_after=2025-11-18T10:00:00+00:00
[2025-11-18T11:07:40.136+0000] {processor.py:183} INFO - Processing /opt/airflow/dags/01_demo_basic_dag.py took 0.050 seconds
[2025-11-18T11:08:10.372+0000] {processor.py:161} INFO - Started process (PID=884) to work on /opt/airflow/dags/01_demo_basic_dag.py
[2025-11-18T11:08:10.373+0000] {processor.py:830} INFO - Processing file /opt/airflow/dags/01_demo_basic_dag.py for tasks to queue
[2025-11-18T11:08:10.374+0000] {logging_mixin.py:188} INFO - [2025-11-18T11:08:10.374+0000] {dagbag.py:538} INFO - Filling up the DagBag from /opt/airflow/dags/01_demo_basic_dag.py
[2025-11-18T11:08:10.384+0000] {logging_mixin.py:188} WARNING - /home/airflow/.local/lib/python3.10/site-packages/airflow/models/baseoperator.py:437 RemovedInAirflow3Warning: none_failed_or_skipped Trigger Rule is deprecated. Please use `none_failed_min_one_success`.
[2025-11-18T11:08:10.386+0000] {processor.py:840} INFO - DAG(s) '01_demo_basic_dag' retrieved from /opt/airflow/dags/01_demo_basic_dag.py
[2025-11-18T11:08:10.400+0000] {logging_mixin.py:188} INFO - [2025-11-18T11:08:10.400+0000] {dag.py:3033} INFO - Sync 1 DAGs
[2025-11-18T11:08:10.411+0000] {logging_mixin.py:188} INFO - [2025-11-18T11:08:10.411+0000] {dag.py:3820} INFO - Setting next_dagrun for 01_demo_basic_dag to 2025-11-18T08:00:00+00:00, run_after=2025-11-18T10:00:00+00:00
[2025-11-18T11:08:10.420+0000] {processor.py:183} INFO - Processing /opt/airflow/dags/01_demo_basic_dag.py took 0.050 seconds
[2025-11-18T11:08:40.663+0000] {processor.py:161} INFO - Started process (PID=887) to work on /opt/airflow/dags/01_demo_basic_dag.py
[2025-11-18T11:08:40.664+0000] {processor.py:830} INFO - Processing file /opt/airflow/dags/01_demo_basic_dag.py for tasks to queue
[2025-11-18T11:08:40.666+0000] {logging_mixin.py:188} INFO - [2025-11-18T11:08:40.666+0000] {dagbag.py:538} INFO - Filling up the DagBag from /opt/airflow/dags/01_demo_basic_dag.py
[2025-11-18T11:08:40.684+0000] {logging_mixin.py:188} WARNING - /home/airflow/.local/lib/python3.10/site-packages/airflow/models/baseoperator.py:437 RemovedInAirflow3Warning: none_failed_or_skipped Trigger Rule is deprecated. Please use `none_failed_min_one_success`.
[2025-11-18T11:08:40.685+0000] {processor.py:840} INFO - DAG(s) '01_demo_basic_dag' retrieved from /opt/airflow/dags/01_demo_basic_dag.py
[2025-11-18T11:08:40.697+0000] {logging_mixin.py:188} INFO - [2025-11-18T11:08:40.697+0000] {dag.py:3033} INFO - Sync 1 DAGs
[2025-11-18T11:08:40.709+0000] {logging_mixin.py:188} INFO - [2025-11-18T11:08:40.709+0000] {dag.py:3820} INFO - Setting next_dagrun for 01_demo_basic_dag to 2025-11-18T08:00:00+00:00, run_after=2025-11-18T10:00:00+00:00
[2025-11-18T11:08:40.717+0000] {processor.py:183} INFO - Processing /opt/airflow/dags/01_demo_basic_dag.py took 0.056 seconds
[2025-11-18T11:09:10.951+0000] {processor.py:161} INFO - Started process (PID=890) to work on /opt/airflow/dags/01_demo_basic_dag.py
[2025-11-18T11:09:10.953+0000] {processor.py:830} INFO - Processing file /opt/airflow/dags/01_demo_basic_dag.py for tasks to queue
[2025-11-18T11:09:10.954+0000] {logging_mixin.py:188} INFO - [2025-11-18T11:09:10.954+0000] {dagbag.py:538} INFO - Filling up the DagBag from /opt/airflow/dags/01_demo_basic_dag.py
[2025-11-18T11:09:10.970+0000] {logging_mixin.py:188} WARNING - /home/airflow/.local/lib/python3.10/site-packages/airflow/models/baseoperator.py:437 RemovedInAirflow3Warning: none_failed_or_skipped Trigger Rule is deprecated. Please use `none_failed_min_one_success`.
[2025-11-18T11:09:10.971+0000] {processor.py:840} INFO - DAG(s) '01_demo_basic_dag' retrieved from /opt/airflow/dags/01_demo_basic_dag.py
[2025-11-18T11:09:10.985+0000] {logging_mixin.py:188} INFO - [2025-11-18T11:09:10.985+0000] {dag.py:3033} INFO - Sync 1 DAGs
[2025-11-18T11:09:10.995+0000] {logging_mixin.py:188} INFO - [2025-11-18T11:09:10.995+0000] {dag.py:3820} INFO - Setting next_dagrun for 01_demo_basic_dag to 2025-11-18T08:00:00+00:00, run_after=2025-11-18T10:00:00+00:00
[2025-11-18T11:09:11.003+0000] {processor.py:183} INFO - Processing /opt/airflow/dags/01_demo_basic_dag.py took 0.053 seconds
[2025-11-18T11:09:41.208+0000] {processor.py:161} INFO - Started process (PID=893) to work on /opt/airflow/dags/01_demo_basic_dag.py
[2025-11-18T11:09:41.209+0000] {processor.py:830} INFO - Processing file /opt/airflow/dags/01_demo_basic_dag.py for tasks to queue
[2025-11-18T11:09:41.210+0000] {logging_mixin.py:188} INFO - [2025-11-18T11:09:41.210+0000] {dagbag.py:538} INFO - Filling up the DagBag from /opt/airflow/dags/01_demo_basic_dag.py
[2025-11-18T11:09:41.220+0000] {logging_mixin.py:188} WARNING - /home/airflow/.local/lib/python3.10/site-packages/airflow/models/baseoperator.py:437 RemovedInAirflow3Warning: none_failed_or_skipped Trigger Rule is deprecated. Please use `none_failed_min_one_success`.
[2025-11-18T11:09:41.221+0000] {processor.py:840} INFO - DAG(s) '01_demo_basic_dag' retrieved from /opt/airflow/dags/01_demo_basic_dag.py
[2025-11-18T11:09:41.235+0000] {logging_mixin.py:188} INFO - [2025-11-18T11:09:41.234+0000] {dag.py:3033} INFO - Sync 1 DAGs
[2025-11-18T11:09:41.247+0000] {logging_mixin.py:188} INFO - [2025-11-18T11:09:41.247+0000] {dag.py:3820} INFO - Setting next_dagrun for 01_demo_basic_dag to 2025-11-18T08:00:00+00:00, run_after=2025-11-18T10:00:00+00:00
[2025-11-18T11:09:41.259+0000] {processor.py:183} INFO - Processing /opt/airflow/dags/01_demo_basic_dag.py took 0.052 seconds
[2025-11-18T11:10:11.469+0000] {processor.py:161} INFO - Started process (PID=896) to work on /opt/airflow/dags/01_demo_basic_dag.py
[2025-11-18T11:10:11.471+0000] {processor.py:830} INFO - Processing file /opt/airflow/dags/01_demo_basic_dag.py for tasks to queue
[2025-11-18T11:10:11.472+0000] {logging_mixin.py:188} INFO - [2025-11-18T11:10:11.472+0000] {dagbag.py:538} INFO - Filling up the DagBag from /opt/airflow/dags/01_demo_basic_dag.py
[2025-11-18T11:10:11.483+0000] {logging_mixin.py:188} WARNING - /home/airflow/.local/lib/python3.10/site-packages/airflow/models/baseoperator.py:437 RemovedInAirflow3Warning: none_failed_or_skipped Trigger Rule is deprecated. Please use `none_failed_min_one_success`.
[2025-11-18T11:10:11.484+0000] {processor.py:840} INFO - DAG(s) '01_demo_basic_dag' retrieved from /opt/airflow/dags/01_demo_basic_dag.py
[2025-11-18T11:10:11.495+0000] {logging_mixin.py:188} INFO - [2025-11-18T11:10:11.495+0000] {dag.py:3033} INFO - Sync 1 DAGs
[2025-11-18T11:10:11.505+0000] {logging_mixin.py:188} INFO - [2025-11-18T11:10:11.505+0000] {dag.py:3820} INFO - Setting next_dagrun for 01_demo_basic_dag to 2025-11-18T08:00:00+00:00, run_after=2025-11-18T10:00:00+00:00
[2025-11-18T11:10:11.514+0000] {processor.py:183} INFO - Processing /opt/airflow/dags/01_demo_basic_dag.py took 0.046 seconds
[2025-11-18T11:10:41.736+0000] {processor.py:161} INFO - Started process (PID=899) to work on /opt/airflow/dags/01_demo_basic_dag.py
[2025-11-18T11:10:41.737+0000] {processor.py:830} INFO - Processing file /opt/airflow/dags/01_demo_basic_dag.py for tasks to queue
[2025-11-18T11:10:41.738+0000] {logging_mixin.py:188} INFO - [2025-11-18T11:10:41.738+0000] {dagbag.py:538} INFO - Filling up the DagBag from /opt/airflow/dags/01_demo_basic_dag.py
[2025-11-18T11:10:41.750+0000] {logging_mixin.py:188} WARNING - /home/airflow/.local/lib/python3.10/site-packages/airflow/models/baseoperator.py:437 RemovedInAirflow3Warning: none_failed_or_skipped Trigger Rule is deprecated. Please use `none_failed_min_one_success`.
[2025-11-18T11:10:41.752+0000] {processor.py:840} INFO - DAG(s) '01_demo_basic_dag' retrieved from /opt/airflow/dags/01_demo_basic_dag.py
[2025-11-18T11:10:41.764+0000] {logging_mixin.py:188} INFO - [2025-11-18T11:10:41.764+0000] {dag.py:3033} INFO - Sync 1 DAGs
[2025-11-18T11:10:41.773+0000] {logging_mixin.py:188} INFO - [2025-11-18T11:10:41.773+0000] {dag.py:3820} INFO - Setting next_dagrun for 01_demo_basic_dag to 2025-11-18T08:00:00+00:00, run_after=2025-11-18T10:00:00+00:00
[2025-11-18T11:10:41.780+0000] {processor.py:183} INFO - Processing /opt/airflow/dags/01_demo_basic_dag.py took 0.046 seconds
[2025-11-18T11:11:12.027+0000] {processor.py:161} INFO - Started process (PID=902) to work on /opt/airflow/dags/01_demo_basic_dag.py
[2025-11-18T11:11:12.028+0000] {processor.py:830} INFO - Processing file /opt/airflow/dags/01_demo_basic_dag.py for tasks to queue
[2025-11-18T11:11:12.030+0000] {logging_mixin.py:188} INFO - [2025-11-18T11:11:12.030+0000] {dagbag.py:538} INFO - Filling up the DagBag from /opt/airflow/dags/01_demo_basic_dag.py
[2025-11-18T11:11:12.041+0000] {logging_mixin.py:188} WARNING - /home/airflow/.local/lib/python3.10/site-packages/airflow/models/baseoperator.py:437 RemovedInAirflow3Warning: none_failed_or_skipped Trigger Rule is deprecated. Please use `none_failed_min_one_success`.
[2025-11-18T11:11:12.043+0000] {processor.py:840} INFO - DAG(s) '01_demo_basic_dag' retrieved from /opt/airflow/dags/01_demo_basic_dag.py
[2025-11-18T11:11:12.059+0000] {logging_mixin.py:188} INFO - [2025-11-18T11:11:12.059+0000] {dag.py:3033} INFO - Sync 1 DAGs
[2025-11-18T11:11:12.071+0000] {logging_mixin.py:188} INFO - [2025-11-18T11:11:12.071+0000] {dag.py:3820} INFO - Setting next_dagrun for 01_demo_basic_dag to 2025-11-18T08:00:00+00:00, run_after=2025-11-18T10:00:00+00:00
[2025-11-18T11:11:12.080+0000] {processor.py:183} INFO - Processing /opt/airflow/dags/01_demo_basic_dag.py took 0.055 seconds
[2025-11-18T11:11:42.300+0000] {processor.py:161} INFO - Started process (PID=905) to work on /opt/airflow/dags/01_demo_basic_dag.py
[2025-11-18T11:11:42.302+0000] {processor.py:830} INFO - Processing file /opt/airflow/dags/01_demo_basic_dag.py for tasks to queue
[2025-11-18T11:11:42.304+0000] {logging_mixin.py:188} INFO - [2025-11-18T11:11:42.304+0000] {dagbag.py:538} INFO - Filling up the DagBag from /opt/airflow/dags/01_demo_basic_dag.py
[2025-11-18T11:11:42.315+0000] {logging_mixin.py:188} WARNING - /home/airflow/.local/lib/python3.10/site-packages/airflow/models/baseoperator.py:437 RemovedInAirflow3Warning: none_failed_or_skipped Trigger Rule is deprecated. Please use `none_failed_min_one_success`.
[2025-11-18T11:11:42.318+0000] {processor.py:840} INFO - DAG(s) '01_demo_basic_dag' retrieved from /opt/airflow/dags/01_demo_basic_dag.py
[2025-11-18T11:11:42.331+0000] {logging_mixin.py:188} INFO - [2025-11-18T11:11:42.331+0000] {dag.py:3033} INFO - Sync 1 DAGs
[2025-11-18T11:11:42.342+0000] {logging_mixin.py:188} INFO - [2025-11-18T11:11:42.342+0000] {dag.py:3820} INFO - Setting next_dagrun for 01_demo_basic_dag to 2025-11-18T08:00:00+00:00, run_after=2025-11-18T10:00:00+00:00
[2025-11-18T11:11:42.354+0000] {processor.py:183} INFO - Processing /opt/airflow/dags/01_demo_basic_dag.py took 0.056 seconds
[2025-11-18T11:12:12.618+0000] {processor.py:161} INFO - Started process (PID=908) to work on /opt/airflow/dags/01_demo_basic_dag.py
[2025-11-18T11:12:12.619+0000] {processor.py:830} INFO - Processing file /opt/airflow/dags/01_demo_basic_dag.py for tasks to queue
[2025-11-18T11:12:12.621+0000] {logging_mixin.py:188} INFO - [2025-11-18T11:12:12.621+0000] {dagbag.py:538} INFO - Filling up the DagBag from /opt/airflow/dags/01_demo_basic_dag.py
[2025-11-18T11:12:12.632+0000] {logging_mixin.py:188} WARNING - /home/airflow/.local/lib/python3.10/site-packages/airflow/models/baseoperator.py:437 RemovedInAirflow3Warning: none_failed_or_skipped Trigger Rule is deprecated. Please use `none_failed_min_one_success`.
[2025-11-18T11:12:12.633+0000] {processor.py:840} INFO - DAG(s) '01_demo_basic_dag' retrieved from /opt/airflow/dags/01_demo_basic_dag.py
[2025-11-18T11:12:12.645+0000] {logging_mixin.py:188} INFO - [2025-11-18T11:12:12.645+0000] {dag.py:3033} INFO - Sync 1 DAGs
[2025-11-18T11:12:12.655+0000] {logging_mixin.py:188} INFO - [2025-11-18T11:12:12.655+0000] {dag.py:3820} INFO - Setting next_dagrun for 01_demo_basic_dag to 2025-11-18T08:00:00+00:00, run_after=2025-11-18T10:00:00+00:00
[2025-11-18T11:12:12.662+0000] {processor.py:183} INFO - Processing /opt/airflow/dags/01_demo_basic_dag.py took 0.045 seconds
[2025-11-18T11:12:42.902+0000] {processor.py:161} INFO - Started process (PID=911) to work on /opt/airflow/dags/01_demo_basic_dag.py
[2025-11-18T11:12:42.903+0000] {processor.py:830} INFO - Processing file /opt/airflow/dags/01_demo_basic_dag.py for tasks to queue
[2025-11-18T11:12:42.905+0000] {logging_mixin.py:188} INFO - [2025-11-18T11:12:42.905+0000] {dagbag.py:538} INFO - Filling up the DagBag from /opt/airflow/dags/01_demo_basic_dag.py
[2025-11-18T11:12:42.916+0000] {logging_mixin.py:188} WARNING - /home/airflow/.local/lib/python3.10/site-packages/airflow/models/baseoperator.py:437 RemovedInAirflow3Warning: none_failed_or_skipped Trigger Rule is deprecated. Please use `none_failed_min_one_success`.
[2025-11-18T11:12:42.918+0000] {processor.py:840} INFO - DAG(s) '01_demo_basic_dag' retrieved from /opt/airflow/dags/01_demo_basic_dag.py
[2025-11-18T11:12:42.930+0000] {logging_mixin.py:188} INFO - [2025-11-18T11:12:42.930+0000] {dag.py:3033} INFO - Sync 1 DAGs
[2025-11-18T11:12:42.940+0000] {logging_mixin.py:188} INFO - [2025-11-18T11:12:42.940+0000] {dag.py:3820} INFO - Setting next_dagrun for 01_demo_basic_dag to 2025-11-18T08:00:00+00:00, run_after=2025-11-18T10:00:00+00:00
[2025-11-18T11:12:42.949+0000] {processor.py:183} INFO - Processing /opt/airflow/dags/01_demo_basic_dag.py took 0.049 seconds
[2025-11-18T11:13:13.183+0000] {processor.py:161} INFO - Started process (PID=914) to work on /opt/airflow/dags/01_demo_basic_dag.py
[2025-11-18T11:13:13.185+0000] {processor.py:830} INFO - Processing file /opt/airflow/dags/01_demo_basic_dag.py for tasks to queue
[2025-11-18T11:13:13.187+0000] {logging_mixin.py:188} INFO - [2025-11-18T11:13:13.186+0000] {dagbag.py:538} INFO - Filling up the DagBag from /opt/airflow/dags/01_demo_basic_dag.py
[2025-11-18T11:13:13.195+0000] {logging_mixin.py:188} WARNING - /home/airflow/.local/lib/python3.10/site-packages/airflow/models/baseoperator.py:437 RemovedInAirflow3Warning: none_failed_or_skipped Trigger Rule is deprecated. Please use `none_failed_min_one_success`.
[2025-11-18T11:13:13.197+0000] {processor.py:840} INFO - DAG(s) '01_demo_basic_dag' retrieved from /opt/airflow/dags/01_demo_basic_dag.py
[2025-11-18T11:13:13.209+0000] {logging_mixin.py:188} INFO - [2025-11-18T11:13:13.209+0000] {dag.py:3033} INFO - Sync 1 DAGs
[2025-11-18T11:13:13.220+0000] {logging_mixin.py:188} INFO - [2025-11-18T11:13:13.220+0000] {dag.py:3820} INFO - Setting next_dagrun for 01_demo_basic_dag to 2025-11-18T08:00:00+00:00, run_after=2025-11-18T10:00:00+00:00
[2025-11-18T11:13:13.227+0000] {processor.py:183} INFO - Processing /opt/airflow/dags/01_demo_basic_dag.py took 0.045 seconds
[2025-11-18T11:13:43.468+0000] {processor.py:161} INFO - Started process (PID=917) to work on /opt/airflow/dags/01_demo_basic_dag.py
[2025-11-18T11:13:43.470+0000] {processor.py:830} INFO - Processing file /opt/airflow/dags/01_demo_basic_dag.py for tasks to queue
[2025-11-18T11:13:43.471+0000] {logging_mixin.py:188} INFO - [2025-11-18T11:13:43.471+0000] {dagbag.py:538} INFO - Filling up the DagBag from /opt/airflow/dags/01_demo_basic_dag.py
[2025-11-18T11:13:43.485+0000] {logging_mixin.py:188} WARNING - /home/airflow/.local/lib/python3.10/site-packages/airflow/models/baseoperator.py:437 RemovedInAirflow3Warning: none_failed_or_skipped Trigger Rule is deprecated. Please use `none_failed_min_one_success`.
[2025-11-18T11:13:43.487+0000] {processor.py:840} INFO - DAG(s) '01_demo_basic_dag' retrieved from /opt/airflow/dags/01_demo_basic_dag.py
[2025-11-18T11:13:43.498+0000] {logging_mixin.py:188} INFO - [2025-11-18T11:13:43.498+0000] {dag.py:3033} INFO - Sync 1 DAGs
[2025-11-18T11:13:43.508+0000] {logging_mixin.py:188} INFO - [2025-11-18T11:13:43.508+0000] {dag.py:3820} INFO - Setting next_dagrun for 01_demo_basic_dag to 2025-11-18T08:00:00+00:00, run_after=2025-11-18T10:00:00+00:00
[2025-11-18T11:13:43.516+0000] {processor.py:183} INFO - Processing /opt/airflow/dags/01_demo_basic_dag.py took 0.049 seconds
[2025-11-18T11:14:13.750+0000] {processor.py:161} INFO - Started process (PID=920) to work on /opt/airflow/dags/01_demo_basic_dag.py
[2025-11-18T11:14:13.752+0000] {processor.py:830} INFO - Processing file /opt/airflow/dags/01_demo_basic_dag.py for tasks to queue
[2025-11-18T11:14:13.753+0000] {logging_mixin.py:188} INFO - [2025-11-18T11:14:13.753+0000] {dagbag.py:538} INFO - Filling up the DagBag from /opt/airflow/dags/01_demo_basic_dag.py
[2025-11-18T11:14:13.762+0000] {logging_mixin.py:188} WARNING - /home/airflow/.local/lib/python3.10/site-packages/airflow/models/baseoperator.py:437 RemovedInAirflow3Warning: none_failed_or_skipped Trigger Rule is deprecated. Please use `none_failed_min_one_success`.
[2025-11-18T11:14:13.763+0000] {processor.py:840} INFO - DAG(s) '01_demo_basic_dag' retrieved from /opt/airflow/dags/01_demo_basic_dag.py
[2025-11-18T11:14:13.774+0000] {logging_mixin.py:188} INFO - [2025-11-18T11:14:13.774+0000] {dag.py:3033} INFO - Sync 1 DAGs
[2025-11-18T11:14:13.784+0000] {logging_mixin.py:188} INFO - [2025-11-18T11:14:13.784+0000] {dag.py:3820} INFO - Setting next_dagrun for 01_demo_basic_dag to 2025-11-18T08:00:00+00:00, run_after=2025-11-18T10:00:00+00:00
[2025-11-18T11:14:13.791+0000] {processor.py:183} INFO - Processing /opt/airflow/dags/01_demo_basic_dag.py took 0.042 seconds
[2025-11-18T11:14:44.036+0000] {processor.py:161} INFO - Started process (PID=923) to work on /opt/airflow/dags/01_demo_basic_dag.py
[2025-11-18T11:14:44.038+0000] {processor.py:830} INFO - Processing file /opt/airflow/dags/01_demo_basic_dag.py for tasks to queue
[2025-11-18T11:14:44.040+0000] {logging_mixin.py:188} INFO - [2025-11-18T11:14:44.039+0000] {dagbag.py:538} INFO - Filling up the DagBag from /opt/airflow/dags/01_demo_basic_dag.py
[2025-11-18T11:14:44.047+0000] {logging_mixin.py:188} WARNING - /home/airflow/.local/lib/python3.10/site-packages/airflow/models/baseoperator.py:437 RemovedInAirflow3Warning: none_failed_or_skipped Trigger Rule is deprecated. Please use `none_failed_min_one_success`.
[2025-11-18T11:14:44.049+0000] {processor.py:840} INFO - DAG(s) '01_demo_basic_dag' retrieved from /opt/airflow/dags/01_demo_basic_dag.py
[2025-11-18T11:14:44.061+0000] {logging_mixin.py:188} INFO - [2025-11-18T11:14:44.061+0000] {dag.py:3033} INFO - Sync 1 DAGs
[2025-11-18T11:14:44.071+0000] {logging_mixin.py:188} INFO - [2025-11-18T11:14:44.071+0000] {dag.py:3820} INFO - Setting next_dagrun for 01_demo_basic_dag to 2025-11-18T08:00:00+00:00, run_after=2025-11-18T10:00:00+00:00
[2025-11-18T11:14:44.082+0000] {processor.py:183} INFO - Processing /opt/airflow/dags/01_demo_basic_dag.py took 0.048 seconds
[2025-11-18T11:15:14.318+0000] {processor.py:161} INFO - Started process (PID=926) to work on /opt/airflow/dags/01_demo_basic_dag.py
[2025-11-18T11:15:14.319+0000] {processor.py:830} INFO - Processing file /opt/airflow/dags/01_demo_basic_dag.py for tasks to queue
[2025-11-18T11:15:14.320+0000] {logging_mixin.py:188} INFO - [2025-11-18T11:15:14.320+0000] {dagbag.py:538} INFO - Filling up the DagBag from /opt/airflow/dags/01_demo_basic_dag.py
[2025-11-18T11:15:14.330+0000] {logging_mixin.py:188} WARNING - /home/airflow/.local/lib/python3.10/site-packages/airflow/models/baseoperator.py:437 RemovedInAirflow3Warning: none_failed_or_skipped Trigger Rule is deprecated. Please use `none_failed_min_one_success`.
[2025-11-18T11:15:14.332+0000] {processor.py:840} INFO - DAG(s) '01_demo_basic_dag' retrieved from /opt/airflow/dags/01_demo_basic_dag.py
[2025-11-18T11:15:14.343+0000] {logging_mixin.py:188} INFO - [2025-11-18T11:15:14.342+0000] {dag.py:3033} INFO - Sync 1 DAGs
[2025-11-18T11:15:14.354+0000] {logging_mixin.py:188} INFO - [2025-11-18T11:15:14.354+0000] {dag.py:3820} INFO - Setting next_dagrun for 01_demo_basic_dag to 2025-11-18T08:00:00+00:00, run_after=2025-11-18T10:00:00+00:00
[2025-11-18T11:15:14.366+0000] {processor.py:183} INFO - Processing /opt/airflow/dags/01_demo_basic_dag.py took 0.049 seconds
[2025-11-18T11:15:44.629+0000] {processor.py:161} INFO - Started process (PID=929) to work on /opt/airflow/dags/01_demo_basic_dag.py
[2025-11-18T11:15:44.632+0000] {processor.py:830} INFO - Processing file /opt/airflow/dags/01_demo_basic_dag.py for tasks to queue
[2025-11-18T11:15:44.633+0000] {logging_mixin.py:188} INFO - [2025-11-18T11:15:44.633+0000] {dagbag.py:538} INFO - Filling up the DagBag from /opt/airflow/dags/01_demo_basic_dag.py
[2025-11-18T11:15:44.644+0000] {logging_mixin.py:188} WARNING - /home/airflow/.local/lib/python3.10/site-packages/airflow/models/baseoperator.py:437 RemovedInAirflow3Warning: none_failed_or_skipped Trigger Rule is deprecated. Please use `none_failed_min_one_success`.
[2025-11-18T11:15:44.646+0000] {processor.py:840} INFO - DAG(s) '01_demo_basic_dag' retrieved from /opt/airflow/dags/01_demo_basic_dag.py
[2025-11-18T11:15:44.659+0000] {logging_mixin.py:188} INFO - [2025-11-18T11:15:44.659+0000] {dag.py:3033} INFO - Sync 1 DAGs
[2025-11-18T11:15:44.669+0000] {logging_mixin.py:188} INFO - [2025-11-18T11:15:44.669+0000] {dag.py:3820} INFO - Setting next_dagrun for 01_demo_basic_dag to 2025-11-18T08:00:00+00:00, run_after=2025-11-18T10:00:00+00:00
[2025-11-18T11:15:44.676+0000] {processor.py:183} INFO - Processing /opt/airflow/dags/01_demo_basic_dag.py took 0.048 seconds
[2025-11-18T11:16:14.908+0000] {processor.py:161} INFO - Started process (PID=932) to work on /opt/airflow/dags/01_demo_basic_dag.py
[2025-11-18T11:16:14.910+0000] {processor.py:830} INFO - Processing file /opt/airflow/dags/01_demo_basic_dag.py for tasks to queue
[2025-11-18T11:16:14.913+0000] {logging_mixin.py:188} INFO - [2025-11-18T11:16:14.913+0000] {dagbag.py:538} INFO - Filling up the DagBag from /opt/airflow/dags/01_demo_basic_dag.py
[2025-11-18T11:16:14.927+0000] {logging_mixin.py:188} WARNING - /home/airflow/.local/lib/python3.10/site-packages/airflow/models/baseoperator.py:437 RemovedInAirflow3Warning: none_failed_or_skipped Trigger Rule is deprecated. Please use `none_failed_min_one_success`.
[2025-11-18T11:16:14.929+0000] {processor.py:840} INFO - DAG(s) '01_demo_basic_dag' retrieved from /opt/airflow/dags/01_demo_basic_dag.py
[2025-11-18T11:16:14.941+0000] {logging_mixin.py:188} INFO - [2025-11-18T11:16:14.941+0000] {dag.py:3033} INFO - Sync 1 DAGs
[2025-11-18T11:16:14.951+0000] {logging_mixin.py:188} INFO - [2025-11-18T11:16:14.951+0000] {dag.py:3820} INFO - Setting next_dagrun for 01_demo_basic_dag to 2025-11-18T08:00:00+00:00, run_after=2025-11-18T10:00:00+00:00
[2025-11-18T11:16:14.959+0000] {processor.py:183} INFO - Processing /opt/airflow/dags/01_demo_basic_dag.py took 0.053 seconds
[2025-11-18T11:16:45.188+0000] {processor.py:161} INFO - Started process (PID=935) to work on /opt/airflow/dags/01_demo_basic_dag.py
[2025-11-18T11:16:45.189+0000] {processor.py:830} INFO - Processing file /opt/airflow/dags/01_demo_basic_dag.py for tasks to queue
[2025-11-18T11:16:45.190+0000] {logging_mixin.py:188} INFO - [2025-11-18T11:16:45.190+0000] {dagbag.py:538} INFO - Filling up the DagBag from /opt/airflow/dags/01_demo_basic_dag.py
[2025-11-18T11:16:45.200+0000] {logging_mixin.py:188} WARNING - /home/airflow/.local/lib/python3.10/site-packages/airflow/models/baseoperator.py:437 RemovedInAirflow3Warning: none_failed_or_skipped Trigger Rule is deprecated. Please use `none_failed_min_one_success`.
[2025-11-18T11:16:45.203+0000] {processor.py:840} INFO - DAG(s) '01_demo_basic_dag' retrieved from /opt/airflow/dags/01_demo_basic_dag.py
[2025-11-18T11:16:45.213+0000] {logging_mixin.py:188} INFO - [2025-11-18T11:16:45.213+0000] {dag.py:3033} INFO - Sync 1 DAGs
[2025-11-18T11:16:45.223+0000] {logging_mixin.py:188} INFO - [2025-11-18T11:16:45.223+0000] {dag.py:3820} INFO - Setting next_dagrun for 01_demo_basic_dag to 2025-11-18T08:00:00+00:00, run_after=2025-11-18T10:00:00+00:00
[2025-11-18T11:16:45.231+0000] {processor.py:183} INFO - Processing /opt/airflow/dags/01_demo_basic_dag.py took 0.044 seconds
[2025-11-18T11:17:15.447+0000] {processor.py:161} INFO - Started process (PID=938) to work on /opt/airflow/dags/01_demo_basic_dag.py
[2025-11-18T11:17:15.450+0000] {processor.py:830} INFO - Processing file /opt/airflow/dags/01_demo_basic_dag.py for tasks to queue
[2025-11-18T11:17:15.450+0000] {logging_mixin.py:188} INFO - [2025-11-18T11:17:15.450+0000] {dagbag.py:538} INFO - Filling up the DagBag from /opt/airflow/dags/01_demo_basic_dag.py
[2025-11-18T11:17:15.457+0000] {logging_mixin.py:188} WARNING - /home/airflow/.local/lib/python3.10/site-packages/airflow/models/baseoperator.py:437 RemovedInAirflow3Warning: none_failed_or_skipped Trigger Rule is deprecated. Please use `none_failed_min_one_success`.
[2025-11-18T11:17:15.458+0000] {processor.py:840} INFO - DAG(s) '01_demo_basic_dag' retrieved from /opt/airflow/dags/01_demo_basic_dag.py
[2025-11-18T11:17:15.469+0000] {logging_mixin.py:188} INFO - [2025-11-18T11:17:15.469+0000] {dag.py:3033} INFO - Sync 1 DAGs
[2025-11-18T11:17:15.478+0000] {logging_mixin.py:188} INFO - [2025-11-18T11:17:15.478+0000] {dag.py:3820} INFO - Setting next_dagrun for 01_demo_basic_dag to 2025-11-18T08:00:00+00:00, run_after=2025-11-18T10:00:00+00:00
[2025-11-18T11:17:15.486+0000] {processor.py:183} INFO - Processing /opt/airflow/dags/01_demo_basic_dag.py took 0.040 seconds
[2025-11-18T11:17:45.710+0000] {processor.py:161} INFO - Started process (PID=941) to work on /opt/airflow/dags/01_demo_basic_dag.py
[2025-11-18T11:17:45.711+0000] {processor.py:830} INFO - Processing file /opt/airflow/dags/01_demo_basic_dag.py for tasks to queue
[2025-11-18T11:17:45.712+0000] {logging_mixin.py:188} INFO - [2025-11-18T11:17:45.712+0000] {dagbag.py:538} INFO - Filling up the DagBag from /opt/airflow/dags/01_demo_basic_dag.py
[2025-11-18T11:17:45.721+0000] {logging_mixin.py:188} WARNING - /home/airflow/.local/lib/python3.10/site-packages/airflow/models/baseoperator.py:437 RemovedInAirflow3Warning: none_failed_or_skipped Trigger Rule is deprecated. Please use `none_failed_min_one_success`.
[2025-11-18T11:17:45.722+0000] {processor.py:840} INFO - DAG(s) '01_demo_basic_dag' retrieved from /opt/airflow/dags/01_demo_basic_dag.py
[2025-11-18T11:17:45.737+0000] {logging_mixin.py:188} INFO - [2025-11-18T11:17:45.737+0000] {dag.py:3033} INFO - Sync 1 DAGs
[2025-11-18T11:17:45.746+0000] {logging_mixin.py:188} INFO - [2025-11-18T11:17:45.746+0000] {dag.py:3820} INFO - Setting next_dagrun for 01_demo_basic_dag to 2025-11-18T08:00:00+00:00, run_after=2025-11-18T10:00:00+00:00
[2025-11-18T11:17:45.754+0000] {processor.py:183} INFO - Processing /opt/airflow/dags/01_demo_basic_dag.py took 0.045 seconds
[2025-11-18T11:18:15.975+0000] {processor.py:161} INFO - Started process (PID=944) to work on /opt/airflow/dags/01_demo_basic_dag.py
[2025-11-18T11:18:15.976+0000] {processor.py:830} INFO - Processing file /opt/airflow/dags/01_demo_basic_dag.py for tasks to queue
[2025-11-18T11:18:15.977+0000] {logging_mixin.py:188} INFO - [2025-11-18T11:18:15.977+0000] {dagbag.py:538} INFO - Filling up the DagBag from /opt/airflow/dags/01_demo_basic_dag.py
[2025-11-18T11:18:15.987+0000] {logging_mixin.py:188} WARNING - /home/airflow/.local/lib/python3.10/site-packages/airflow/models/baseoperator.py:437 RemovedInAirflow3Warning: none_failed_or_skipped Trigger Rule is deprecated. Please use `none_failed_min_one_success`.
[2025-11-18T11:18:15.989+0000] {processor.py:840} INFO - DAG(s) '01_demo_basic_dag' retrieved from /opt/airflow/dags/01_demo_basic_dag.py
[2025-11-18T11:18:16.005+0000] {logging_mixin.py:188} INFO - [2025-11-18T11:18:16.005+0000] {dag.py:3033} INFO - Sync 1 DAGs
[2025-11-18T11:18:16.016+0000] {logging_mixin.py:188} INFO - [2025-11-18T11:18:16.016+0000] {dag.py:3820} INFO - Setting next_dagrun for 01_demo_basic_dag to 2025-11-18T08:00:00+00:00, run_after=2025-11-18T10:00:00+00:00
[2025-11-18T11:18:16.027+0000] {processor.py:183} INFO - Processing /opt/airflow/dags/01_demo_basic_dag.py took 0.054 seconds
[2025-11-18T11:18:46.269+0000] {processor.py:161} INFO - Started process (PID=947) to work on /opt/airflow/dags/01_demo_basic_dag.py
[2025-11-18T11:18:46.271+0000] {processor.py:830} INFO - Processing file /opt/airflow/dags/01_demo_basic_dag.py for tasks to queue
[2025-11-18T11:18:46.274+0000] {logging_mixin.py:188} INFO - [2025-11-18T11:18:46.273+0000] {dagbag.py:538} INFO - Filling up the DagBag from /opt/airflow/dags/01_demo_basic_dag.py
[2025-11-18T11:18:46.285+0000] {logging_mixin.py:188} WARNING - /home/airflow/.local/lib/python3.10/site-packages/airflow/models/baseoperator.py:437 RemovedInAirflow3Warning: none_failed_or_skipped Trigger Rule is deprecated. Please use `none_failed_min_one_success`.
[2025-11-18T11:18:46.286+0000] {processor.py:840} INFO - DAG(s) '01_demo_basic_dag' retrieved from /opt/airflow/dags/01_demo_basic_dag.py
[2025-11-18T11:18:46.298+0000] {logging_mixin.py:188} INFO - [2025-11-18T11:18:46.298+0000] {dag.py:3033} INFO - Sync 1 DAGs
[2025-11-18T11:18:46.307+0000] {logging_mixin.py:188} INFO - [2025-11-18T11:18:46.307+0000] {dag.py:3820} INFO - Setting next_dagrun for 01_demo_basic_dag to 2025-11-18T08:00:00+00:00, run_after=2025-11-18T10:00:00+00:00
[2025-11-18T11:18:46.315+0000] {processor.py:183} INFO - Processing /opt/airflow/dags/01_demo_basic_dag.py took 0.047 seconds
[2025-11-18T11:19:16.565+0000] {processor.py:161} INFO - Started process (PID=950) to work on /opt/airflow/dags/01_demo_basic_dag.py
[2025-11-18T11:19:16.566+0000] {processor.py:830} INFO - Processing file /opt/airflow/dags/01_demo_basic_dag.py for tasks to queue
[2025-11-18T11:19:16.567+0000] {logging_mixin.py:188} INFO - [2025-11-18T11:19:16.567+0000] {dagbag.py:538} INFO - Filling up the DagBag from /opt/airflow/dags/01_demo_basic_dag.py
[2025-11-18T11:19:16.580+0000] {logging_mixin.py:188} WARNING - /home/airflow/.local/lib/python3.10/site-packages/airflow/models/baseoperator.py:437 RemovedInAirflow3Warning: none_failed_or_skipped Trigger Rule is deprecated. Please use `none_failed_min_one_success`.
[2025-11-18T11:19:16.584+0000] {processor.py:840} INFO - DAG(s) '01_demo_basic_dag' retrieved from /opt/airflow/dags/01_demo_basic_dag.py
[2025-11-18T11:19:16.596+0000] {logging_mixin.py:188} INFO - [2025-11-18T11:19:16.595+0000] {dag.py:3033} INFO - Sync 1 DAGs
[2025-11-18T11:19:16.604+0000] {logging_mixin.py:188} INFO - [2025-11-18T11:19:16.604+0000] {dag.py:3820} INFO - Setting next_dagrun for 01_demo_basic_dag to 2025-11-18T08:00:00+00:00, run_after=2025-11-18T10:00:00+00:00
[2025-11-18T11:19:16.611+0000] {processor.py:183} INFO - Processing /opt/airflow/dags/01_demo_basic_dag.py took 0.048 seconds
[2025-11-18T11:19:46.894+0000] {processor.py:161} INFO - Started process (PID=953) to work on /opt/airflow/dags/01_demo_basic_dag.py
[2025-11-18T11:19:46.895+0000] {processor.py:830} INFO - Processing file /opt/airflow/dags/01_demo_basic_dag.py for tasks to queue
[2025-11-18T11:19:46.899+0000] {logging_mixin.py:188} INFO - [2025-11-18T11:19:46.899+0000] {dagbag.py:538} INFO - Filling up the DagBag from /opt/airflow/dags/01_demo_basic_dag.py
[2025-11-18T11:19:46.907+0000] {logging_mixin.py:188} WARNING - /home/airflow/.local/lib/python3.10/site-packages/airflow/models/baseoperator.py:437 RemovedInAirflow3Warning: none_failed_or_skipped Trigger Rule is deprecated. Please use `none_failed_min_one_success`.
[2025-11-18T11:19:46.908+0000] {processor.py:840} INFO - DAG(s) '01_demo_basic_dag' retrieved from /opt/airflow/dags/01_demo_basic_dag.py
[2025-11-18T11:19:46.924+0000] {logging_mixin.py:188} INFO - [2025-11-18T11:19:46.924+0000] {dag.py:3033} INFO - Sync 1 DAGs
[2025-11-18T11:19:46.934+0000] {logging_mixin.py:188} INFO - [2025-11-18T11:19:46.934+0000] {dag.py:3820} INFO - Setting next_dagrun for 01_demo_basic_dag to 2025-11-18T08:00:00+00:00, run_after=2025-11-18T10:00:00+00:00
[2025-11-18T11:19:46.946+0000] {processor.py:183} INFO - Processing /opt/airflow/dags/01_demo_basic_dag.py took 0.054 seconds
[2025-11-18T11:20:17.208+0000] {processor.py:161} INFO - Started process (PID=956) to work on /opt/airflow/dags/01_demo_basic_dag.py
[2025-11-18T11:20:17.209+0000] {processor.py:830} INFO - Processing file /opt/airflow/dags/01_demo_basic_dag.py for tasks to queue
[2025-11-18T11:20:17.211+0000] {logging_mixin.py:188} INFO - [2025-11-18T11:20:17.211+0000] {dagbag.py:538} INFO - Filling up the DagBag from /opt/airflow/dags/01_demo_basic_dag.py
[2025-11-18T11:20:17.221+0000] {logging_mixin.py:188} WARNING - /home/airflow/.local/lib/python3.10/site-packages/airflow/models/baseoperator.py:437 RemovedInAirflow3Warning: none_failed_or_skipped Trigger Rule is deprecated. Please use `none_failed_min_one_success`.
[2025-11-18T11:20:17.223+0000] {processor.py:840} INFO - DAG(s) '01_demo_basic_dag' retrieved from /opt/airflow/dags/01_demo_basic_dag.py
[2025-11-18T11:20:17.236+0000] {logging_mixin.py:188} INFO - [2025-11-18T11:20:17.236+0000] {dag.py:3033} INFO - Sync 1 DAGs
[2025-11-18T11:20:17.249+0000] {logging_mixin.py:188} INFO - [2025-11-18T11:20:17.249+0000] {dag.py:3820} INFO - Setting next_dagrun for 01_demo_basic_dag to 2025-11-18T08:00:00+00:00, run_after=2025-11-18T10:00:00+00:00
[2025-11-18T11:20:17.257+0000] {processor.py:183} INFO - Processing /opt/airflow/dags/01_demo_basic_dag.py took 0.051 seconds
[2025-11-18T11:20:47.504+0000] {processor.py:161} INFO - Started process (PID=959) to work on /opt/airflow/dags/01_demo_basic_dag.py
[2025-11-18T11:20:47.504+0000] {processor.py:830} INFO - Processing file /opt/airflow/dags/01_demo_basic_dag.py for tasks to queue
[2025-11-18T11:20:47.506+0000] {logging_mixin.py:188} INFO - [2025-11-18T11:20:47.505+0000] {dagbag.py:538} INFO - Filling up the DagBag from /opt/airflow/dags/01_demo_basic_dag.py
[2025-11-18T11:20:47.514+0000] {logging_mixin.py:188} WARNING - /home/airflow/.local/lib/python3.10/site-packages/airflow/models/baseoperator.py:437 RemovedInAirflow3Warning: none_failed_or_skipped Trigger Rule is deprecated. Please use `none_failed_min_one_success`.
[2025-11-18T11:20:47.515+0000] {processor.py:840} INFO - DAG(s) '01_demo_basic_dag' retrieved from /opt/airflow/dags/01_demo_basic_dag.py
[2025-11-18T11:20:47.529+0000] {logging_mixin.py:188} INFO - [2025-11-18T11:20:47.529+0000] {dag.py:3033} INFO - Sync 1 DAGs
[2025-11-18T11:20:47.539+0000] {logging_mixin.py:188} INFO - [2025-11-18T11:20:47.539+0000] {dag.py:3820} INFO - Setting next_dagrun for 01_demo_basic_dag to 2025-11-18T08:00:00+00:00, run_after=2025-11-18T10:00:00+00:00
[2025-11-18T11:20:47.546+0000] {processor.py:183} INFO - Processing /opt/airflow/dags/01_demo_basic_dag.py took 0.044 seconds
[2025-11-18T11:21:17.819+0000] {processor.py:161} INFO - Started process (PID=962) to work on /opt/airflow/dags/01_demo_basic_dag.py
[2025-11-18T11:21:17.820+0000] {processor.py:830} INFO - Processing file /opt/airflow/dags/01_demo_basic_dag.py for tasks to queue
[2025-11-18T11:21:17.822+0000] {logging_mixin.py:188} INFO - [2025-11-18T11:21:17.821+0000] {dagbag.py:538} INFO - Filling up the DagBag from /opt/airflow/dags/01_demo_basic_dag.py
[2025-11-18T11:21:17.830+0000] {logging_mixin.py:188} WARNING - /home/airflow/.local/lib/python3.10/site-packages/airflow/models/baseoperator.py:437 RemovedInAirflow3Warning: none_failed_or_skipped Trigger Rule is deprecated. Please use `none_failed_min_one_success`.
[2025-11-18T11:21:17.832+0000] {processor.py:840} INFO - DAG(s) '01_demo_basic_dag' retrieved from /opt/airflow/dags/01_demo_basic_dag.py
[2025-11-18T11:21:17.846+0000] {logging_mixin.py:188} INFO - [2025-11-18T11:21:17.846+0000] {dag.py:3033} INFO - Sync 1 DAGs
[2025-11-18T11:21:17.857+0000] {logging_mixin.py:188} INFO - [2025-11-18T11:21:17.857+0000] {dag.py:3820} INFO - Setting next_dagrun for 01_demo_basic_dag to 2025-11-18T08:00:00+00:00, run_after=2025-11-18T10:00:00+00:00
[2025-11-18T11:21:17.865+0000] {processor.py:183} INFO - Processing /opt/airflow/dags/01_demo_basic_dag.py took 0.048 seconds
[2025-11-18T11:21:48.215+0000] {processor.py:161} INFO - Started process (PID=965) to work on /opt/airflow/dags/01_demo_basic_dag.py
[2025-11-18T11:21:48.216+0000] {processor.py:830} INFO - Processing file /opt/airflow/dags/01_demo_basic_dag.py for tasks to queue
[2025-11-18T11:21:48.218+0000] {logging_mixin.py:188} INFO - [2025-11-18T11:21:48.218+0000] {dagbag.py:538} INFO - Filling up the DagBag from /opt/airflow/dags/01_demo_basic_dag.py
[2025-11-18T11:21:48.228+0000] {logging_mixin.py:188} WARNING - /home/airflow/.local/lib/python3.10/site-packages/airflow/models/baseoperator.py:437 RemovedInAirflow3Warning: none_failed_or_skipped Trigger Rule is deprecated. Please use `none_failed_min_one_success`.
[2025-11-18T11:21:48.229+0000] {processor.py:840} INFO - DAG(s) '01_demo_basic_dag' retrieved from /opt/airflow/dags/01_demo_basic_dag.py
[2025-11-18T11:21:48.242+0000] {logging_mixin.py:188} INFO - [2025-11-18T11:21:48.242+0000] {dag.py:3033} INFO - Sync 1 DAGs
[2025-11-18T11:21:48.252+0000] {logging_mixin.py:188} INFO - [2025-11-18T11:21:48.252+0000] {dag.py:3820} INFO - Setting next_dagrun for 01_demo_basic_dag to 2025-11-18T08:00:00+00:00, run_after=2025-11-18T10:00:00+00:00
[2025-11-18T11:21:48.260+0000] {processor.py:183} INFO - Processing /opt/airflow/dags/01_demo_basic_dag.py took 0.046 seconds
[2025-11-18T11:22:18.547+0000] {processor.py:161} INFO - Started process (PID=968) to work on /opt/airflow/dags/01_demo_basic_dag.py
[2025-11-18T11:22:18.548+0000] {processor.py:830} INFO - Processing file /opt/airflow/dags/01_demo_basic_dag.py for tasks to queue
[2025-11-18T11:22:18.549+0000] {logging_mixin.py:188} INFO - [2025-11-18T11:22:18.549+0000] {dagbag.py:538} INFO - Filling up the DagBag from /opt/airflow/dags/01_demo_basic_dag.py
[2025-11-18T11:22:18.557+0000] {logging_mixin.py:188} WARNING - /home/airflow/.local/lib/python3.10/site-packages/airflow/models/baseoperator.py:437 RemovedInAirflow3Warning: none_failed_or_skipped Trigger Rule is deprecated. Please use `none_failed_min_one_success`.
[2025-11-18T11:22:18.559+0000] {processor.py:840} INFO - DAG(s) '01_demo_basic_dag' retrieved from /opt/airflow/dags/01_demo_basic_dag.py
[2025-11-18T11:22:18.572+0000] {logging_mixin.py:188} INFO - [2025-11-18T11:22:18.572+0000] {dag.py:3033} INFO - Sync 1 DAGs
[2025-11-18T11:22:18.582+0000] {logging_mixin.py:188} INFO - [2025-11-18T11:22:18.582+0000] {dag.py:3820} INFO - Setting next_dagrun for 01_demo_basic_dag to 2025-11-18T08:00:00+00:00, run_after=2025-11-18T10:00:00+00:00
[2025-11-18T11:22:18.590+0000] {processor.py:183} INFO - Processing /opt/airflow/dags/01_demo_basic_dag.py took 0.045 seconds
[2025-11-18T11:22:48.853+0000] {processor.py:161} INFO - Started process (PID=971) to work on /opt/airflow/dags/01_demo_basic_dag.py
[2025-11-18T11:22:48.854+0000] {processor.py:830} INFO - Processing file /opt/airflow/dags/01_demo_basic_dag.py for tasks to queue
[2025-11-18T11:22:48.857+0000] {logging_mixin.py:188} INFO - [2025-11-18T11:22:48.857+0000] {dagbag.py:538} INFO - Filling up the DagBag from /opt/airflow/dags/01_demo_basic_dag.py
[2025-11-18T11:22:48.868+0000] {logging_mixin.py:188} WARNING - /home/airflow/.local/lib/python3.10/site-packages/airflow/models/baseoperator.py:437 RemovedInAirflow3Warning: none_failed_or_skipped Trigger Rule is deprecated. Please use `none_failed_min_one_success`.
[2025-11-18T11:22:48.869+0000] {processor.py:840} INFO - DAG(s) '01_demo_basic_dag' retrieved from /opt/airflow/dags/01_demo_basic_dag.py
[2025-11-18T11:22:48.884+0000] {logging_mixin.py:188} INFO - [2025-11-18T11:22:48.884+0000] {dag.py:3033} INFO - Sync 1 DAGs
[2025-11-18T11:22:48.894+0000] {logging_mixin.py:188} INFO - [2025-11-18T11:22:48.893+0000] {dag.py:3820} INFO - Setting next_dagrun for 01_demo_basic_dag to 2025-11-18T08:00:00+00:00, run_after=2025-11-18T10:00:00+00:00
[2025-11-18T11:22:48.901+0000] {processor.py:183} INFO - Processing /opt/airflow/dags/01_demo_basic_dag.py took 0.049 seconds
[2025-11-18T11:23:19.207+0000] {processor.py:161} INFO - Started process (PID=974) to work on /opt/airflow/dags/01_demo_basic_dag.py
[2025-11-18T11:23:19.208+0000] {processor.py:830} INFO - Processing file /opt/airflow/dags/01_demo_basic_dag.py for tasks to queue
[2025-11-18T11:23:19.210+0000] {logging_mixin.py:188} INFO - [2025-11-18T11:23:19.210+0000] {dagbag.py:538} INFO - Filling up the DagBag from /opt/airflow/dags/01_demo_basic_dag.py
[2025-11-18T11:23:19.220+0000] {logging_mixin.py:188} WARNING - /home/airflow/.local/lib/python3.10/site-packages/airflow/models/baseoperator.py:437 RemovedInAirflow3Warning: none_failed_or_skipped Trigger Rule is deprecated. Please use `none_failed_min_one_success`.
[2025-11-18T11:23:19.221+0000] {processor.py:840} INFO - DAG(s) '01_demo_basic_dag' retrieved from /opt/airflow/dags/01_demo_basic_dag.py
[2025-11-18T11:23:19.237+0000] {logging_mixin.py:188} INFO - [2025-11-18T11:23:19.237+0000] {dag.py:3033} INFO - Sync 1 DAGs
[2025-11-18T11:23:19.247+0000] {logging_mixin.py:188} INFO - [2025-11-18T11:23:19.247+0000] {dag.py:3820} INFO - Setting next_dagrun for 01_demo_basic_dag to 2025-11-18T08:00:00+00:00, run_after=2025-11-18T10:00:00+00:00
[2025-11-18T11:23:19.257+0000] {processor.py:183} INFO - Processing /opt/airflow/dags/01_demo_basic_dag.py took 0.052 seconds
[2025-11-18T11:23:49.528+0000] {processor.py:161} INFO - Started process (PID=977) to work on /opt/airflow/dags/01_demo_basic_dag.py
[2025-11-18T11:23:49.529+0000] {processor.py:830} INFO - Processing file /opt/airflow/dags/01_demo_basic_dag.py for tasks to queue
[2025-11-18T11:23:49.531+0000] {logging_mixin.py:188} INFO - [2025-11-18T11:23:49.530+0000] {dagbag.py:538} INFO - Filling up the DagBag from /opt/airflow/dags/01_demo_basic_dag.py
[2025-11-18T11:23:49.539+0000] {logging_mixin.py:188} WARNING - /home/airflow/.local/lib/python3.10/site-packages/airflow/models/baseoperator.py:437 RemovedInAirflow3Warning: none_failed_or_skipped Trigger Rule is deprecated. Please use `none_failed_min_one_success`.
[2025-11-18T11:23:49.540+0000] {processor.py:840} INFO - DAG(s) '01_demo_basic_dag' retrieved from /opt/airflow/dags/01_demo_basic_dag.py
[2025-11-18T11:23:49.551+0000] {logging_mixin.py:188} INFO - [2025-11-18T11:23:49.551+0000] {dag.py:3033} INFO - Sync 1 DAGs
[2025-11-18T11:23:49.561+0000] {logging_mixin.py:188} INFO - [2025-11-18T11:23:49.561+0000] {dag.py:3820} INFO - Setting next_dagrun for 01_demo_basic_dag to 2025-11-18T08:00:00+00:00, run_after=2025-11-18T10:00:00+00:00
[2025-11-18T11:23:49.571+0000] {processor.py:183} INFO - Processing /opt/airflow/dags/01_demo_basic_dag.py took 0.045 seconds
[2025-11-18T11:24:19.805+0000] {processor.py:161} INFO - Started process (PID=980) to work on /opt/airflow/dags/01_demo_basic_dag.py
[2025-11-18T11:24:19.805+0000] {processor.py:830} INFO - Processing file /opt/airflow/dags/01_demo_basic_dag.py for tasks to queue
[2025-11-18T11:24:19.808+0000] {logging_mixin.py:188} INFO - [2025-11-18T11:24:19.807+0000] {dagbag.py:538} INFO - Filling up the DagBag from /opt/airflow/dags/01_demo_basic_dag.py
[2025-11-18T11:24:19.823+0000] {logging_mixin.py:188} WARNING - /home/airflow/.local/lib/python3.10/site-packages/airflow/models/baseoperator.py:437 RemovedInAirflow3Warning: none_failed_or_skipped Trigger Rule is deprecated. Please use `none_failed_min_one_success`.
[2025-11-18T11:24:19.824+0000] {processor.py:840} INFO - DAG(s) '01_demo_basic_dag' retrieved from /opt/airflow/dags/01_demo_basic_dag.py
[2025-11-18T11:24:19.836+0000] {logging_mixin.py:188} INFO - [2025-11-18T11:24:19.836+0000] {dag.py:3033} INFO - Sync 1 DAGs
[2025-11-18T11:24:19.846+0000] {logging_mixin.py:188} INFO - [2025-11-18T11:24:19.846+0000] {dag.py:3820} INFO - Setting next_dagrun for 01_demo_basic_dag to 2025-11-18T08:00:00+00:00, run_after=2025-11-18T10:00:00+00:00
[2025-11-18T11:24:19.853+0000] {processor.py:183} INFO - Processing /opt/airflow/dags/01_demo_basic_dag.py took 0.050 seconds
[2025-11-18T11:24:50.101+0000] {processor.py:161} INFO - Started process (PID=983) to work on /opt/airflow/dags/01_demo_basic_dag.py
[2025-11-18T11:24:50.102+0000] {processor.py:830} INFO - Processing file /opt/airflow/dags/01_demo_basic_dag.py for tasks to queue
[2025-11-18T11:24:50.104+0000] {logging_mixin.py:188} INFO - [2025-11-18T11:24:50.104+0000] {dagbag.py:538} INFO - Filling up the DagBag from /opt/airflow/dags/01_demo_basic_dag.py
[2025-11-18T11:24:50.115+0000] {logging_mixin.py:188} WARNING - /home/airflow/.local/lib/python3.10/site-packages/airflow/models/baseoperator.py:437 RemovedInAirflow3Warning: none_failed_or_skipped Trigger Rule is deprecated. Please use `none_failed_min_one_success`.
[2025-11-18T11:24:50.117+0000] {processor.py:840} INFO - DAG(s) '01_demo_basic_dag' retrieved from /opt/airflow/dags/01_demo_basic_dag.py
[2025-11-18T11:24:50.128+0000] {logging_mixin.py:188} INFO - [2025-11-18T11:24:50.128+0000] {dag.py:3033} INFO - Sync 1 DAGs
[2025-11-18T11:24:50.138+0000] {logging_mixin.py:188} INFO - [2025-11-18T11:24:50.138+0000] {dag.py:3820} INFO - Setting next_dagrun for 01_demo_basic_dag to 2025-11-18T08:00:00+00:00, run_after=2025-11-18T10:00:00+00:00
[2025-11-18T11:24:50.148+0000] {processor.py:183} INFO - Processing /opt/airflow/dags/01_demo_basic_dag.py took 0.048 seconds
[2025-11-18T11:25:20.384+0000] {processor.py:161} INFO - Started process (PID=986) to work on /opt/airflow/dags/01_demo_basic_dag.py
[2025-11-18T11:25:20.385+0000] {processor.py:830} INFO - Processing file /opt/airflow/dags/01_demo_basic_dag.py for tasks to queue
[2025-11-18T11:25:20.387+0000] {logging_mixin.py:188} INFO - [2025-11-18T11:25:20.387+0000] {dagbag.py:538} INFO - Filling up the DagBag from /opt/airflow/dags/01_demo_basic_dag.py
[2025-11-18T11:25:20.399+0000] {logging_mixin.py:188} WARNING - /home/airflow/.local/lib/python3.10/site-packages/airflow/models/baseoperator.py:437 RemovedInAirflow3Warning: none_failed_or_skipped Trigger Rule is deprecated. Please use `none_failed_min_one_success`.
[2025-11-18T11:25:20.400+0000] {processor.py:840} INFO - DAG(s) '01_demo_basic_dag' retrieved from /opt/airflow/dags/01_demo_basic_dag.py
[2025-11-18T11:25:20.413+0000] {logging_mixin.py:188} INFO - [2025-11-18T11:25:20.412+0000] {dag.py:3033} INFO - Sync 1 DAGs
[2025-11-18T11:25:20.422+0000] {logging_mixin.py:188} INFO - [2025-11-18T11:25:20.422+0000] {dag.py:3820} INFO - Setting next_dagrun for 01_demo_basic_dag to 2025-11-18T08:00:00+00:00, run_after=2025-11-18T10:00:00+00:00
[2025-11-18T11:25:20.431+0000] {processor.py:183} INFO - Processing /opt/airflow/dags/01_demo_basic_dag.py took 0.048 seconds
[2025-11-18T11:25:50.652+0000] {processor.py:161} INFO - Started process (PID=989) to work on /opt/airflow/dags/01_demo_basic_dag.py
[2025-11-18T11:25:50.654+0000] {processor.py:830} INFO - Processing file /opt/airflow/dags/01_demo_basic_dag.py for tasks to queue
[2025-11-18T11:25:50.658+0000] {logging_mixin.py:188} INFO - [2025-11-18T11:25:50.658+0000] {dagbag.py:538} INFO - Filling up the DagBag from /opt/airflow/dags/01_demo_basic_dag.py
[2025-11-18T11:25:50.665+0000] {logging_mixin.py:188} WARNING - /home/airflow/.local/lib/python3.10/site-packages/airflow/models/baseoperator.py:437 RemovedInAirflow3Warning: none_failed_or_skipped Trigger Rule is deprecated. Please use `none_failed_min_one_success`.
[2025-11-18T11:25:50.666+0000] {processor.py:840} INFO - DAG(s) '01_demo_basic_dag' retrieved from /opt/airflow/dags/01_demo_basic_dag.py
[2025-11-18T11:25:50.680+0000] {logging_mixin.py:188} INFO - [2025-11-18T11:25:50.679+0000] {dag.py:3033} INFO - Sync 1 DAGs
[2025-11-18T11:25:50.690+0000] {logging_mixin.py:188} INFO - [2025-11-18T11:25:50.690+0000] {dag.py:3820} INFO - Setting next_dagrun for 01_demo_basic_dag to 2025-11-18T08:00:00+00:00, run_after=2025-11-18T10:00:00+00:00
[2025-11-18T11:25:50.699+0000] {processor.py:183} INFO - Processing /opt/airflow/dags/01_demo_basic_dag.py took 0.049 seconds
