[2025-11-18T03:36:14.900+0000] {processor.py:161} INFO - Started process (PID=37) to work on /opt/airflow/dags/02_demo_advanced_patterns.py
[2025-11-18T03:36:14.902+0000] {processor.py:830} INFO - Processing file /opt/airflow/dags/02_demo_advanced_patterns.py for tasks to queue
[2025-11-18T03:36:14.903+0000] {logging_mixin.py:188} INFO - [2025-11-18T03:36:14.903+0000] {dagbag.py:538} INFO - Filling up the DagBag from /opt/airflow/dags/02_demo_advanced_patterns.py
[2025-11-18T03:36:15.684+0000] {logging_mixin.py:188} WARNING - /home/airflow/.local/lib/python3.10/site-packages/airflow/models/baseoperator.py:437 RemovedInAirflow3Warning: provide_context is deprecated as of 2.0 and is no longer required
[2025-11-18T03:36:15.686+0000] {logging_mixin.py:188} WARNING - /home/airflow/.local/lib/python3.10/site-packages/airflow/models/baseoperator.py:437 RemovedInAirflow3Warning: none_failed_or_skipped Trigger Rule is deprecated. Please use `none_failed_min_one_success`.
[2025-11-18T03:36:15.689+0000] {processor.py:840} INFO - DAG(s) '02_demo_advanced_patterns' retrieved from /opt/airflow/dags/02_demo_advanced_patterns.py
[2025-11-18T03:36:15.754+0000] {logging_mixin.py:188} INFO - [2025-11-18T03:36:15.754+0000] {override.py:1769} INFO - Created Permission View: can delete on DAG:02_demo_advanced_patterns
[2025-11-18T03:36:15.760+0000] {logging_mixin.py:188} INFO - [2025-11-18T03:36:15.760+0000] {override.py:1769} INFO - Created Permission View: can read on DAG:02_demo_advanced_patterns
[2025-11-18T03:36:15.764+0000] {logging_mixin.py:188} INFO - [2025-11-18T03:36:15.763+0000] {override.py:1769} INFO - Created Permission View: can edit on DAG:02_demo_advanced_patterns
[2025-11-18T03:36:15.764+0000] {logging_mixin.py:188} INFO - [2025-11-18T03:36:15.764+0000] {dag.py:3033} INFO - Sync 1 DAGs
[2025-11-18T03:36:15.770+0000] {logging_mixin.py:188} INFO - [2025-11-18T03:36:15.770+0000] {dag.py:3055} INFO - Creating ORM DAG for 02_demo_advanced_patterns
[2025-11-18T03:36:15.776+0000] {logging_mixin.py:188} INFO - [2025-11-18T03:36:15.776+0000] {dag.py:3820} INFO - Setting next_dagrun for 02_demo_advanced_patterns to 2025-11-17T00:00:00+00:00, run_after=2025-11-18T00:00:00+00:00
[2025-11-18T03:36:15.786+0000] {processor.py:183} INFO - Processing /opt/airflow/dags/02_demo_advanced_patterns.py took 0.888 seconds
[2025-11-18T03:36:46.366+0000] {processor.py:161} INFO - Started process (PID=41) to work on /opt/airflow/dags/02_demo_advanced_patterns.py
[2025-11-18T03:36:46.367+0000] {processor.py:830} INFO - Processing file /opt/airflow/dags/02_demo_advanced_patterns.py for tasks to queue
[2025-11-18T03:36:46.368+0000] {logging_mixin.py:188} INFO - [2025-11-18T03:36:46.368+0000] {dagbag.py:538} INFO - Filling up the DagBag from /opt/airflow/dags/02_demo_advanced_patterns.py
[2025-11-18T03:36:46.473+0000] {logging_mixin.py:188} WARNING - /home/airflow/.local/lib/python3.10/site-packages/airflow/models/baseoperator.py:437 RemovedInAirflow3Warning: provide_context is deprecated as of 2.0 and is no longer required
[2025-11-18T03:36:46.474+0000] {logging_mixin.py:188} WARNING - /home/airflow/.local/lib/python3.10/site-packages/airflow/models/baseoperator.py:437 RemovedInAirflow3Warning: none_failed_or_skipped Trigger Rule is deprecated. Please use `none_failed_min_one_success`.
[2025-11-18T03:36:46.476+0000] {processor.py:840} INFO - DAG(s) '02_demo_advanced_patterns' retrieved from /opt/airflow/dags/02_demo_advanced_patterns.py
[2025-11-18T03:36:46.487+0000] {logging_mixin.py:188} INFO - [2025-11-18T03:36:46.487+0000] {dag.py:3033} INFO - Sync 1 DAGs
[2025-11-18T03:36:46.561+0000] {logging_mixin.py:188} INFO - [2025-11-18T03:36:46.561+0000] {dag.py:3820} INFO - Setting next_dagrun for 02_demo_advanced_patterns to 2025-11-17T00:00:00+00:00, run_after=2025-11-18T00:00:00+00:00
[2025-11-18T03:36:46.570+0000] {processor.py:183} INFO - Processing /opt/airflow/dags/02_demo_advanced_patterns.py took 0.205 seconds
[2025-11-18T03:37:16.606+0000] {processor.py:161} INFO - Started process (PID=44) to work on /opt/airflow/dags/02_demo_advanced_patterns.py
[2025-11-18T03:37:16.607+0000] {processor.py:830} INFO - Processing file /opt/airflow/dags/02_demo_advanced_patterns.py for tasks to queue
[2025-11-18T03:37:16.608+0000] {logging_mixin.py:188} INFO - [2025-11-18T03:37:16.608+0000] {dagbag.py:538} INFO - Filling up the DagBag from /opt/airflow/dags/02_demo_advanced_patterns.py
[2025-11-18T03:37:16.718+0000] {logging_mixin.py:188} WARNING - /home/airflow/.local/lib/python3.10/site-packages/airflow/models/baseoperator.py:437 RemovedInAirflow3Warning: provide_context is deprecated as of 2.0 and is no longer required
[2025-11-18T03:37:16.719+0000] {logging_mixin.py:188} WARNING - /home/airflow/.local/lib/python3.10/site-packages/airflow/models/baseoperator.py:437 RemovedInAirflow3Warning: none_failed_or_skipped Trigger Rule is deprecated. Please use `none_failed_min_one_success`.
[2025-11-18T03:37:16.794+0000] {processor.py:840} INFO - DAG(s) '02_demo_advanced_patterns' retrieved from /opt/airflow/dags/02_demo_advanced_patterns.py
[2025-11-18T03:37:16.804+0000] {logging_mixin.py:188} INFO - [2025-11-18T03:37:16.804+0000] {dag.py:3033} INFO - Sync 1 DAGs
[2025-11-18T03:37:16.812+0000] {logging_mixin.py:188} INFO - [2025-11-18T03:37:16.812+0000] {dag.py:3820} INFO - Setting next_dagrun for 02_demo_advanced_patterns to 2025-11-17T00:00:00+00:00, run_after=2025-11-18T00:00:00+00:00
[2025-11-18T03:37:16.819+0000] {processor.py:183} INFO - Processing /opt/airflow/dags/02_demo_advanced_patterns.py took 0.215 seconds
[2025-11-18T03:37:46.848+0000] {processor.py:161} INFO - Started process (PID=47) to work on /opt/airflow/dags/02_demo_advanced_patterns.py
[2025-11-18T03:37:46.848+0000] {processor.py:830} INFO - Processing file /opt/airflow/dags/02_demo_advanced_patterns.py for tasks to queue
[2025-11-18T03:37:46.849+0000] {logging_mixin.py:188} INFO - [2025-11-18T03:37:46.849+0000] {dagbag.py:538} INFO - Filling up the DagBag from /opt/airflow/dags/02_demo_advanced_patterns.py
[2025-11-18T03:37:46.958+0000] {logging_mixin.py:188} WARNING - /home/airflow/.local/lib/python3.10/site-packages/airflow/models/baseoperator.py:437 RemovedInAirflow3Warning: provide_context is deprecated as of 2.0 and is no longer required
[2025-11-18T03:37:46.959+0000] {logging_mixin.py:188} WARNING - /home/airflow/.local/lib/python3.10/site-packages/airflow/models/baseoperator.py:437 RemovedInAirflow3Warning: none_failed_or_skipped Trigger Rule is deprecated. Please use `none_failed_min_one_success`.
[2025-11-18T03:37:46.961+0000] {processor.py:840} INFO - DAG(s) '02_demo_advanced_patterns' retrieved from /opt/airflow/dags/02_demo_advanced_patterns.py
[2025-11-18T03:37:46.973+0000] {logging_mixin.py:188} INFO - [2025-11-18T03:37:46.973+0000] {dag.py:3033} INFO - Sync 1 DAGs
[2025-11-18T03:37:47.055+0000] {logging_mixin.py:188} INFO - [2025-11-18T03:37:47.055+0000] {dag.py:3820} INFO - Setting next_dagrun for 02_demo_advanced_patterns to 2025-11-17T00:00:00+00:00, run_after=2025-11-18T00:00:00+00:00
[2025-11-18T03:37:47.062+0000] {processor.py:183} INFO - Processing /opt/airflow/dags/02_demo_advanced_patterns.py took 0.216 seconds
[2025-11-18T03:38:17.111+0000] {processor.py:161} INFO - Started process (PID=50) to work on /opt/airflow/dags/02_demo_advanced_patterns.py
[2025-11-18T03:38:17.111+0000] {processor.py:830} INFO - Processing file /opt/airflow/dags/02_demo_advanced_patterns.py for tasks to queue
[2025-11-18T03:38:17.113+0000] {logging_mixin.py:188} INFO - [2025-11-18T03:38:17.112+0000] {dagbag.py:538} INFO - Filling up the DagBag from /opt/airflow/dags/02_demo_advanced_patterns.py
[2025-11-18T03:38:17.239+0000] {logging_mixin.py:188} WARNING - /home/airflow/.local/lib/python3.10/site-packages/airflow/models/baseoperator.py:437 RemovedInAirflow3Warning: provide_context is deprecated as of 2.0 and is no longer required
[2025-11-18T03:38:17.240+0000] {logging_mixin.py:188} WARNING - /home/airflow/.local/lib/python3.10/site-packages/airflow/models/baseoperator.py:437 RemovedInAirflow3Warning: none_failed_or_skipped Trigger Rule is deprecated. Please use `none_failed_min_one_success`.
[2025-11-18T03:38:17.243+0000] {processor.py:840} INFO - DAG(s) '02_demo_advanced_patterns' retrieved from /opt/airflow/dags/02_demo_advanced_patterns.py
[2025-11-18T03:38:17.335+0000] {logging_mixin.py:188} INFO - [2025-11-18T03:38:17.335+0000] {dag.py:3033} INFO - Sync 1 DAGs
[2025-11-18T03:38:17.343+0000] {logging_mixin.py:188} INFO - [2025-11-18T03:38:17.343+0000] {dag.py:3820} INFO - Setting next_dagrun for 02_demo_advanced_patterns to 2025-11-17T00:00:00+00:00, run_after=2025-11-18T00:00:00+00:00
[2025-11-18T03:38:17.350+0000] {processor.py:183} INFO - Processing /opt/airflow/dags/02_demo_advanced_patterns.py took 0.241 seconds
[2025-11-18T03:38:47.375+0000] {processor.py:161} INFO - Started process (PID=53) to work on /opt/airflow/dags/02_demo_advanced_patterns.py
[2025-11-18T03:38:47.375+0000] {processor.py:830} INFO - Processing file /opt/airflow/dags/02_demo_advanced_patterns.py for tasks to queue
[2025-11-18T03:38:47.376+0000] {logging_mixin.py:188} INFO - [2025-11-18T03:38:47.376+0000] {dagbag.py:538} INFO - Filling up the DagBag from /opt/airflow/dags/02_demo_advanced_patterns.py
[2025-11-18T03:38:47.577+0000] {logging_mixin.py:188} WARNING - /home/airflow/.local/lib/python3.10/site-packages/airflow/models/baseoperator.py:437 RemovedInAirflow3Warning: provide_context is deprecated as of 2.0 and is no longer required
[2025-11-18T03:38:47.578+0000] {logging_mixin.py:188} WARNING - /home/airflow/.local/lib/python3.10/site-packages/airflow/models/baseoperator.py:437 RemovedInAirflow3Warning: none_failed_or_skipped Trigger Rule is deprecated. Please use `none_failed_min_one_success`.
[2025-11-18T03:38:47.580+0000] {processor.py:840} INFO - DAG(s) '02_demo_advanced_patterns' retrieved from /opt/airflow/dags/02_demo_advanced_patterns.py
[2025-11-18T03:38:47.591+0000] {logging_mixin.py:188} INFO - [2025-11-18T03:38:47.590+0000] {dag.py:3033} INFO - Sync 1 DAGs
[2025-11-18T03:38:47.600+0000] {logging_mixin.py:188} INFO - [2025-11-18T03:38:47.600+0000] {dag.py:3820} INFO - Setting next_dagrun for 02_demo_advanced_patterns to 2025-11-17T00:00:00+00:00, run_after=2025-11-18T00:00:00+00:00
[2025-11-18T03:38:47.607+0000] {processor.py:183} INFO - Processing /opt/airflow/dags/02_demo_advanced_patterns.py took 0.234 seconds
[2025-11-18T03:39:17.632+0000] {processor.py:161} INFO - Started process (PID=56) to work on /opt/airflow/dags/02_demo_advanced_patterns.py
[2025-11-18T03:39:17.632+0000] {processor.py:830} INFO - Processing file /opt/airflow/dags/02_demo_advanced_patterns.py for tasks to queue
[2025-11-18T03:39:17.633+0000] {logging_mixin.py:188} INFO - [2025-11-18T03:39:17.633+0000] {dagbag.py:538} INFO - Filling up the DagBag from /opt/airflow/dags/02_demo_advanced_patterns.py
[2025-11-18T03:39:17.751+0000] {logging_mixin.py:188} WARNING - /home/airflow/.local/lib/python3.10/site-packages/airflow/models/baseoperator.py:437 RemovedInAirflow3Warning: provide_context is deprecated as of 2.0 and is no longer required
[2025-11-18T03:39:17.752+0000] {logging_mixin.py:188} WARNING - /home/airflow/.local/lib/python3.10/site-packages/airflow/models/baseoperator.py:437 RemovedInAirflow3Warning: none_failed_or_skipped Trigger Rule is deprecated. Please use `none_failed_min_one_success`.
[2025-11-18T03:39:17.754+0000] {processor.py:840} INFO - DAG(s) '02_demo_advanced_patterns' retrieved from /opt/airflow/dags/02_demo_advanced_patterns.py
[2025-11-18T03:39:17.766+0000] {logging_mixin.py:188} INFO - [2025-11-18T03:39:17.765+0000] {dag.py:3033} INFO - Sync 1 DAGs
[2025-11-18T03:39:17.846+0000] {logging_mixin.py:188} INFO - [2025-11-18T03:39:17.846+0000] {dag.py:3820} INFO - Setting next_dagrun for 02_demo_advanced_patterns to 2025-11-17T00:00:00+00:00, run_after=2025-11-18T00:00:00+00:00
[2025-11-18T03:39:17.854+0000] {processor.py:183} INFO - Processing /opt/airflow/dags/02_demo_advanced_patterns.py took 0.224 seconds
[2025-11-18T03:39:47.894+0000] {processor.py:161} INFO - Started process (PID=59) to work on /opt/airflow/dags/02_demo_advanced_patterns.py
[2025-11-18T03:39:47.895+0000] {processor.py:830} INFO - Processing file /opt/airflow/dags/02_demo_advanced_patterns.py for tasks to queue
[2025-11-18T03:39:47.896+0000] {logging_mixin.py:188} INFO - [2025-11-18T03:39:47.896+0000] {dagbag.py:538} INFO - Filling up the DagBag from /opt/airflow/dags/02_demo_advanced_patterns.py
[2025-11-18T03:39:48.083+0000] {logging_mixin.py:188} WARNING - /home/airflow/.local/lib/python3.10/site-packages/airflow/models/baseoperator.py:437 RemovedInAirflow3Warning: provide_context is deprecated as of 2.0 and is no longer required
[2025-11-18T03:39:48.084+0000] {logging_mixin.py:188} WARNING - /home/airflow/.local/lib/python3.10/site-packages/airflow/models/baseoperator.py:437 RemovedInAirflow3Warning: none_failed_or_skipped Trigger Rule is deprecated. Please use `none_failed_min_one_success`.
[2025-11-18T03:39:48.086+0000] {processor.py:840} INFO - DAG(s) '02_demo_advanced_patterns' retrieved from /opt/airflow/dags/02_demo_advanced_patterns.py
[2025-11-18T03:39:48.096+0000] {logging_mixin.py:188} INFO - [2025-11-18T03:39:48.096+0000] {dag.py:3033} INFO - Sync 1 DAGs
[2025-11-18T03:39:48.105+0000] {logging_mixin.py:188} INFO - [2025-11-18T03:39:48.104+0000] {dag.py:3820} INFO - Setting next_dagrun for 02_demo_advanced_patterns to 2025-11-17T00:00:00+00:00, run_after=2025-11-18T00:00:00+00:00
[2025-11-18T03:39:48.111+0000] {processor.py:183} INFO - Processing /opt/airflow/dags/02_demo_advanced_patterns.py took 0.220 seconds
[2025-11-18T03:40:18.180+0000] {processor.py:161} INFO - Started process (PID=62) to work on /opt/airflow/dags/02_demo_advanced_patterns.py
[2025-11-18T03:40:18.180+0000] {processor.py:830} INFO - Processing file /opt/airflow/dags/02_demo_advanced_patterns.py for tasks to queue
[2025-11-18T03:40:18.181+0000] {logging_mixin.py:188} INFO - [2025-11-18T03:40:18.181+0000] {dagbag.py:538} INFO - Filling up the DagBag from /opt/airflow/dags/02_demo_advanced_patterns.py
[2025-11-18T03:40:18.356+0000] {logging_mixin.py:188} WARNING - /home/airflow/.local/lib/python3.10/site-packages/airflow/models/baseoperator.py:437 RemovedInAirflow3Warning: provide_context is deprecated as of 2.0 and is no longer required
[2025-11-18T03:40:18.357+0000] {logging_mixin.py:188} WARNING - /home/airflow/.local/lib/python3.10/site-packages/airflow/models/baseoperator.py:437 RemovedInAirflow3Warning: none_failed_or_skipped Trigger Rule is deprecated. Please use `none_failed_min_one_success`.
[2025-11-18T03:40:18.359+0000] {processor.py:840} INFO - DAG(s) '02_demo_advanced_patterns' retrieved from /opt/airflow/dags/02_demo_advanced_patterns.py
[2025-11-18T03:40:18.369+0000] {logging_mixin.py:188} INFO - [2025-11-18T03:40:18.369+0000] {dag.py:3033} INFO - Sync 1 DAGs
[2025-11-18T03:40:18.378+0000] {logging_mixin.py:188} INFO - [2025-11-18T03:40:18.378+0000] {dag.py:3820} INFO - Setting next_dagrun for 02_demo_advanced_patterns to 2025-11-17T00:00:00+00:00, run_after=2025-11-18T00:00:00+00:00
[2025-11-18T03:40:18.385+0000] {processor.py:183} INFO - Processing /opt/airflow/dags/02_demo_advanced_patterns.py took 0.207 seconds
[2025-11-18T03:40:48.446+0000] {processor.py:161} INFO - Started process (PID=65) to work on /opt/airflow/dags/02_demo_advanced_patterns.py
[2025-11-18T03:40:48.447+0000] {processor.py:830} INFO - Processing file /opt/airflow/dags/02_demo_advanced_patterns.py for tasks to queue
[2025-11-18T03:40:48.448+0000] {logging_mixin.py:188} INFO - [2025-11-18T03:40:48.448+0000] {dagbag.py:538} INFO - Filling up the DagBag from /opt/airflow/dags/02_demo_advanced_patterns.py
[2025-11-18T03:40:48.568+0000] {logging_mixin.py:188} WARNING - /home/airflow/.local/lib/python3.10/site-packages/airflow/models/baseoperator.py:437 RemovedInAirflow3Warning: provide_context is deprecated as of 2.0 and is no longer required
[2025-11-18T03:40:48.569+0000] {logging_mixin.py:188} WARNING - /home/airflow/.local/lib/python3.10/site-packages/airflow/models/baseoperator.py:437 RemovedInAirflow3Warning: none_failed_or_skipped Trigger Rule is deprecated. Please use `none_failed_min_one_success`.
[2025-11-18T03:40:48.572+0000] {processor.py:840} INFO - DAG(s) '02_demo_advanced_patterns' retrieved from /opt/airflow/dags/02_demo_advanced_patterns.py
[2025-11-18T03:40:48.660+0000] {logging_mixin.py:188} INFO - [2025-11-18T03:40:48.660+0000] {dag.py:3033} INFO - Sync 1 DAGs
[2025-11-18T03:40:48.671+0000] {logging_mixin.py:188} INFO - [2025-11-18T03:40:48.671+0000] {dag.py:3820} INFO - Setting next_dagrun for 02_demo_advanced_patterns to 2025-11-17T00:00:00+00:00, run_after=2025-11-18T00:00:00+00:00
[2025-11-18T03:40:48.678+0000] {processor.py:183} INFO - Processing /opt/airflow/dags/02_demo_advanced_patterns.py took 0.234 seconds
[2025-11-18T03:41:18.707+0000] {processor.py:161} INFO - Started process (PID=68) to work on /opt/airflow/dags/02_demo_advanced_patterns.py
[2025-11-18T03:41:18.708+0000] {processor.py:830} INFO - Processing file /opt/airflow/dags/02_demo_advanced_patterns.py for tasks to queue
[2025-11-18T03:41:18.710+0000] {logging_mixin.py:188} INFO - [2025-11-18T03:41:18.710+0000] {dagbag.py:538} INFO - Filling up the DagBag from /opt/airflow/dags/02_demo_advanced_patterns.py
[2025-11-18T03:41:18.903+0000] {logging_mixin.py:188} WARNING - /home/airflow/.local/lib/python3.10/site-packages/airflow/models/baseoperator.py:437 RemovedInAirflow3Warning: provide_context is deprecated as of 2.0 and is no longer required
[2025-11-18T03:41:18.904+0000] {logging_mixin.py:188} WARNING - /home/airflow/.local/lib/python3.10/site-packages/airflow/models/baseoperator.py:437 RemovedInAirflow3Warning: none_failed_or_skipped Trigger Rule is deprecated. Please use `none_failed_min_one_success`.
[2025-11-18T03:41:18.906+0000] {processor.py:840} INFO - DAG(s) '02_demo_advanced_patterns' retrieved from /opt/airflow/dags/02_demo_advanced_patterns.py
[2025-11-18T03:41:18.916+0000] {logging_mixin.py:188} INFO - [2025-11-18T03:41:18.916+0000] {dag.py:3033} INFO - Sync 1 DAGs
[2025-11-18T03:41:18.924+0000] {logging_mixin.py:188} INFO - [2025-11-18T03:41:18.924+0000] {dag.py:3820} INFO - Setting next_dagrun for 02_demo_advanced_patterns to 2025-11-17T00:00:00+00:00, run_after=2025-11-18T00:00:00+00:00
[2025-11-18T03:41:18.932+0000] {processor.py:183} INFO - Processing /opt/airflow/dags/02_demo_advanced_patterns.py took 0.227 seconds
[2025-11-18T03:41:48.961+0000] {processor.py:161} INFO - Started process (PID=71) to work on /opt/airflow/dags/02_demo_advanced_patterns.py
[2025-11-18T03:41:48.961+0000] {processor.py:830} INFO - Processing file /opt/airflow/dags/02_demo_advanced_patterns.py for tasks to queue
[2025-11-18T03:41:48.962+0000] {logging_mixin.py:188} INFO - [2025-11-18T03:41:48.962+0000] {dagbag.py:538} INFO - Filling up the DagBag from /opt/airflow/dags/02_demo_advanced_patterns.py
[2025-11-18T03:41:49.142+0000] {logging_mixin.py:188} WARNING - /home/airflow/.local/lib/python3.10/site-packages/airflow/models/baseoperator.py:437 RemovedInAirflow3Warning: provide_context is deprecated as of 2.0 and is no longer required
[2025-11-18T03:41:49.143+0000] {logging_mixin.py:188} WARNING - /home/airflow/.local/lib/python3.10/site-packages/airflow/models/baseoperator.py:437 RemovedInAirflow3Warning: none_failed_or_skipped Trigger Rule is deprecated. Please use `none_failed_min_one_success`.
[2025-11-18T03:41:49.145+0000] {processor.py:840} INFO - DAG(s) '02_demo_advanced_patterns' retrieved from /opt/airflow/dags/02_demo_advanced_patterns.py
[2025-11-18T03:41:49.155+0000] {logging_mixin.py:188} INFO - [2025-11-18T03:41:49.155+0000] {dag.py:3033} INFO - Sync 1 DAGs
[2025-11-18T03:41:49.164+0000] {logging_mixin.py:188} INFO - [2025-11-18T03:41:49.164+0000] {dag.py:3820} INFO - Setting next_dagrun for 02_demo_advanced_patterns to 2025-11-17T00:00:00+00:00, run_after=2025-11-18T00:00:00+00:00
[2025-11-18T03:41:49.171+0000] {processor.py:183} INFO - Processing /opt/airflow/dags/02_demo_advanced_patterns.py took 0.212 seconds
[2025-11-18T03:42:19.215+0000] {processor.py:161} INFO - Started process (PID=74) to work on /opt/airflow/dags/02_demo_advanced_patterns.py
[2025-11-18T03:42:19.215+0000] {processor.py:830} INFO - Processing file /opt/airflow/dags/02_demo_advanced_patterns.py for tasks to queue
[2025-11-18T03:42:19.216+0000] {logging_mixin.py:188} INFO - [2025-11-18T03:42:19.216+0000] {dagbag.py:538} INFO - Filling up the DagBag from /opt/airflow/dags/02_demo_advanced_patterns.py
[2025-11-18T03:42:19.407+0000] {logging_mixin.py:188} WARNING - /home/airflow/.local/lib/python3.10/site-packages/airflow/models/baseoperator.py:437 RemovedInAirflow3Warning: provide_context is deprecated as of 2.0 and is no longer required
[2025-11-18T03:42:19.408+0000] {logging_mixin.py:188} WARNING - /home/airflow/.local/lib/python3.10/site-packages/airflow/models/baseoperator.py:437 RemovedInAirflow3Warning: none_failed_or_skipped Trigger Rule is deprecated. Please use `none_failed_min_one_success`.
[2025-11-18T03:42:19.410+0000] {processor.py:840} INFO - DAG(s) '02_demo_advanced_patterns' retrieved from /opt/airflow/dags/02_demo_advanced_patterns.py
[2025-11-18T03:42:19.419+0000] {logging_mixin.py:188} INFO - [2025-11-18T03:42:19.419+0000] {dag.py:3033} INFO - Sync 1 DAGs
[2025-11-18T03:42:19.427+0000] {logging_mixin.py:188} INFO - [2025-11-18T03:42:19.427+0000] {dag.py:3820} INFO - Setting next_dagrun for 02_demo_advanced_patterns to 2025-11-17T00:00:00+00:00, run_after=2025-11-18T00:00:00+00:00
[2025-11-18T03:42:19.433+0000] {processor.py:183} INFO - Processing /opt/airflow/dags/02_demo_advanced_patterns.py took 0.220 seconds
[2025-11-18T03:42:49.469+0000] {processor.py:161} INFO - Started process (PID=77) to work on /opt/airflow/dags/02_demo_advanced_patterns.py
[2025-11-18T03:42:49.470+0000] {processor.py:830} INFO - Processing file /opt/airflow/dags/02_demo_advanced_patterns.py for tasks to queue
[2025-11-18T03:42:49.471+0000] {logging_mixin.py:188} INFO - [2025-11-18T03:42:49.470+0000] {dagbag.py:538} INFO - Filling up the DagBag from /opt/airflow/dags/02_demo_advanced_patterns.py
[2025-11-18T03:42:49.661+0000] {logging_mixin.py:188} WARNING - /home/airflow/.local/lib/python3.10/site-packages/airflow/models/baseoperator.py:437 RemovedInAirflow3Warning: provide_context is deprecated as of 2.0 and is no longer required
[2025-11-18T03:42:49.662+0000] {logging_mixin.py:188} WARNING - /home/airflow/.local/lib/python3.10/site-packages/airflow/models/baseoperator.py:437 RemovedInAirflow3Warning: none_failed_or_skipped Trigger Rule is deprecated. Please use `none_failed_min_one_success`.
[2025-11-18T03:42:49.664+0000] {processor.py:840} INFO - DAG(s) '02_demo_advanced_patterns' retrieved from /opt/airflow/dags/02_demo_advanced_patterns.py
[2025-11-18T03:42:49.675+0000] {logging_mixin.py:188} INFO - [2025-11-18T03:42:49.675+0000] {dag.py:3033} INFO - Sync 1 DAGs
[2025-11-18T03:42:49.684+0000] {logging_mixin.py:188} INFO - [2025-11-18T03:42:49.684+0000] {dag.py:3820} INFO - Setting next_dagrun for 02_demo_advanced_patterns to 2025-11-17T00:00:00+00:00, run_after=2025-11-18T00:00:00+00:00
[2025-11-18T03:42:49.691+0000] {processor.py:183} INFO - Processing /opt/airflow/dags/02_demo_advanced_patterns.py took 0.223 seconds
[2025-11-18T03:43:19.726+0000] {processor.py:161} INFO - Started process (PID=80) to work on /opt/airflow/dags/02_demo_advanced_patterns.py
[2025-11-18T03:43:19.726+0000] {processor.py:830} INFO - Processing file /opt/airflow/dags/02_demo_advanced_patterns.py for tasks to queue
[2025-11-18T03:43:19.727+0000] {logging_mixin.py:188} INFO - [2025-11-18T03:43:19.727+0000] {dagbag.py:538} INFO - Filling up the DagBag from /opt/airflow/dags/02_demo_advanced_patterns.py
[2025-11-18T03:43:19.917+0000] {logging_mixin.py:188} WARNING - /home/airflow/.local/lib/python3.10/site-packages/airflow/models/baseoperator.py:437 RemovedInAirflow3Warning: provide_context is deprecated as of 2.0 and is no longer required
[2025-11-18T03:43:19.918+0000] {logging_mixin.py:188} WARNING - /home/airflow/.local/lib/python3.10/site-packages/airflow/models/baseoperator.py:437 RemovedInAirflow3Warning: none_failed_or_skipped Trigger Rule is deprecated. Please use `none_failed_min_one_success`.
[2025-11-18T03:43:19.920+0000] {processor.py:840} INFO - DAG(s) '02_demo_advanced_patterns' retrieved from /opt/airflow/dags/02_demo_advanced_patterns.py
[2025-11-18T03:43:19.930+0000] {logging_mixin.py:188} INFO - [2025-11-18T03:43:19.930+0000] {dag.py:3033} INFO - Sync 1 DAGs
[2025-11-18T03:43:19.939+0000] {logging_mixin.py:188} INFO - [2025-11-18T03:43:19.939+0000] {dag.py:3820} INFO - Setting next_dagrun for 02_demo_advanced_patterns to 2025-11-17T00:00:00+00:00, run_after=2025-11-18T00:00:00+00:00
[2025-11-18T03:43:19.947+0000] {processor.py:183} INFO - Processing /opt/airflow/dags/02_demo_advanced_patterns.py took 0.223 seconds
[2025-11-18T03:43:49.973+0000] {processor.py:161} INFO - Started process (PID=83) to work on /opt/airflow/dags/02_demo_advanced_patterns.py
[2025-11-18T03:43:49.974+0000] {processor.py:830} INFO - Processing file /opt/airflow/dags/02_demo_advanced_patterns.py for tasks to queue
[2025-11-18T03:43:49.975+0000] {logging_mixin.py:188} INFO - [2025-11-18T03:43:49.975+0000] {dagbag.py:538} INFO - Filling up the DagBag from /opt/airflow/dags/02_demo_advanced_patterns.py
[2025-11-18T03:43:50.161+0000] {logging_mixin.py:188} WARNING - /home/airflow/.local/lib/python3.10/site-packages/airflow/models/baseoperator.py:437 RemovedInAirflow3Warning: provide_context is deprecated as of 2.0 and is no longer required
[2025-11-18T03:43:50.162+0000] {logging_mixin.py:188} WARNING - /home/airflow/.local/lib/python3.10/site-packages/airflow/models/baseoperator.py:437 RemovedInAirflow3Warning: none_failed_or_skipped Trigger Rule is deprecated. Please use `none_failed_min_one_success`.
[2025-11-18T03:43:50.164+0000] {processor.py:840} INFO - DAG(s) '02_demo_advanced_patterns' retrieved from /opt/airflow/dags/02_demo_advanced_patterns.py
[2025-11-18T03:43:50.174+0000] {logging_mixin.py:188} INFO - [2025-11-18T03:43:50.174+0000] {dag.py:3033} INFO - Sync 1 DAGs
[2025-11-18T03:43:50.183+0000] {logging_mixin.py:188} INFO - [2025-11-18T03:43:50.183+0000] {dag.py:3820} INFO - Setting next_dagrun for 02_demo_advanced_patterns to 2025-11-17T00:00:00+00:00, run_after=2025-11-18T00:00:00+00:00
[2025-11-18T03:43:50.189+0000] {processor.py:183} INFO - Processing /opt/airflow/dags/02_demo_advanced_patterns.py took 0.218 seconds
[2025-11-18T03:44:20.227+0000] {processor.py:161} INFO - Started process (PID=86) to work on /opt/airflow/dags/02_demo_advanced_patterns.py
[2025-11-18T03:44:20.227+0000] {processor.py:830} INFO - Processing file /opt/airflow/dags/02_demo_advanced_patterns.py for tasks to queue
[2025-11-18T03:44:20.228+0000] {logging_mixin.py:188} INFO - [2025-11-18T03:44:20.228+0000] {dagbag.py:538} INFO - Filling up the DagBag from /opt/airflow/dags/02_demo_advanced_patterns.py
[2025-11-18T03:44:20.423+0000] {logging_mixin.py:188} WARNING - /home/airflow/.local/lib/python3.10/site-packages/airflow/models/baseoperator.py:437 RemovedInAirflow3Warning: provide_context is deprecated as of 2.0 and is no longer required
[2025-11-18T03:44:20.424+0000] {logging_mixin.py:188} WARNING - /home/airflow/.local/lib/python3.10/site-packages/airflow/models/baseoperator.py:437 RemovedInAirflow3Warning: none_failed_or_skipped Trigger Rule is deprecated. Please use `none_failed_min_one_success`.
[2025-11-18T03:44:20.427+0000] {processor.py:840} INFO - DAG(s) '02_demo_advanced_patterns' retrieved from /opt/airflow/dags/02_demo_advanced_patterns.py
[2025-11-18T03:44:20.439+0000] {logging_mixin.py:188} INFO - [2025-11-18T03:44:20.439+0000] {dag.py:3033} INFO - Sync 1 DAGs
[2025-11-18T03:44:20.448+0000] {logging_mixin.py:188} INFO - [2025-11-18T03:44:20.448+0000] {dag.py:3820} INFO - Setting next_dagrun for 02_demo_advanced_patterns to 2025-11-17T00:00:00+00:00, run_after=2025-11-18T00:00:00+00:00
[2025-11-18T03:44:20.455+0000] {processor.py:183} INFO - Processing /opt/airflow/dags/02_demo_advanced_patterns.py took 0.230 seconds
[2025-11-18T03:44:50.469+0000] {processor.py:161} INFO - Started process (PID=89) to work on /opt/airflow/dags/02_demo_advanced_patterns.py
[2025-11-18T03:44:50.469+0000] {processor.py:830} INFO - Processing file /opt/airflow/dags/02_demo_advanced_patterns.py for tasks to queue
[2025-11-18T03:44:50.470+0000] {logging_mixin.py:188} INFO - [2025-11-18T03:44:50.470+0000] {dagbag.py:538} INFO - Filling up the DagBag from /opt/airflow/dags/02_demo_advanced_patterns.py
[2025-11-18T03:44:50.649+0000] {logging_mixin.py:188} WARNING - /home/airflow/.local/lib/python3.10/site-packages/airflow/models/baseoperator.py:437 RemovedInAirflow3Warning: provide_context is deprecated as of 2.0 and is no longer required
[2025-11-18T03:44:50.650+0000] {logging_mixin.py:188} WARNING - /home/airflow/.local/lib/python3.10/site-packages/airflow/models/baseoperator.py:437 RemovedInAirflow3Warning: none_failed_or_skipped Trigger Rule is deprecated. Please use `none_failed_min_one_success`.
[2025-11-18T03:44:50.652+0000] {processor.py:840} INFO - DAG(s) '02_demo_advanced_patterns' retrieved from /opt/airflow/dags/02_demo_advanced_patterns.py
[2025-11-18T03:44:50.662+0000] {logging_mixin.py:188} INFO - [2025-11-18T03:44:50.662+0000] {dag.py:3033} INFO - Sync 1 DAGs
[2025-11-18T03:44:50.669+0000] {logging_mixin.py:188} INFO - [2025-11-18T03:44:50.669+0000] {dag.py:3820} INFO - Setting next_dagrun for 02_demo_advanced_patterns to 2025-11-17T00:00:00+00:00, run_after=2025-11-18T00:00:00+00:00
[2025-11-18T03:44:50.676+0000] {processor.py:183} INFO - Processing /opt/airflow/dags/02_demo_advanced_patterns.py took 0.208 seconds
[2025-11-18T03:45:20.709+0000] {processor.py:161} INFO - Started process (PID=92) to work on /opt/airflow/dags/02_demo_advanced_patterns.py
[2025-11-18T03:45:20.709+0000] {processor.py:830} INFO - Processing file /opt/airflow/dags/02_demo_advanced_patterns.py for tasks to queue
[2025-11-18T03:45:20.711+0000] {logging_mixin.py:188} INFO - [2025-11-18T03:45:20.711+0000] {dagbag.py:538} INFO - Filling up the DagBag from /opt/airflow/dags/02_demo_advanced_patterns.py
[2025-11-18T03:45:20.911+0000] {logging_mixin.py:188} WARNING - /home/airflow/.local/lib/python3.10/site-packages/airflow/models/baseoperator.py:437 RemovedInAirflow3Warning: provide_context is deprecated as of 2.0 and is no longer required
[2025-11-18T03:45:20.912+0000] {logging_mixin.py:188} WARNING - /home/airflow/.local/lib/python3.10/site-packages/airflow/models/baseoperator.py:437 RemovedInAirflow3Warning: none_failed_or_skipped Trigger Rule is deprecated. Please use `none_failed_min_one_success`.
[2025-11-18T03:45:20.914+0000] {processor.py:840} INFO - DAG(s) '02_demo_advanced_patterns' retrieved from /opt/airflow/dags/02_demo_advanced_patterns.py
[2025-11-18T03:45:20.927+0000] {logging_mixin.py:188} INFO - [2025-11-18T03:45:20.927+0000] {dag.py:3033} INFO - Sync 1 DAGs
[2025-11-18T03:45:20.938+0000] {logging_mixin.py:188} INFO - [2025-11-18T03:45:20.938+0000] {dag.py:3820} INFO - Setting next_dagrun for 02_demo_advanced_patterns to 2025-11-17T00:00:00+00:00, run_after=2025-11-18T00:00:00+00:00
[2025-11-18T03:45:20.947+0000] {processor.py:183} INFO - Processing /opt/airflow/dags/02_demo_advanced_patterns.py took 0.241 seconds
[2025-11-18T03:45:51.909+0000] {processor.py:161} INFO - Started process (PID=95) to work on /opt/airflow/dags/02_demo_advanced_patterns.py
[2025-11-18T03:45:51.910+0000] {processor.py:830} INFO - Processing file /opt/airflow/dags/02_demo_advanced_patterns.py for tasks to queue
[2025-11-18T03:45:51.911+0000] {logging_mixin.py:188} INFO - [2025-11-18T03:45:51.911+0000] {dagbag.py:538} INFO - Filling up the DagBag from /opt/airflow/dags/02_demo_advanced_patterns.py
[2025-11-18T03:45:52.094+0000] {logging_mixin.py:188} WARNING - /home/airflow/.local/lib/python3.10/site-packages/airflow/models/baseoperator.py:437 RemovedInAirflow3Warning: provide_context is deprecated as of 2.0 and is no longer required
[2025-11-18T03:45:52.095+0000] {logging_mixin.py:188} WARNING - /home/airflow/.local/lib/python3.10/site-packages/airflow/models/baseoperator.py:437 RemovedInAirflow3Warning: none_failed_or_skipped Trigger Rule is deprecated. Please use `none_failed_min_one_success`.
[2025-11-18T03:45:52.098+0000] {processor.py:840} INFO - DAG(s) '02_demo_advanced_patterns' retrieved from /opt/airflow/dags/02_demo_advanced_patterns.py
[2025-11-18T03:45:52.107+0000] {logging_mixin.py:188} INFO - [2025-11-18T03:45:52.107+0000] {dag.py:3033} INFO - Sync 1 DAGs
[2025-11-18T03:45:52.115+0000] {logging_mixin.py:188} INFO - [2025-11-18T03:45:52.115+0000] {dag.py:3820} INFO - Setting next_dagrun for 02_demo_advanced_patterns to 2025-11-17T00:00:00+00:00, run_after=2025-11-18T00:00:00+00:00
[2025-11-18T03:45:52.122+0000] {processor.py:183} INFO - Processing /opt/airflow/dags/02_demo_advanced_patterns.py took 0.215 seconds
[2025-11-18T03:46:22.154+0000] {processor.py:161} INFO - Started process (PID=98) to work on /opt/airflow/dags/02_demo_advanced_patterns.py
[2025-11-18T03:46:22.155+0000] {processor.py:830} INFO - Processing file /opt/airflow/dags/02_demo_advanced_patterns.py for tasks to queue
[2025-11-18T03:46:22.156+0000] {logging_mixin.py:188} INFO - [2025-11-18T03:46:22.156+0000] {dagbag.py:538} INFO - Filling up the DagBag from /opt/airflow/dags/02_demo_advanced_patterns.py
[2025-11-18T03:46:22.359+0000] {logging_mixin.py:188} WARNING - /home/airflow/.local/lib/python3.10/site-packages/airflow/models/baseoperator.py:437 RemovedInAirflow3Warning: provide_context is deprecated as of 2.0 and is no longer required
[2025-11-18T03:46:22.360+0000] {logging_mixin.py:188} WARNING - /home/airflow/.local/lib/python3.10/site-packages/airflow/models/baseoperator.py:437 RemovedInAirflow3Warning: none_failed_or_skipped Trigger Rule is deprecated. Please use `none_failed_min_one_success`.
[2025-11-18T03:46:22.363+0000] {processor.py:840} INFO - DAG(s) '02_demo_advanced_patterns' retrieved from /opt/airflow/dags/02_demo_advanced_patterns.py
[2025-11-18T03:46:22.374+0000] {logging_mixin.py:188} INFO - [2025-11-18T03:46:22.374+0000] {dag.py:3033} INFO - Sync 1 DAGs
[2025-11-18T03:46:22.383+0000] {logging_mixin.py:188} INFO - [2025-11-18T03:46:22.383+0000] {dag.py:3820} INFO - Setting next_dagrun for 02_demo_advanced_patterns to 2025-11-17T00:00:00+00:00, run_after=2025-11-18T00:00:00+00:00
[2025-11-18T03:46:22.391+0000] {processor.py:183} INFO - Processing /opt/airflow/dags/02_demo_advanced_patterns.py took 0.239 seconds
[2025-11-18T03:46:52.425+0000] {processor.py:161} INFO - Started process (PID=101) to work on /opt/airflow/dags/02_demo_advanced_patterns.py
[2025-11-18T03:46:52.425+0000] {processor.py:830} INFO - Processing file /opt/airflow/dags/02_demo_advanced_patterns.py for tasks to queue
[2025-11-18T03:46:52.427+0000] {logging_mixin.py:188} INFO - [2025-11-18T03:46:52.426+0000] {dagbag.py:538} INFO - Filling up the DagBag from /opt/airflow/dags/02_demo_advanced_patterns.py
[2025-11-18T03:46:52.608+0000] {logging_mixin.py:188} WARNING - /home/airflow/.local/lib/python3.10/site-packages/airflow/models/baseoperator.py:437 RemovedInAirflow3Warning: provide_context is deprecated as of 2.0 and is no longer required
[2025-11-18T03:46:52.609+0000] {logging_mixin.py:188} WARNING - /home/airflow/.local/lib/python3.10/site-packages/airflow/models/baseoperator.py:437 RemovedInAirflow3Warning: none_failed_or_skipped Trigger Rule is deprecated. Please use `none_failed_min_one_success`.
[2025-11-18T03:46:52.611+0000] {processor.py:840} INFO - DAG(s) '02_demo_advanced_patterns' retrieved from /opt/airflow/dags/02_demo_advanced_patterns.py
[2025-11-18T03:46:52.623+0000] {logging_mixin.py:188} INFO - [2025-11-18T03:46:52.623+0000] {dag.py:3033} INFO - Sync 1 DAGs
[2025-11-18T03:46:52.632+0000] {logging_mixin.py:188} INFO - [2025-11-18T03:46:52.632+0000] {dag.py:3820} INFO - Setting next_dagrun for 02_demo_advanced_patterns to 2025-11-17T00:00:00+00:00, run_after=2025-11-18T00:00:00+00:00
[2025-11-18T03:46:52.640+0000] {processor.py:183} INFO - Processing /opt/airflow/dags/02_demo_advanced_patterns.py took 0.216 seconds
[2025-11-18T03:47:22.672+0000] {processor.py:161} INFO - Started process (PID=104) to work on /opt/airflow/dags/02_demo_advanced_patterns.py
[2025-11-18T03:47:22.673+0000] {processor.py:830} INFO - Processing file /opt/airflow/dags/02_demo_advanced_patterns.py for tasks to queue
[2025-11-18T03:47:22.674+0000] {logging_mixin.py:188} INFO - [2025-11-18T03:47:22.674+0000] {dagbag.py:538} INFO - Filling up the DagBag from /opt/airflow/dags/02_demo_advanced_patterns.py
[2025-11-18T03:47:22.854+0000] {logging_mixin.py:188} WARNING - /home/airflow/.local/lib/python3.10/site-packages/airflow/models/baseoperator.py:437 RemovedInAirflow3Warning: provide_context is deprecated as of 2.0 and is no longer required
[2025-11-18T03:47:22.854+0000] {logging_mixin.py:188} WARNING - /home/airflow/.local/lib/python3.10/site-packages/airflow/models/baseoperator.py:437 RemovedInAirflow3Warning: none_failed_or_skipped Trigger Rule is deprecated. Please use `none_failed_min_one_success`.
[2025-11-18T03:47:22.857+0000] {processor.py:840} INFO - DAG(s) '02_demo_advanced_patterns' retrieved from /opt/airflow/dags/02_demo_advanced_patterns.py
[2025-11-18T03:47:22.866+0000] {logging_mixin.py:188} INFO - [2025-11-18T03:47:22.866+0000] {dag.py:3033} INFO - Sync 1 DAGs
[2025-11-18T03:47:22.875+0000] {logging_mixin.py:188} INFO - [2025-11-18T03:47:22.875+0000] {dag.py:3820} INFO - Setting next_dagrun for 02_demo_advanced_patterns to 2025-11-17T00:00:00+00:00, run_after=2025-11-18T00:00:00+00:00
[2025-11-18T03:47:22.881+0000] {processor.py:183} INFO - Processing /opt/airflow/dags/02_demo_advanced_patterns.py took 0.211 seconds
[2025-11-18T03:47:52.902+0000] {processor.py:161} INFO - Started process (PID=107) to work on /opt/airflow/dags/02_demo_advanced_patterns.py
[2025-11-18T03:47:52.902+0000] {processor.py:830} INFO - Processing file /opt/airflow/dags/02_demo_advanced_patterns.py for tasks to queue
[2025-11-18T03:47:52.903+0000] {logging_mixin.py:188} INFO - [2025-11-18T03:47:52.903+0000] {dagbag.py:538} INFO - Filling up the DagBag from /opt/airflow/dags/02_demo_advanced_patterns.py
[2025-11-18T03:47:53.093+0000] {logging_mixin.py:188} WARNING - /home/airflow/.local/lib/python3.10/site-packages/airflow/models/baseoperator.py:437 RemovedInAirflow3Warning: provide_context is deprecated as of 2.0 and is no longer required
[2025-11-18T03:47:53.094+0000] {logging_mixin.py:188} WARNING - /home/airflow/.local/lib/python3.10/site-packages/airflow/models/baseoperator.py:437 RemovedInAirflow3Warning: none_failed_or_skipped Trigger Rule is deprecated. Please use `none_failed_min_one_success`.
[2025-11-18T03:47:53.096+0000] {processor.py:840} INFO - DAG(s) '02_demo_advanced_patterns' retrieved from /opt/airflow/dags/02_demo_advanced_patterns.py
[2025-11-18T03:47:53.106+0000] {logging_mixin.py:188} INFO - [2025-11-18T03:47:53.106+0000] {dag.py:3033} INFO - Sync 1 DAGs
[2025-11-18T03:47:53.114+0000] {logging_mixin.py:188} INFO - [2025-11-18T03:47:53.114+0000] {dag.py:3820} INFO - Setting next_dagrun for 02_demo_advanced_patterns to 2025-11-17T00:00:00+00:00, run_after=2025-11-18T00:00:00+00:00
[2025-11-18T03:47:53.123+0000] {processor.py:183} INFO - Processing /opt/airflow/dags/02_demo_advanced_patterns.py took 0.223 seconds
[2025-11-18T03:48:23.179+0000] {processor.py:161} INFO - Started process (PID=110) to work on /opt/airflow/dags/02_demo_advanced_patterns.py
[2025-11-18T03:48:23.179+0000] {processor.py:830} INFO - Processing file /opt/airflow/dags/02_demo_advanced_patterns.py for tasks to queue
[2025-11-18T03:48:23.180+0000] {logging_mixin.py:188} INFO - [2025-11-18T03:48:23.180+0000] {dagbag.py:538} INFO - Filling up the DagBag from /opt/airflow/dags/02_demo_advanced_patterns.py
[2025-11-18T03:48:23.358+0000] {logging_mixin.py:188} WARNING - /home/airflow/.local/lib/python3.10/site-packages/airflow/models/baseoperator.py:437 RemovedInAirflow3Warning: provide_context is deprecated as of 2.0 and is no longer required
[2025-11-18T03:48:23.359+0000] {logging_mixin.py:188} WARNING - /home/airflow/.local/lib/python3.10/site-packages/airflow/models/baseoperator.py:437 RemovedInAirflow3Warning: none_failed_or_skipped Trigger Rule is deprecated. Please use `none_failed_min_one_success`.
[2025-11-18T03:48:23.361+0000] {processor.py:840} INFO - DAG(s) '02_demo_advanced_patterns' retrieved from /opt/airflow/dags/02_demo_advanced_patterns.py
[2025-11-18T03:48:23.371+0000] {logging_mixin.py:188} INFO - [2025-11-18T03:48:23.371+0000] {dag.py:3033} INFO - Sync 1 DAGs
[2025-11-18T03:48:23.379+0000] {logging_mixin.py:188} INFO - [2025-11-18T03:48:23.379+0000] {dag.py:3820} INFO - Setting next_dagrun for 02_demo_advanced_patterns to 2025-11-17T00:00:00+00:00, run_after=2025-11-18T00:00:00+00:00
[2025-11-18T03:48:23.385+0000] {processor.py:183} INFO - Processing /opt/airflow/dags/02_demo_advanced_patterns.py took 0.208 seconds
[2025-11-18T03:48:53.408+0000] {processor.py:161} INFO - Started process (PID=113) to work on /opt/airflow/dags/02_demo_advanced_patterns.py
[2025-11-18T03:48:53.408+0000] {processor.py:830} INFO - Processing file /opt/airflow/dags/02_demo_advanced_patterns.py for tasks to queue
[2025-11-18T03:48:53.409+0000] {logging_mixin.py:188} INFO - [2025-11-18T03:48:53.409+0000] {dagbag.py:538} INFO - Filling up the DagBag from /opt/airflow/dags/02_demo_advanced_patterns.py
[2025-11-18T03:48:53.598+0000] {logging_mixin.py:188} WARNING - /home/airflow/.local/lib/python3.10/site-packages/airflow/models/baseoperator.py:437 RemovedInAirflow3Warning: provide_context is deprecated as of 2.0 and is no longer required
[2025-11-18T03:48:53.599+0000] {logging_mixin.py:188} WARNING - /home/airflow/.local/lib/python3.10/site-packages/airflow/models/baseoperator.py:437 RemovedInAirflow3Warning: none_failed_or_skipped Trigger Rule is deprecated. Please use `none_failed_min_one_success`.
[2025-11-18T03:48:53.602+0000] {processor.py:840} INFO - DAG(s) '02_demo_advanced_patterns' retrieved from /opt/airflow/dags/02_demo_advanced_patterns.py
[2025-11-18T03:48:53.612+0000] {logging_mixin.py:188} INFO - [2025-11-18T03:48:53.612+0000] {dag.py:3033} INFO - Sync 1 DAGs
[2025-11-18T03:48:53.621+0000] {logging_mixin.py:188} INFO - [2025-11-18T03:48:53.621+0000] {dag.py:3820} INFO - Setting next_dagrun for 02_demo_advanced_patterns to 2025-11-17T00:00:00+00:00, run_after=2025-11-18T00:00:00+00:00
[2025-11-18T03:48:53.628+0000] {processor.py:183} INFO - Processing /opt/airflow/dags/02_demo_advanced_patterns.py took 0.222 seconds
[2025-11-18T03:49:23.650+0000] {processor.py:161} INFO - Started process (PID=116) to work on /opt/airflow/dags/02_demo_advanced_patterns.py
[2025-11-18T03:49:23.650+0000] {processor.py:830} INFO - Processing file /opt/airflow/dags/02_demo_advanced_patterns.py for tasks to queue
[2025-11-18T03:49:23.651+0000] {logging_mixin.py:188} INFO - [2025-11-18T03:49:23.651+0000] {dagbag.py:538} INFO - Filling up the DagBag from /opt/airflow/dags/02_demo_advanced_patterns.py
[2025-11-18T03:49:23.828+0000] {logging_mixin.py:188} WARNING - /home/airflow/.local/lib/python3.10/site-packages/airflow/models/baseoperator.py:437 RemovedInAirflow3Warning: provide_context is deprecated as of 2.0 and is no longer required
[2025-11-18T03:49:23.829+0000] {logging_mixin.py:188} WARNING - /home/airflow/.local/lib/python3.10/site-packages/airflow/models/baseoperator.py:437 RemovedInAirflow3Warning: none_failed_or_skipped Trigger Rule is deprecated. Please use `none_failed_min_one_success`.
[2025-11-18T03:49:23.832+0000] {processor.py:840} INFO - DAG(s) '02_demo_advanced_patterns' retrieved from /opt/airflow/dags/02_demo_advanced_patterns.py
[2025-11-18T03:49:23.843+0000] {logging_mixin.py:188} INFO - [2025-11-18T03:49:23.843+0000] {dag.py:3033} INFO - Sync 1 DAGs
[2025-11-18T03:49:23.852+0000] {logging_mixin.py:188} INFO - [2025-11-18T03:49:23.852+0000] {dag.py:3820} INFO - Setting next_dagrun for 02_demo_advanced_patterns to 2025-11-17T00:00:00+00:00, run_after=2025-11-18T00:00:00+00:00
[2025-11-18T03:49:23.860+0000] {processor.py:183} INFO - Processing /opt/airflow/dags/02_demo_advanced_patterns.py took 0.212 seconds
[2025-11-18T03:49:53.944+0000] {processor.py:161} INFO - Started process (PID=119) to work on /opt/airflow/dags/02_demo_advanced_patterns.py
[2025-11-18T03:49:53.945+0000] {processor.py:830} INFO - Processing file /opt/airflow/dags/02_demo_advanced_patterns.py for tasks to queue
[2025-11-18T03:49:53.946+0000] {logging_mixin.py:188} INFO - [2025-11-18T03:49:53.946+0000] {dagbag.py:538} INFO - Filling up the DagBag from /opt/airflow/dags/02_demo_advanced_patterns.py
[2025-11-18T03:49:54.139+0000] {logging_mixin.py:188} WARNING - /home/airflow/.local/lib/python3.10/site-packages/airflow/models/baseoperator.py:437 RemovedInAirflow3Warning: provide_context is deprecated as of 2.0 and is no longer required
[2025-11-18T03:49:54.140+0000] {logging_mixin.py:188} WARNING - /home/airflow/.local/lib/python3.10/site-packages/airflow/models/baseoperator.py:437 RemovedInAirflow3Warning: none_failed_or_skipped Trigger Rule is deprecated. Please use `none_failed_min_one_success`.
[2025-11-18T03:49:54.142+0000] {processor.py:840} INFO - DAG(s) '02_demo_advanced_patterns' retrieved from /opt/airflow/dags/02_demo_advanced_patterns.py
[2025-11-18T03:49:54.153+0000] {logging_mixin.py:188} INFO - [2025-11-18T03:49:54.152+0000] {dag.py:3033} INFO - Sync 1 DAGs
[2025-11-18T03:49:54.162+0000] {logging_mixin.py:188} INFO - [2025-11-18T03:49:54.162+0000] {dag.py:3820} INFO - Setting next_dagrun for 02_demo_advanced_patterns to 2025-11-17T00:00:00+00:00, run_after=2025-11-18T00:00:00+00:00
[2025-11-18T03:49:54.171+0000] {processor.py:183} INFO - Processing /opt/airflow/dags/02_demo_advanced_patterns.py took 0.228 seconds
[2025-11-18T03:50:24.206+0000] {processor.py:161} INFO - Started process (PID=122) to work on /opt/airflow/dags/02_demo_advanced_patterns.py
[2025-11-18T03:50:24.206+0000] {processor.py:830} INFO - Processing file /opt/airflow/dags/02_demo_advanced_patterns.py for tasks to queue
[2025-11-18T03:50:24.207+0000] {logging_mixin.py:188} INFO - [2025-11-18T03:50:24.207+0000] {dagbag.py:538} INFO - Filling up the DagBag from /opt/airflow/dags/02_demo_advanced_patterns.py
[2025-11-18T03:50:24.389+0000] {logging_mixin.py:188} WARNING - /home/airflow/.local/lib/python3.10/site-packages/airflow/models/baseoperator.py:437 RemovedInAirflow3Warning: provide_context is deprecated as of 2.0 and is no longer required
[2025-11-18T03:50:24.390+0000] {logging_mixin.py:188} WARNING - /home/airflow/.local/lib/python3.10/site-packages/airflow/models/baseoperator.py:437 RemovedInAirflow3Warning: none_failed_or_skipped Trigger Rule is deprecated. Please use `none_failed_min_one_success`.
[2025-11-18T03:50:24.393+0000] {processor.py:840} INFO - DAG(s) '02_demo_advanced_patterns' retrieved from /opt/airflow/dags/02_demo_advanced_patterns.py
[2025-11-18T03:50:24.403+0000] {logging_mixin.py:188} INFO - [2025-11-18T03:50:24.403+0000] {dag.py:3033} INFO - Sync 1 DAGs
[2025-11-18T03:50:24.412+0000] {logging_mixin.py:188} INFO - [2025-11-18T03:50:24.412+0000] {dag.py:3820} INFO - Setting next_dagrun for 02_demo_advanced_patterns to 2025-11-17T00:00:00+00:00, run_after=2025-11-18T00:00:00+00:00
[2025-11-18T03:50:24.419+0000] {processor.py:183} INFO - Processing /opt/airflow/dags/02_demo_advanced_patterns.py took 0.215 seconds
[2025-11-18T03:50:54.458+0000] {processor.py:161} INFO - Started process (PID=125) to work on /opt/airflow/dags/02_demo_advanced_patterns.py
[2025-11-18T03:50:54.459+0000] {processor.py:830} INFO - Processing file /opt/airflow/dags/02_demo_advanced_patterns.py for tasks to queue
[2025-11-18T03:50:54.460+0000] {logging_mixin.py:188} INFO - [2025-11-18T03:50:54.460+0000] {dagbag.py:538} INFO - Filling up the DagBag from /opt/airflow/dags/02_demo_advanced_patterns.py
[2025-11-18T03:50:54.646+0000] {logging_mixin.py:188} WARNING - /home/airflow/.local/lib/python3.10/site-packages/airflow/models/baseoperator.py:437 RemovedInAirflow3Warning: provide_context is deprecated as of 2.0 and is no longer required
[2025-11-18T03:50:54.647+0000] {logging_mixin.py:188} WARNING - /home/airflow/.local/lib/python3.10/site-packages/airflow/models/baseoperator.py:437 RemovedInAirflow3Warning: none_failed_or_skipped Trigger Rule is deprecated. Please use `none_failed_min_one_success`.
[2025-11-18T03:50:54.649+0000] {processor.py:840} INFO - DAG(s) '02_demo_advanced_patterns' retrieved from /opt/airflow/dags/02_demo_advanced_patterns.py
[2025-11-18T03:50:54.659+0000] {logging_mixin.py:188} INFO - [2025-11-18T03:50:54.658+0000] {dag.py:3033} INFO - Sync 1 DAGs
[2025-11-18T03:50:54.666+0000] {logging_mixin.py:188} INFO - [2025-11-18T03:50:54.666+0000] {dag.py:3820} INFO - Setting next_dagrun for 02_demo_advanced_patterns to 2025-11-17T00:00:00+00:00, run_after=2025-11-18T00:00:00+00:00
[2025-11-18T03:50:54.674+0000] {processor.py:183} INFO - Processing /opt/airflow/dags/02_demo_advanced_patterns.py took 0.217 seconds
[2025-11-18T03:51:24.701+0000] {processor.py:161} INFO - Started process (PID=128) to work on /opt/airflow/dags/02_demo_advanced_patterns.py
[2025-11-18T03:51:24.702+0000] {processor.py:830} INFO - Processing file /opt/airflow/dags/02_demo_advanced_patterns.py for tasks to queue
[2025-11-18T03:51:24.703+0000] {logging_mixin.py:188} INFO - [2025-11-18T03:51:24.703+0000] {dagbag.py:538} INFO - Filling up the DagBag from /opt/airflow/dags/02_demo_advanced_patterns.py
[2025-11-18T03:51:24.881+0000] {logging_mixin.py:188} WARNING - /home/airflow/.local/lib/python3.10/site-packages/airflow/models/baseoperator.py:437 RemovedInAirflow3Warning: provide_context is deprecated as of 2.0 and is no longer required
[2025-11-18T03:51:24.882+0000] {logging_mixin.py:188} WARNING - /home/airflow/.local/lib/python3.10/site-packages/airflow/models/baseoperator.py:437 RemovedInAirflow3Warning: none_failed_or_skipped Trigger Rule is deprecated. Please use `none_failed_min_one_success`.
[2025-11-18T03:51:24.884+0000] {processor.py:840} INFO - DAG(s) '02_demo_advanced_patterns' retrieved from /opt/airflow/dags/02_demo_advanced_patterns.py
[2025-11-18T03:51:24.895+0000] {logging_mixin.py:188} INFO - [2025-11-18T03:51:24.895+0000] {dag.py:3033} INFO - Sync 1 DAGs
[2025-11-18T03:51:24.904+0000] {logging_mixin.py:188} INFO - [2025-11-18T03:51:24.904+0000] {dag.py:3820} INFO - Setting next_dagrun for 02_demo_advanced_patterns to 2025-11-17T00:00:00+00:00, run_after=2025-11-18T00:00:00+00:00
[2025-11-18T03:51:24.911+0000] {processor.py:183} INFO - Processing /opt/airflow/dags/02_demo_advanced_patterns.py took 0.211 seconds
[2025-11-18T03:51:54.975+0000] {processor.py:161} INFO - Started process (PID=131) to work on /opt/airflow/dags/02_demo_advanced_patterns.py
[2025-11-18T03:51:54.975+0000] {processor.py:830} INFO - Processing file /opt/airflow/dags/02_demo_advanced_patterns.py for tasks to queue
[2025-11-18T03:51:54.976+0000] {logging_mixin.py:188} INFO - [2025-11-18T03:51:54.976+0000] {dagbag.py:538} INFO - Filling up the DagBag from /opt/airflow/dags/02_demo_advanced_patterns.py
[2025-11-18T03:51:55.177+0000] {logging_mixin.py:188} WARNING - /home/airflow/.local/lib/python3.10/site-packages/airflow/models/baseoperator.py:437 RemovedInAirflow3Warning: provide_context is deprecated as of 2.0 and is no longer required
[2025-11-18T03:51:55.178+0000] {logging_mixin.py:188} WARNING - /home/airflow/.local/lib/python3.10/site-packages/airflow/models/baseoperator.py:437 RemovedInAirflow3Warning: none_failed_or_skipped Trigger Rule is deprecated. Please use `none_failed_min_one_success`.
[2025-11-18T03:51:55.180+0000] {processor.py:840} INFO - DAG(s) '02_demo_advanced_patterns' retrieved from /opt/airflow/dags/02_demo_advanced_patterns.py
[2025-11-18T03:51:55.194+0000] {logging_mixin.py:188} INFO - [2025-11-18T03:51:55.194+0000] {dag.py:3033} INFO - Sync 1 DAGs
[2025-11-18T03:51:55.205+0000] {logging_mixin.py:188} INFO - [2025-11-18T03:51:55.205+0000] {dag.py:3820} INFO - Setting next_dagrun for 02_demo_advanced_patterns to 2025-11-17T00:00:00+00:00, run_after=2025-11-18T00:00:00+00:00
[2025-11-18T03:51:55.215+0000] {processor.py:183} INFO - Processing /opt/airflow/dags/02_demo_advanced_patterns.py took 0.241 seconds
[2025-11-18T03:52:25.264+0000] {processor.py:161} INFO - Started process (PID=134) to work on /opt/airflow/dags/02_demo_advanced_patterns.py
[2025-11-18T03:52:25.264+0000] {processor.py:830} INFO - Processing file /opt/airflow/dags/02_demo_advanced_patterns.py for tasks to queue
[2025-11-18T03:52:25.266+0000] {logging_mixin.py:188} INFO - [2025-11-18T03:52:25.265+0000] {dagbag.py:538} INFO - Filling up the DagBag from /opt/airflow/dags/02_demo_advanced_patterns.py
[2025-11-18T03:52:25.458+0000] {logging_mixin.py:188} WARNING - /home/airflow/.local/lib/python3.10/site-packages/airflow/models/baseoperator.py:437 RemovedInAirflow3Warning: provide_context is deprecated as of 2.0 and is no longer required
[2025-11-18T03:52:25.458+0000] {logging_mixin.py:188} WARNING - /home/airflow/.local/lib/python3.10/site-packages/airflow/models/baseoperator.py:437 RemovedInAirflow3Warning: none_failed_or_skipped Trigger Rule is deprecated. Please use `none_failed_min_one_success`.
[2025-11-18T03:52:25.461+0000] {processor.py:840} INFO - DAG(s) '02_demo_advanced_patterns' retrieved from /opt/airflow/dags/02_demo_advanced_patterns.py
[2025-11-18T03:52:25.471+0000] {logging_mixin.py:188} INFO - [2025-11-18T03:52:25.471+0000] {dag.py:3033} INFO - Sync 1 DAGs
[2025-11-18T03:52:25.479+0000] {logging_mixin.py:188} INFO - [2025-11-18T03:52:25.479+0000] {dag.py:3820} INFO - Setting next_dagrun for 02_demo_advanced_patterns to 2025-11-17T00:00:00+00:00, run_after=2025-11-18T00:00:00+00:00
[2025-11-18T03:52:25.486+0000] {processor.py:183} INFO - Processing /opt/airflow/dags/02_demo_advanced_patterns.py took 0.225 seconds
[2025-11-18T03:52:55.521+0000] {processor.py:161} INFO - Started process (PID=137) to work on /opt/airflow/dags/02_demo_advanced_patterns.py
[2025-11-18T03:52:55.522+0000] {processor.py:830} INFO - Processing file /opt/airflow/dags/02_demo_advanced_patterns.py for tasks to queue
[2025-11-18T03:52:55.523+0000] {logging_mixin.py:188} INFO - [2025-11-18T03:52:55.523+0000] {dagbag.py:538} INFO - Filling up the DagBag from /opt/airflow/dags/02_demo_advanced_patterns.py
[2025-11-18T03:52:55.694+0000] {logging_mixin.py:188} WARNING - /home/airflow/.local/lib/python3.10/site-packages/airflow/models/baseoperator.py:437 RemovedInAirflow3Warning: provide_context is deprecated as of 2.0 and is no longer required
[2025-11-18T03:52:55.695+0000] {logging_mixin.py:188} WARNING - /home/airflow/.local/lib/python3.10/site-packages/airflow/models/baseoperator.py:437 RemovedInAirflow3Warning: none_failed_or_skipped Trigger Rule is deprecated. Please use `none_failed_min_one_success`.
[2025-11-18T03:52:55.697+0000] {processor.py:840} INFO - DAG(s) '02_demo_advanced_patterns' retrieved from /opt/airflow/dags/02_demo_advanced_patterns.py
[2025-11-18T03:52:55.707+0000] {logging_mixin.py:188} INFO - [2025-11-18T03:52:55.707+0000] {dag.py:3033} INFO - Sync 1 DAGs
[2025-11-18T03:52:55.716+0000] {logging_mixin.py:188} INFO - [2025-11-18T03:52:55.716+0000] {dag.py:3820} INFO - Setting next_dagrun for 02_demo_advanced_patterns to 2025-11-17T00:00:00+00:00, run_after=2025-11-18T00:00:00+00:00
[2025-11-18T03:52:55.722+0000] {processor.py:183} INFO - Processing /opt/airflow/dags/02_demo_advanced_patterns.py took 0.203 seconds
[2025-11-18T03:53:25.751+0000] {processor.py:161} INFO - Started process (PID=140) to work on /opt/airflow/dags/02_demo_advanced_patterns.py
[2025-11-18T03:53:25.752+0000] {processor.py:830} INFO - Processing file /opt/airflow/dags/02_demo_advanced_patterns.py for tasks to queue
[2025-11-18T03:53:25.753+0000] {logging_mixin.py:188} INFO - [2025-11-18T03:53:25.753+0000] {dagbag.py:538} INFO - Filling up the DagBag from /opt/airflow/dags/02_demo_advanced_patterns.py
[2025-11-18T03:53:25.938+0000] {logging_mixin.py:188} WARNING - /home/airflow/.local/lib/python3.10/site-packages/airflow/models/baseoperator.py:437 RemovedInAirflow3Warning: provide_context is deprecated as of 2.0 and is no longer required
[2025-11-18T03:53:25.938+0000] {logging_mixin.py:188} WARNING - /home/airflow/.local/lib/python3.10/site-packages/airflow/models/baseoperator.py:437 RemovedInAirflow3Warning: none_failed_or_skipped Trigger Rule is deprecated. Please use `none_failed_min_one_success`.
[2025-11-18T03:53:25.941+0000] {processor.py:840} INFO - DAG(s) '02_demo_advanced_patterns' retrieved from /opt/airflow/dags/02_demo_advanced_patterns.py
[2025-11-18T03:53:25.951+0000] {logging_mixin.py:188} INFO - [2025-11-18T03:53:25.951+0000] {dag.py:3033} INFO - Sync 1 DAGs
[2025-11-18T03:53:25.959+0000] {logging_mixin.py:188} INFO - [2025-11-18T03:53:25.958+0000] {dag.py:3820} INFO - Setting next_dagrun for 02_demo_advanced_patterns to 2025-11-17T00:00:00+00:00, run_after=2025-11-18T00:00:00+00:00
[2025-11-18T03:53:25.965+0000] {processor.py:183} INFO - Processing /opt/airflow/dags/02_demo_advanced_patterns.py took 0.216 seconds
[2025-11-18T03:53:56.026+0000] {processor.py:161} INFO - Started process (PID=143) to work on /opt/airflow/dags/02_demo_advanced_patterns.py
[2025-11-18T03:53:56.026+0000] {processor.py:830} INFO - Processing file /opt/airflow/dags/02_demo_advanced_patterns.py for tasks to queue
[2025-11-18T03:53:56.027+0000] {logging_mixin.py:188} INFO - [2025-11-18T03:53:56.027+0000] {dagbag.py:538} INFO - Filling up the DagBag from /opt/airflow/dags/02_demo_advanced_patterns.py
[2025-11-18T03:53:56.232+0000] {logging_mixin.py:188} WARNING - /home/airflow/.local/lib/python3.10/site-packages/airflow/models/baseoperator.py:437 RemovedInAirflow3Warning: provide_context is deprecated as of 2.0 and is no longer required
[2025-11-18T03:53:56.233+0000] {logging_mixin.py:188} WARNING - /home/airflow/.local/lib/python3.10/site-packages/airflow/models/baseoperator.py:437 RemovedInAirflow3Warning: none_failed_or_skipped Trigger Rule is deprecated. Please use `none_failed_min_one_success`.
[2025-11-18T03:53:56.236+0000] {processor.py:840} INFO - DAG(s) '02_demo_advanced_patterns' retrieved from /opt/airflow/dags/02_demo_advanced_patterns.py
[2025-11-18T03:53:56.248+0000] {logging_mixin.py:188} INFO - [2025-11-18T03:53:56.248+0000] {dag.py:3033} INFO - Sync 1 DAGs
[2025-11-18T03:53:56.258+0000] {logging_mixin.py:188} INFO - [2025-11-18T03:53:56.258+0000] {dag.py:3820} INFO - Setting next_dagrun for 02_demo_advanced_patterns to 2025-11-17T00:00:00+00:00, run_after=2025-11-18T00:00:00+00:00
[2025-11-18T03:53:56.267+0000] {processor.py:183} INFO - Processing /opt/airflow/dags/02_demo_advanced_patterns.py took 0.243 seconds
[2025-11-18T03:54:26.331+0000] {processor.py:161} INFO - Started process (PID=146) to work on /opt/airflow/dags/02_demo_advanced_patterns.py
[2025-11-18T03:54:26.332+0000] {processor.py:830} INFO - Processing file /opt/airflow/dags/02_demo_advanced_patterns.py for tasks to queue
[2025-11-18T03:54:26.333+0000] {logging_mixin.py:188} INFO - [2025-11-18T03:54:26.333+0000] {dagbag.py:538} INFO - Filling up the DagBag from /opt/airflow/dags/02_demo_advanced_patterns.py
[2025-11-18T03:54:26.514+0000] {logging_mixin.py:188} WARNING - /home/airflow/.local/lib/python3.10/site-packages/airflow/models/baseoperator.py:437 RemovedInAirflow3Warning: provide_context is deprecated as of 2.0 and is no longer required
[2025-11-18T03:54:26.515+0000] {logging_mixin.py:188} WARNING - /home/airflow/.local/lib/python3.10/site-packages/airflow/models/baseoperator.py:437 RemovedInAirflow3Warning: none_failed_or_skipped Trigger Rule is deprecated. Please use `none_failed_min_one_success`.
[2025-11-18T03:54:26.519+0000] {processor.py:840} INFO - DAG(s) '02_demo_advanced_patterns' retrieved from /opt/airflow/dags/02_demo_advanced_patterns.py
[2025-11-18T03:54:26.529+0000] {logging_mixin.py:188} INFO - [2025-11-18T03:54:26.529+0000] {dag.py:3033} INFO - Sync 1 DAGs
[2025-11-18T03:54:26.537+0000] {logging_mixin.py:188} INFO - [2025-11-18T03:54:26.537+0000] {dag.py:3820} INFO - Setting next_dagrun for 02_demo_advanced_patterns to 2025-11-17T00:00:00+00:00, run_after=2025-11-18T00:00:00+00:00
[2025-11-18T03:54:26.545+0000] {processor.py:183} INFO - Processing /opt/airflow/dags/02_demo_advanced_patterns.py took 0.215 seconds
[2025-11-18T03:54:56.576+0000] {processor.py:161} INFO - Started process (PID=149) to work on /opt/airflow/dags/02_demo_advanced_patterns.py
[2025-11-18T03:54:56.576+0000] {processor.py:830} INFO - Processing file /opt/airflow/dags/02_demo_advanced_patterns.py for tasks to queue
[2025-11-18T03:54:56.577+0000] {logging_mixin.py:188} INFO - [2025-11-18T03:54:56.577+0000] {dagbag.py:538} INFO - Filling up the DagBag from /opt/airflow/dags/02_demo_advanced_patterns.py
[2025-11-18T03:54:56.755+0000] {logging_mixin.py:188} WARNING - /home/airflow/.local/lib/python3.10/site-packages/airflow/models/baseoperator.py:437 RemovedInAirflow3Warning: provide_context is deprecated as of 2.0 and is no longer required
[2025-11-18T03:54:56.756+0000] {logging_mixin.py:188} WARNING - /home/airflow/.local/lib/python3.10/site-packages/airflow/models/baseoperator.py:437 RemovedInAirflow3Warning: none_failed_or_skipped Trigger Rule is deprecated. Please use `none_failed_min_one_success`.
[2025-11-18T03:54:56.758+0000] {processor.py:840} INFO - DAG(s) '02_demo_advanced_patterns' retrieved from /opt/airflow/dags/02_demo_advanced_patterns.py
[2025-11-18T03:54:56.768+0000] {logging_mixin.py:188} INFO - [2025-11-18T03:54:56.768+0000] {dag.py:3033} INFO - Sync 1 DAGs
[2025-11-18T03:54:56.777+0000] {logging_mixin.py:188} INFO - [2025-11-18T03:54:56.777+0000] {dag.py:3820} INFO - Setting next_dagrun for 02_demo_advanced_patterns to 2025-11-17T00:00:00+00:00, run_after=2025-11-18T00:00:00+00:00
[2025-11-18T03:54:56.784+0000] {processor.py:183} INFO - Processing /opt/airflow/dags/02_demo_advanced_patterns.py took 0.210 seconds
[2025-11-18T03:55:26.820+0000] {processor.py:161} INFO - Started process (PID=152) to work on /opt/airflow/dags/02_demo_advanced_patterns.py
[2025-11-18T03:55:26.821+0000] {processor.py:830} INFO - Processing file /opt/airflow/dags/02_demo_advanced_patterns.py for tasks to queue
[2025-11-18T03:55:26.822+0000] {logging_mixin.py:188} INFO - [2025-11-18T03:55:26.822+0000] {dagbag.py:538} INFO - Filling up the DagBag from /opt/airflow/dags/02_demo_advanced_patterns.py
[2025-11-18T03:55:27.009+0000] {logging_mixin.py:188} WARNING - /home/airflow/.local/lib/python3.10/site-packages/airflow/models/baseoperator.py:437 RemovedInAirflow3Warning: provide_context is deprecated as of 2.0 and is no longer required
[2025-11-18T03:55:27.010+0000] {logging_mixin.py:188} WARNING - /home/airflow/.local/lib/python3.10/site-packages/airflow/models/baseoperator.py:437 RemovedInAirflow3Warning: none_failed_or_skipped Trigger Rule is deprecated. Please use `none_failed_min_one_success`.
[2025-11-18T03:55:27.013+0000] {processor.py:840} INFO - DAG(s) '02_demo_advanced_patterns' retrieved from /opt/airflow/dags/02_demo_advanced_patterns.py
[2025-11-18T03:55:27.024+0000] {logging_mixin.py:188} INFO - [2025-11-18T03:55:27.024+0000] {dag.py:3033} INFO - Sync 1 DAGs
[2025-11-18T03:55:27.034+0000] {logging_mixin.py:188} INFO - [2025-11-18T03:55:27.033+0000] {dag.py:3820} INFO - Setting next_dagrun for 02_demo_advanced_patterns to 2025-11-17T00:00:00+00:00, run_after=2025-11-18T00:00:00+00:00
[2025-11-18T03:55:27.040+0000] {processor.py:183} INFO - Processing /opt/airflow/dags/02_demo_advanced_patterns.py took 0.221 seconds
[2025-11-18T03:55:57.090+0000] {processor.py:161} INFO - Started process (PID=155) to work on /opt/airflow/dags/02_demo_advanced_patterns.py
[2025-11-18T03:55:57.091+0000] {processor.py:830} INFO - Processing file /opt/airflow/dags/02_demo_advanced_patterns.py for tasks to queue
[2025-11-18T03:55:57.092+0000] {logging_mixin.py:188} INFO - [2025-11-18T03:55:57.092+0000] {dagbag.py:538} INFO - Filling up the DagBag from /opt/airflow/dags/02_demo_advanced_patterns.py
[2025-11-18T03:55:57.297+0000] {logging_mixin.py:188} WARNING - /home/airflow/.local/lib/python3.10/site-packages/airflow/models/baseoperator.py:437 RemovedInAirflow3Warning: provide_context is deprecated as of 2.0 and is no longer required
[2025-11-18T03:55:57.298+0000] {logging_mixin.py:188} WARNING - /home/airflow/.local/lib/python3.10/site-packages/airflow/models/baseoperator.py:437 RemovedInAirflow3Warning: none_failed_or_skipped Trigger Rule is deprecated. Please use `none_failed_min_one_success`.
[2025-11-18T03:55:57.300+0000] {processor.py:840} INFO - DAG(s) '02_demo_advanced_patterns' retrieved from /opt/airflow/dags/02_demo_advanced_patterns.py
[2025-11-18T03:55:57.310+0000] {logging_mixin.py:188} INFO - [2025-11-18T03:55:57.310+0000] {dag.py:3033} INFO - Sync 1 DAGs
[2025-11-18T03:55:57.318+0000] {logging_mixin.py:188} INFO - [2025-11-18T03:55:57.318+0000] {dag.py:3820} INFO - Setting next_dagrun for 02_demo_advanced_patterns to 2025-11-17T00:00:00+00:00, run_after=2025-11-18T00:00:00+00:00
[2025-11-18T03:55:57.326+0000] {processor.py:183} INFO - Processing /opt/airflow/dags/02_demo_advanced_patterns.py took 0.237 seconds
[2025-11-18T03:56:27.391+0000] {processor.py:161} INFO - Started process (PID=158) to work on /opt/airflow/dags/02_demo_advanced_patterns.py
[2025-11-18T03:56:27.392+0000] {processor.py:830} INFO - Processing file /opt/airflow/dags/02_demo_advanced_patterns.py for tasks to queue
[2025-11-18T03:56:27.393+0000] {logging_mixin.py:188} INFO - [2025-11-18T03:56:27.393+0000] {dagbag.py:538} INFO - Filling up the DagBag from /opt/airflow/dags/02_demo_advanced_patterns.py
[2025-11-18T03:56:27.600+0000] {logging_mixin.py:188} WARNING - /home/airflow/.local/lib/python3.10/site-packages/airflow/models/baseoperator.py:437 RemovedInAirflow3Warning: provide_context is deprecated as of 2.0 and is no longer required
[2025-11-18T03:56:27.601+0000] {logging_mixin.py:188} WARNING - /home/airflow/.local/lib/python3.10/site-packages/airflow/models/baseoperator.py:437 RemovedInAirflow3Warning: none_failed_or_skipped Trigger Rule is deprecated. Please use `none_failed_min_one_success`.
[2025-11-18T03:56:27.604+0000] {processor.py:840} INFO - DAG(s) '02_demo_advanced_patterns' retrieved from /opt/airflow/dags/02_demo_advanced_patterns.py
[2025-11-18T03:56:27.614+0000] {logging_mixin.py:188} INFO - [2025-11-18T03:56:27.614+0000] {dag.py:3033} INFO - Sync 1 DAGs
[2025-11-18T03:56:27.624+0000] {logging_mixin.py:188} INFO - [2025-11-18T03:56:27.624+0000] {dag.py:3820} INFO - Setting next_dagrun for 02_demo_advanced_patterns to 2025-11-17T00:00:00+00:00, run_after=2025-11-18T00:00:00+00:00
[2025-11-18T03:56:27.631+0000] {processor.py:183} INFO - Processing /opt/airflow/dags/02_demo_advanced_patterns.py took 0.243 seconds
[2025-11-18T03:56:58.601+0000] {processor.py:161} INFO - Started process (PID=161) to work on /opt/airflow/dags/02_demo_advanced_patterns.py
[2025-11-18T03:56:58.601+0000] {processor.py:830} INFO - Processing file /opt/airflow/dags/02_demo_advanced_patterns.py for tasks to queue
[2025-11-18T03:56:58.602+0000] {logging_mixin.py:188} INFO - [2025-11-18T03:56:58.602+0000] {dagbag.py:538} INFO - Filling up the DagBag from /opt/airflow/dags/02_demo_advanced_patterns.py
[2025-11-18T03:56:58.780+0000] {logging_mixin.py:188} WARNING - /home/airflow/.local/lib/python3.10/site-packages/airflow/models/baseoperator.py:437 RemovedInAirflow3Warning: provide_context is deprecated as of 2.0 and is no longer required
[2025-11-18T03:56:58.781+0000] {logging_mixin.py:188} WARNING - /home/airflow/.local/lib/python3.10/site-packages/airflow/models/baseoperator.py:437 RemovedInAirflow3Warning: none_failed_or_skipped Trigger Rule is deprecated. Please use `none_failed_min_one_success`.
[2025-11-18T03:56:58.783+0000] {processor.py:840} INFO - DAG(s) '02_demo_advanced_patterns' retrieved from /opt/airflow/dags/02_demo_advanced_patterns.py
[2025-11-18T03:56:58.792+0000] {logging_mixin.py:188} INFO - [2025-11-18T03:56:58.792+0000] {dag.py:3033} INFO - Sync 1 DAGs
[2025-11-18T03:56:58.800+0000] {logging_mixin.py:188} INFO - [2025-11-18T03:56:58.800+0000] {dag.py:3820} INFO - Setting next_dagrun for 02_demo_advanced_patterns to 2025-11-17T00:00:00+00:00, run_after=2025-11-18T00:00:00+00:00
[2025-11-18T03:56:58.808+0000] {processor.py:183} INFO - Processing /opt/airflow/dags/02_demo_advanced_patterns.py took 0.209 seconds
[2025-11-18T03:57:28.878+0000] {processor.py:161} INFO - Started process (PID=164) to work on /opt/airflow/dags/02_demo_advanced_patterns.py
[2025-11-18T03:57:28.878+0000] {processor.py:830} INFO - Processing file /opt/airflow/dags/02_demo_advanced_patterns.py for tasks to queue
[2025-11-18T03:57:28.879+0000] {logging_mixin.py:188} INFO - [2025-11-18T03:57:28.879+0000] {dagbag.py:538} INFO - Filling up the DagBag from /opt/airflow/dags/02_demo_advanced_patterns.py
[2025-11-18T03:57:29.060+0000] {logging_mixin.py:188} WARNING - /home/airflow/.local/lib/python3.10/site-packages/airflow/models/baseoperator.py:437 RemovedInAirflow3Warning: provide_context is deprecated as of 2.0 and is no longer required
[2025-11-18T03:57:29.061+0000] {logging_mixin.py:188} WARNING - /home/airflow/.local/lib/python3.10/site-packages/airflow/models/baseoperator.py:437 RemovedInAirflow3Warning: none_failed_or_skipped Trigger Rule is deprecated. Please use `none_failed_min_one_success`.
[2025-11-18T03:57:29.063+0000] {processor.py:840} INFO - DAG(s) '02_demo_advanced_patterns' retrieved from /opt/airflow/dags/02_demo_advanced_patterns.py
[2025-11-18T03:57:29.073+0000] {logging_mixin.py:188} INFO - [2025-11-18T03:57:29.073+0000] {dag.py:3033} INFO - Sync 1 DAGs
[2025-11-18T03:57:29.082+0000] {logging_mixin.py:188} INFO - [2025-11-18T03:57:29.082+0000] {dag.py:3820} INFO - Setting next_dagrun for 02_demo_advanced_patterns to 2025-11-17T00:00:00+00:00, run_after=2025-11-18T00:00:00+00:00
[2025-11-18T03:57:29.089+0000] {processor.py:183} INFO - Processing /opt/airflow/dags/02_demo_advanced_patterns.py took 0.213 seconds
[2025-11-18T03:57:59.128+0000] {processor.py:161} INFO - Started process (PID=167) to work on /opt/airflow/dags/02_demo_advanced_patterns.py
[2025-11-18T03:57:59.129+0000] {processor.py:830} INFO - Processing file /opt/airflow/dags/02_demo_advanced_patterns.py for tasks to queue
[2025-11-18T03:57:59.130+0000] {logging_mixin.py:188} INFO - [2025-11-18T03:57:59.130+0000] {dagbag.py:538} INFO - Filling up the DagBag from /opt/airflow/dags/02_demo_advanced_patterns.py
[2025-11-18T03:57:59.338+0000] {logging_mixin.py:188} WARNING - /home/airflow/.local/lib/python3.10/site-packages/airflow/models/baseoperator.py:437 RemovedInAirflow3Warning: provide_context is deprecated as of 2.0 and is no longer required
[2025-11-18T03:57:59.339+0000] {logging_mixin.py:188} WARNING - /home/airflow/.local/lib/python3.10/site-packages/airflow/models/baseoperator.py:437 RemovedInAirflow3Warning: none_failed_or_skipped Trigger Rule is deprecated. Please use `none_failed_min_one_success`.
[2025-11-18T03:57:59.342+0000] {processor.py:840} INFO - DAG(s) '02_demo_advanced_patterns' retrieved from /opt/airflow/dags/02_demo_advanced_patterns.py
[2025-11-18T03:57:59.355+0000] {logging_mixin.py:188} INFO - [2025-11-18T03:57:59.355+0000] {dag.py:3033} INFO - Sync 1 DAGs
[2025-11-18T03:57:59.365+0000] {logging_mixin.py:188} INFO - [2025-11-18T03:57:59.365+0000] {dag.py:3820} INFO - Setting next_dagrun for 02_demo_advanced_patterns to 2025-11-17T00:00:00+00:00, run_after=2025-11-18T00:00:00+00:00
[2025-11-18T03:57:59.373+0000] {processor.py:183} INFO - Processing /opt/airflow/dags/02_demo_advanced_patterns.py took 0.247 seconds
[2025-11-18T03:58:29.431+0000] {processor.py:161} INFO - Started process (PID=170) to work on /opt/airflow/dags/02_demo_advanced_patterns.py
[2025-11-18T03:58:29.432+0000] {processor.py:830} INFO - Processing file /opt/airflow/dags/02_demo_advanced_patterns.py for tasks to queue
[2025-11-18T03:58:29.433+0000] {logging_mixin.py:188} INFO - [2025-11-18T03:58:29.433+0000] {dagbag.py:538} INFO - Filling up the DagBag from /opt/airflow/dags/02_demo_advanced_patterns.py
[2025-11-18T03:58:29.626+0000] {logging_mixin.py:188} WARNING - /home/airflow/.local/lib/python3.10/site-packages/airflow/models/baseoperator.py:437 RemovedInAirflow3Warning: provide_context is deprecated as of 2.0 and is no longer required
[2025-11-18T03:58:29.627+0000] {logging_mixin.py:188} WARNING - /home/airflow/.local/lib/python3.10/site-packages/airflow/models/baseoperator.py:437 RemovedInAirflow3Warning: none_failed_or_skipped Trigger Rule is deprecated. Please use `none_failed_min_one_success`.
[2025-11-18T03:58:29.629+0000] {processor.py:840} INFO - DAG(s) '02_demo_advanced_patterns' retrieved from /opt/airflow/dags/02_demo_advanced_patterns.py
[2025-11-18T03:58:29.640+0000] {logging_mixin.py:188} INFO - [2025-11-18T03:58:29.640+0000] {dag.py:3033} INFO - Sync 1 DAGs
[2025-11-18T03:58:29.649+0000] {logging_mixin.py:188} INFO - [2025-11-18T03:58:29.649+0000] {dag.py:3820} INFO - Setting next_dagrun for 02_demo_advanced_patterns to 2025-11-17T00:00:00+00:00, run_after=2025-11-18T00:00:00+00:00
[2025-11-18T03:58:29.656+0000] {processor.py:183} INFO - Processing /opt/airflow/dags/02_demo_advanced_patterns.py took 0.227 seconds
[2025-11-18T03:58:59.686+0000] {processor.py:161} INFO - Started process (PID=173) to work on /opt/airflow/dags/02_demo_advanced_patterns.py
[2025-11-18T03:58:59.686+0000] {processor.py:830} INFO - Processing file /opt/airflow/dags/02_demo_advanced_patterns.py for tasks to queue
[2025-11-18T03:58:59.687+0000] {logging_mixin.py:188} INFO - [2025-11-18T03:58:59.687+0000] {dagbag.py:538} INFO - Filling up the DagBag from /opt/airflow/dags/02_demo_advanced_patterns.py
[2025-11-18T03:58:59.860+0000] {logging_mixin.py:188} WARNING - /home/airflow/.local/lib/python3.10/site-packages/airflow/models/baseoperator.py:437 RemovedInAirflow3Warning: provide_context is deprecated as of 2.0 and is no longer required
[2025-11-18T03:58:59.861+0000] {logging_mixin.py:188} WARNING - /home/airflow/.local/lib/python3.10/site-packages/airflow/models/baseoperator.py:437 RemovedInAirflow3Warning: none_failed_or_skipped Trigger Rule is deprecated. Please use `none_failed_min_one_success`.
[2025-11-18T03:58:59.863+0000] {processor.py:840} INFO - DAG(s) '02_demo_advanced_patterns' retrieved from /opt/airflow/dags/02_demo_advanced_patterns.py
[2025-11-18T03:58:59.873+0000] {logging_mixin.py:188} INFO - [2025-11-18T03:58:59.873+0000] {dag.py:3033} INFO - Sync 1 DAGs
[2025-11-18T03:58:59.881+0000] {logging_mixin.py:188} INFO - [2025-11-18T03:58:59.881+0000] {dag.py:3820} INFO - Setting next_dagrun for 02_demo_advanced_patterns to 2025-11-17T00:00:00+00:00, run_after=2025-11-18T00:00:00+00:00
[2025-11-18T03:58:59.888+0000] {processor.py:183} INFO - Processing /opt/airflow/dags/02_demo_advanced_patterns.py took 0.204 seconds
[2025-11-18T03:59:29.906+0000] {processor.py:161} INFO - Started process (PID=176) to work on /opt/airflow/dags/02_demo_advanced_patterns.py
[2025-11-18T03:59:29.907+0000] {processor.py:830} INFO - Processing file /opt/airflow/dags/02_demo_advanced_patterns.py for tasks to queue
[2025-11-18T03:59:29.908+0000] {logging_mixin.py:188} INFO - [2025-11-18T03:59:29.908+0000] {dagbag.py:538} INFO - Filling up the DagBag from /opt/airflow/dags/02_demo_advanced_patterns.py
[2025-11-18T03:59:30.096+0000] {logging_mixin.py:188} WARNING - /home/airflow/.local/lib/python3.10/site-packages/airflow/models/baseoperator.py:437 RemovedInAirflow3Warning: provide_context is deprecated as of 2.0 and is no longer required
[2025-11-18T03:59:30.097+0000] {logging_mixin.py:188} WARNING - /home/airflow/.local/lib/python3.10/site-packages/airflow/models/baseoperator.py:437 RemovedInAirflow3Warning: none_failed_or_skipped Trigger Rule is deprecated. Please use `none_failed_min_one_success`.
[2025-11-18T03:59:30.100+0000] {processor.py:840} INFO - DAG(s) '02_demo_advanced_patterns' retrieved from /opt/airflow/dags/02_demo_advanced_patterns.py
[2025-11-18T03:59:30.111+0000] {logging_mixin.py:188} INFO - [2025-11-18T03:59:30.111+0000] {dag.py:3033} INFO - Sync 1 DAGs
[2025-11-18T03:59:30.120+0000] {logging_mixin.py:188} INFO - [2025-11-18T03:59:30.120+0000] {dag.py:3820} INFO - Setting next_dagrun for 02_demo_advanced_patterns to 2025-11-17T00:00:00+00:00, run_after=2025-11-18T00:00:00+00:00
[2025-11-18T03:59:30.129+0000] {processor.py:183} INFO - Processing /opt/airflow/dags/02_demo_advanced_patterns.py took 0.224 seconds
[2025-11-18T04:00:00.170+0000] {processor.py:161} INFO - Started process (PID=179) to work on /opt/airflow/dags/02_demo_advanced_patterns.py
[2025-11-18T04:00:00.171+0000] {processor.py:830} INFO - Processing file /opt/airflow/dags/02_demo_advanced_patterns.py for tasks to queue
[2025-11-18T04:00:00.172+0000] {logging_mixin.py:188} INFO - [2025-11-18T04:00:00.172+0000] {dagbag.py:538} INFO - Filling up the DagBag from /opt/airflow/dags/02_demo_advanced_patterns.py
[2025-11-18T04:00:00.349+0000] {logging_mixin.py:188} WARNING - /home/airflow/.local/lib/python3.10/site-packages/airflow/models/baseoperator.py:437 RemovedInAirflow3Warning: provide_context is deprecated as of 2.0 and is no longer required
[2025-11-18T04:00:00.350+0000] {logging_mixin.py:188} WARNING - /home/airflow/.local/lib/python3.10/site-packages/airflow/models/baseoperator.py:437 RemovedInAirflow3Warning: none_failed_or_skipped Trigger Rule is deprecated. Please use `none_failed_min_one_success`.
[2025-11-18T04:00:00.352+0000] {processor.py:840} INFO - DAG(s) '02_demo_advanced_patterns' retrieved from /opt/airflow/dags/02_demo_advanced_patterns.py
[2025-11-18T04:00:00.361+0000] {logging_mixin.py:188} INFO - [2025-11-18T04:00:00.361+0000] {dag.py:3033} INFO - Sync 1 DAGs
[2025-11-18T04:00:00.370+0000] {logging_mixin.py:188} INFO - [2025-11-18T04:00:00.370+0000] {dag.py:3820} INFO - Setting next_dagrun for 02_demo_advanced_patterns to 2025-11-17T00:00:00+00:00, run_after=2025-11-18T00:00:00+00:00
[2025-11-18T04:00:00.377+0000] {processor.py:183} INFO - Processing /opt/airflow/dags/02_demo_advanced_patterns.py took 0.208 seconds
[2025-11-18T04:00:30.449+0000] {processor.py:161} INFO - Started process (PID=182) to work on /opt/airflow/dags/02_demo_advanced_patterns.py
[2025-11-18T04:00:30.449+0000] {processor.py:830} INFO - Processing file /opt/airflow/dags/02_demo_advanced_patterns.py for tasks to queue
[2025-11-18T04:00:30.451+0000] {logging_mixin.py:188} INFO - [2025-11-18T04:00:30.451+0000] {dagbag.py:538} INFO - Filling up the DagBag from /opt/airflow/dags/02_demo_advanced_patterns.py
[2025-11-18T04:00:30.651+0000] {logging_mixin.py:188} WARNING - /home/airflow/.local/lib/python3.10/site-packages/airflow/models/baseoperator.py:437 RemovedInAirflow3Warning: provide_context is deprecated as of 2.0 and is no longer required
[2025-11-18T04:00:30.653+0000] {logging_mixin.py:188} WARNING - /home/airflow/.local/lib/python3.10/site-packages/airflow/models/baseoperator.py:437 RemovedInAirflow3Warning: none_failed_or_skipped Trigger Rule is deprecated. Please use `none_failed_min_one_success`.
[2025-11-18T04:00:30.657+0000] {processor.py:840} INFO - DAG(s) '02_demo_advanced_patterns' retrieved from /opt/airflow/dags/02_demo_advanced_patterns.py
[2025-11-18T04:00:30.668+0000] {logging_mixin.py:188} INFO - [2025-11-18T04:00:30.668+0000] {dag.py:3033} INFO - Sync 1 DAGs
[2025-11-18T04:00:30.678+0000] {logging_mixin.py:188} INFO - [2025-11-18T04:00:30.678+0000] {dag.py:3820} INFO - Setting next_dagrun for 02_demo_advanced_patterns to 2025-11-17T00:00:00+00:00, run_after=2025-11-18T00:00:00+00:00
[2025-11-18T04:00:30.688+0000] {processor.py:183} INFO - Processing /opt/airflow/dags/02_demo_advanced_patterns.py took 0.241 seconds
[2025-11-18T04:01:00.732+0000] {processor.py:161} INFO - Started process (PID=185) to work on /opt/airflow/dags/02_demo_advanced_patterns.py
[2025-11-18T04:01:00.733+0000] {processor.py:830} INFO - Processing file /opt/airflow/dags/02_demo_advanced_patterns.py for tasks to queue
[2025-11-18T04:01:00.734+0000] {logging_mixin.py:188} INFO - [2025-11-18T04:01:00.734+0000] {dagbag.py:538} INFO - Filling up the DagBag from /opt/airflow/dags/02_demo_advanced_patterns.py
[2025-11-18T04:01:00.916+0000] {logging_mixin.py:188} WARNING - /home/airflow/.local/lib/python3.10/site-packages/airflow/models/baseoperator.py:437 RemovedInAirflow3Warning: provide_context is deprecated as of 2.0 and is no longer required
[2025-11-18T04:01:00.917+0000] {logging_mixin.py:188} WARNING - /home/airflow/.local/lib/python3.10/site-packages/airflow/models/baseoperator.py:437 RemovedInAirflow3Warning: none_failed_or_skipped Trigger Rule is deprecated. Please use `none_failed_min_one_success`.
[2025-11-18T04:01:00.919+0000] {processor.py:840} INFO - DAG(s) '02_demo_advanced_patterns' retrieved from /opt/airflow/dags/02_demo_advanced_patterns.py
[2025-11-18T04:01:00.929+0000] {logging_mixin.py:188} INFO - [2025-11-18T04:01:00.929+0000] {dag.py:3033} INFO - Sync 1 DAGs
[2025-11-18T04:01:00.938+0000] {logging_mixin.py:188} INFO - [2025-11-18T04:01:00.937+0000] {dag.py:3820} INFO - Setting next_dagrun for 02_demo_advanced_patterns to 2025-11-17T00:00:00+00:00, run_after=2025-11-18T00:00:00+00:00
[2025-11-18T04:01:00.944+0000] {processor.py:183} INFO - Processing /opt/airflow/dags/02_demo_advanced_patterns.py took 0.214 seconds
[2025-11-18T04:01:31.022+0000] {processor.py:161} INFO - Started process (PID=188) to work on /opt/airflow/dags/02_demo_advanced_patterns.py
[2025-11-18T04:01:31.023+0000] {processor.py:830} INFO - Processing file /opt/airflow/dags/02_demo_advanced_patterns.py for tasks to queue
[2025-11-18T04:01:31.024+0000] {logging_mixin.py:188} INFO - [2025-11-18T04:01:31.024+0000] {dagbag.py:538} INFO - Filling up the DagBag from /opt/airflow/dags/02_demo_advanced_patterns.py
[2025-11-18T04:01:31.218+0000] {logging_mixin.py:188} WARNING - /home/airflow/.local/lib/python3.10/site-packages/airflow/models/baseoperator.py:437 RemovedInAirflow3Warning: provide_context is deprecated as of 2.0 and is no longer required
[2025-11-18T04:01:31.219+0000] {logging_mixin.py:188} WARNING - /home/airflow/.local/lib/python3.10/site-packages/airflow/models/baseoperator.py:437 RemovedInAirflow3Warning: none_failed_or_skipped Trigger Rule is deprecated. Please use `none_failed_min_one_success`.
[2025-11-18T04:01:31.222+0000] {processor.py:840} INFO - DAG(s) '02_demo_advanced_patterns' retrieved from /opt/airflow/dags/02_demo_advanced_patterns.py
[2025-11-18T04:01:31.232+0000] {logging_mixin.py:188} INFO - [2025-11-18T04:01:31.232+0000] {dag.py:3033} INFO - Sync 1 DAGs
[2025-11-18T04:01:31.240+0000] {logging_mixin.py:188} INFO - [2025-11-18T04:01:31.240+0000] {dag.py:3820} INFO - Setting next_dagrun for 02_demo_advanced_patterns to 2025-11-17T00:00:00+00:00, run_after=2025-11-18T00:00:00+00:00
[2025-11-18T04:01:31.247+0000] {processor.py:183} INFO - Processing /opt/airflow/dags/02_demo_advanced_patterns.py took 0.227 seconds
[2025-11-18T04:02:01.317+0000] {processor.py:161} INFO - Started process (PID=191) to work on /opt/airflow/dags/02_demo_advanced_patterns.py
[2025-11-18T04:02:01.318+0000] {processor.py:830} INFO - Processing file /opt/airflow/dags/02_demo_advanced_patterns.py for tasks to queue
[2025-11-18T04:02:01.319+0000] {logging_mixin.py:188} INFO - [2025-11-18T04:02:01.319+0000] {dagbag.py:538} INFO - Filling up the DagBag from /opt/airflow/dags/02_demo_advanced_patterns.py
[2025-11-18T04:02:01.497+0000] {logging_mixin.py:188} WARNING - /home/airflow/.local/lib/python3.10/site-packages/airflow/models/baseoperator.py:437 RemovedInAirflow3Warning: provide_context is deprecated as of 2.0 and is no longer required
[2025-11-18T04:02:01.498+0000] {logging_mixin.py:188} WARNING - /home/airflow/.local/lib/python3.10/site-packages/airflow/models/baseoperator.py:437 RemovedInAirflow3Warning: none_failed_or_skipped Trigger Rule is deprecated. Please use `none_failed_min_one_success`.
[2025-11-18T04:02:01.500+0000] {processor.py:840} INFO - DAG(s) '02_demo_advanced_patterns' retrieved from /opt/airflow/dags/02_demo_advanced_patterns.py
[2025-11-18T04:02:01.511+0000] {logging_mixin.py:188} INFO - [2025-11-18T04:02:01.510+0000] {dag.py:3033} INFO - Sync 1 DAGs
[2025-11-18T04:02:01.519+0000] {logging_mixin.py:188} INFO - [2025-11-18T04:02:01.519+0000] {dag.py:3820} INFO - Setting next_dagrun for 02_demo_advanced_patterns to 2025-11-17T00:00:00+00:00, run_after=2025-11-18T00:00:00+00:00
[2025-11-18T04:02:01.527+0000] {processor.py:183} INFO - Processing /opt/airflow/dags/02_demo_advanced_patterns.py took 0.211 seconds
[2025-11-18T04:02:31.600+0000] {processor.py:161} INFO - Started process (PID=194) to work on /opt/airflow/dags/02_demo_advanced_patterns.py
[2025-11-18T04:02:31.601+0000] {processor.py:830} INFO - Processing file /opt/airflow/dags/02_demo_advanced_patterns.py for tasks to queue
[2025-11-18T04:02:31.602+0000] {logging_mixin.py:188} INFO - [2025-11-18T04:02:31.601+0000] {dagbag.py:538} INFO - Filling up the DagBag from /opt/airflow/dags/02_demo_advanced_patterns.py
[2025-11-18T04:02:31.784+0000] {logging_mixin.py:188} WARNING - /home/airflow/.local/lib/python3.10/site-packages/airflow/models/baseoperator.py:437 RemovedInAirflow3Warning: provide_context is deprecated as of 2.0 and is no longer required
[2025-11-18T04:02:31.785+0000] {logging_mixin.py:188} WARNING - /home/airflow/.local/lib/python3.10/site-packages/airflow/models/baseoperator.py:437 RemovedInAirflow3Warning: none_failed_or_skipped Trigger Rule is deprecated. Please use `none_failed_min_one_success`.
[2025-11-18T04:02:31.788+0000] {processor.py:840} INFO - DAG(s) '02_demo_advanced_patterns' retrieved from /opt/airflow/dags/02_demo_advanced_patterns.py
[2025-11-18T04:02:31.800+0000] {logging_mixin.py:188} INFO - [2025-11-18T04:02:31.800+0000] {dag.py:3033} INFO - Sync 1 DAGs
[2025-11-18T04:02:31.809+0000] {logging_mixin.py:188} INFO - [2025-11-18T04:02:31.809+0000] {dag.py:3820} INFO - Setting next_dagrun for 02_demo_advanced_patterns to 2025-11-17T00:00:00+00:00, run_after=2025-11-18T00:00:00+00:00
[2025-11-18T04:02:31.817+0000] {processor.py:183} INFO - Processing /opt/airflow/dags/02_demo_advanced_patterns.py took 0.218 seconds
[2025-11-18T04:03:01.879+0000] {processor.py:161} INFO - Started process (PID=197) to work on /opt/airflow/dags/02_demo_advanced_patterns.py
[2025-11-18T04:03:01.880+0000] {processor.py:830} INFO - Processing file /opt/airflow/dags/02_demo_advanced_patterns.py for tasks to queue
[2025-11-18T04:03:01.881+0000] {logging_mixin.py:188} INFO - [2025-11-18T04:03:01.881+0000] {dagbag.py:538} INFO - Filling up the DagBag from /opt/airflow/dags/02_demo_advanced_patterns.py
[2025-11-18T04:03:02.071+0000] {logging_mixin.py:188} WARNING - /home/airflow/.local/lib/python3.10/site-packages/airflow/models/baseoperator.py:437 RemovedInAirflow3Warning: provide_context is deprecated as of 2.0 and is no longer required
[2025-11-18T04:03:02.072+0000] {logging_mixin.py:188} WARNING - /home/airflow/.local/lib/python3.10/site-packages/airflow/models/baseoperator.py:437 RemovedInAirflow3Warning: none_failed_or_skipped Trigger Rule is deprecated. Please use `none_failed_min_one_success`.
[2025-11-18T04:03:02.074+0000] {processor.py:840} INFO - DAG(s) '02_demo_advanced_patterns' retrieved from /opt/airflow/dags/02_demo_advanced_patterns.py
[2025-11-18T04:03:02.085+0000] {logging_mixin.py:188} INFO - [2025-11-18T04:03:02.084+0000] {dag.py:3033} INFO - Sync 1 DAGs
[2025-11-18T04:03:02.093+0000] {logging_mixin.py:188} INFO - [2025-11-18T04:03:02.093+0000] {dag.py:3820} INFO - Setting next_dagrun for 02_demo_advanced_patterns to 2025-11-17T00:00:00+00:00, run_after=2025-11-18T00:00:00+00:00
[2025-11-18T04:03:02.099+0000] {processor.py:183} INFO - Processing /opt/airflow/dags/02_demo_advanced_patterns.py took 0.221 seconds
[2025-11-18T04:03:32.182+0000] {processor.py:161} INFO - Started process (PID=200) to work on /opt/airflow/dags/02_demo_advanced_patterns.py
[2025-11-18T04:03:32.183+0000] {processor.py:830} INFO - Processing file /opt/airflow/dags/02_demo_advanced_patterns.py for tasks to queue
[2025-11-18T04:03:32.184+0000] {logging_mixin.py:188} INFO - [2025-11-18T04:03:32.184+0000] {dagbag.py:538} INFO - Filling up the DagBag from /opt/airflow/dags/02_demo_advanced_patterns.py
[2025-11-18T04:03:32.371+0000] {logging_mixin.py:188} WARNING - /home/airflow/.local/lib/python3.10/site-packages/airflow/models/baseoperator.py:437 RemovedInAirflow3Warning: provide_context is deprecated as of 2.0 and is no longer required
[2025-11-18T04:03:32.372+0000] {logging_mixin.py:188} WARNING - /home/airflow/.local/lib/python3.10/site-packages/airflow/models/baseoperator.py:437 RemovedInAirflow3Warning: none_failed_or_skipped Trigger Rule is deprecated. Please use `none_failed_min_one_success`.
[2025-11-18T04:03:32.374+0000] {processor.py:840} INFO - DAG(s) '02_demo_advanced_patterns' retrieved from /opt/airflow/dags/02_demo_advanced_patterns.py
[2025-11-18T04:03:32.384+0000] {logging_mixin.py:188} INFO - [2025-11-18T04:03:32.384+0000] {dag.py:3033} INFO - Sync 1 DAGs
[2025-11-18T04:03:32.393+0000] {logging_mixin.py:188} INFO - [2025-11-18T04:03:32.393+0000] {dag.py:3820} INFO - Setting next_dagrun for 02_demo_advanced_patterns to 2025-11-17T00:00:00+00:00, run_after=2025-11-18T00:00:00+00:00
[2025-11-18T04:03:32.401+0000] {processor.py:183} INFO - Processing /opt/airflow/dags/02_demo_advanced_patterns.py took 0.220 seconds
[2025-11-18T04:04:02.471+0000] {processor.py:161} INFO - Started process (PID=203) to work on /opt/airflow/dags/02_demo_advanced_patterns.py
[2025-11-18T04:04:02.471+0000] {processor.py:830} INFO - Processing file /opt/airflow/dags/02_demo_advanced_patterns.py for tasks to queue
[2025-11-18T04:04:02.472+0000] {logging_mixin.py:188} INFO - [2025-11-18T04:04:02.472+0000] {dagbag.py:538} INFO - Filling up the DagBag from /opt/airflow/dags/02_demo_advanced_patterns.py
[2025-11-18T04:04:02.649+0000] {logging_mixin.py:188} WARNING - /home/airflow/.local/lib/python3.10/site-packages/airflow/models/baseoperator.py:437 RemovedInAirflow3Warning: provide_context is deprecated as of 2.0 and is no longer required
[2025-11-18T04:04:02.650+0000] {logging_mixin.py:188} WARNING - /home/airflow/.local/lib/python3.10/site-packages/airflow/models/baseoperator.py:437 RemovedInAirflow3Warning: none_failed_or_skipped Trigger Rule is deprecated. Please use `none_failed_min_one_success`.
[2025-11-18T04:04:02.652+0000] {processor.py:840} INFO - DAG(s) '02_demo_advanced_patterns' retrieved from /opt/airflow/dags/02_demo_advanced_patterns.py
[2025-11-18T04:04:02.662+0000] {logging_mixin.py:188} INFO - [2025-11-18T04:04:02.662+0000] {dag.py:3033} INFO - Sync 1 DAGs
[2025-11-18T04:04:02.670+0000] {logging_mixin.py:188} INFO - [2025-11-18T04:04:02.669+0000] {dag.py:3820} INFO - Setting next_dagrun for 02_demo_advanced_patterns to 2025-11-17T00:00:00+00:00, run_after=2025-11-18T00:00:00+00:00
[2025-11-18T04:04:02.677+0000] {processor.py:183} INFO - Processing /opt/airflow/dags/02_demo_advanced_patterns.py took 0.208 seconds
[2025-11-18T04:04:32.726+0000] {processor.py:161} INFO - Started process (PID=206) to work on /opt/airflow/dags/02_demo_advanced_patterns.py
[2025-11-18T04:04:32.727+0000] {processor.py:830} INFO - Processing file /opt/airflow/dags/02_demo_advanced_patterns.py for tasks to queue
[2025-11-18T04:04:32.728+0000] {logging_mixin.py:188} INFO - [2025-11-18T04:04:32.728+0000] {dagbag.py:538} INFO - Filling up the DagBag from /opt/airflow/dags/02_demo_advanced_patterns.py
[2025-11-18T04:04:32.944+0000] {logging_mixin.py:188} WARNING - /home/airflow/.local/lib/python3.10/site-packages/airflow/models/baseoperator.py:437 RemovedInAirflow3Warning: provide_context is deprecated as of 2.0 and is no longer required
[2025-11-18T04:04:32.945+0000] {logging_mixin.py:188} WARNING - /home/airflow/.local/lib/python3.10/site-packages/airflow/models/baseoperator.py:437 RemovedInAirflow3Warning: none_failed_or_skipped Trigger Rule is deprecated. Please use `none_failed_min_one_success`.
[2025-11-18T04:04:32.947+0000] {processor.py:840} INFO - DAG(s) '02_demo_advanced_patterns' retrieved from /opt/airflow/dags/02_demo_advanced_patterns.py
[2025-11-18T04:04:32.960+0000] {logging_mixin.py:188} INFO - [2025-11-18T04:04:32.960+0000] {dag.py:3033} INFO - Sync 1 DAGs
[2025-11-18T04:04:32.970+0000] {logging_mixin.py:188} INFO - [2025-11-18T04:04:32.969+0000] {dag.py:3820} INFO - Setting next_dagrun for 02_demo_advanced_patterns to 2025-11-17T00:00:00+00:00, run_after=2025-11-18T00:00:00+00:00
[2025-11-18T04:04:32.980+0000] {processor.py:183} INFO - Processing /opt/airflow/dags/02_demo_advanced_patterns.py took 0.256 seconds
[2025-11-18T04:05:03.020+0000] {processor.py:161} INFO - Started process (PID=209) to work on /opt/airflow/dags/02_demo_advanced_patterns.py
[2025-11-18T04:05:03.021+0000] {processor.py:830} INFO - Processing file /opt/airflow/dags/02_demo_advanced_patterns.py for tasks to queue
[2025-11-18T04:05:03.022+0000] {logging_mixin.py:188} INFO - [2025-11-18T04:05:03.022+0000] {dagbag.py:538} INFO - Filling up the DagBag from /opt/airflow/dags/02_demo_advanced_patterns.py
[2025-11-18T04:05:03.202+0000] {logging_mixin.py:188} WARNING - /home/airflow/.local/lib/python3.10/site-packages/airflow/models/baseoperator.py:437 RemovedInAirflow3Warning: provide_context is deprecated as of 2.0 and is no longer required
[2025-11-18T04:05:03.203+0000] {logging_mixin.py:188} WARNING - /home/airflow/.local/lib/python3.10/site-packages/airflow/models/baseoperator.py:437 RemovedInAirflow3Warning: none_failed_or_skipped Trigger Rule is deprecated. Please use `none_failed_min_one_success`.
[2025-11-18T04:05:03.205+0000] {processor.py:840} INFO - DAG(s) '02_demo_advanced_patterns' retrieved from /opt/airflow/dags/02_demo_advanced_patterns.py
[2025-11-18T04:05:03.217+0000] {logging_mixin.py:188} INFO - [2025-11-18T04:05:03.216+0000] {dag.py:3033} INFO - Sync 1 DAGs
[2025-11-18T04:05:03.225+0000] {logging_mixin.py:188} INFO - [2025-11-18T04:05:03.225+0000] {dag.py:3820} INFO - Setting next_dagrun for 02_demo_advanced_patterns to 2025-11-17T00:00:00+00:00, run_after=2025-11-18T00:00:00+00:00
[2025-11-18T04:05:03.232+0000] {processor.py:183} INFO - Processing /opt/airflow/dags/02_demo_advanced_patterns.py took 0.213 seconds
[2025-11-18T04:05:33.275+0000] {processor.py:161} INFO - Started process (PID=212) to work on /opt/airflow/dags/02_demo_advanced_patterns.py
[2025-11-18T04:05:33.275+0000] {processor.py:830} INFO - Processing file /opt/airflow/dags/02_demo_advanced_patterns.py for tasks to queue
[2025-11-18T04:05:33.276+0000] {logging_mixin.py:188} INFO - [2025-11-18T04:05:33.276+0000] {dagbag.py:538} INFO - Filling up the DagBag from /opt/airflow/dags/02_demo_advanced_patterns.py
[2025-11-18T04:05:33.457+0000] {logging_mixin.py:188} WARNING - /home/airflow/.local/lib/python3.10/site-packages/airflow/models/baseoperator.py:437 RemovedInAirflow3Warning: provide_context is deprecated as of 2.0 and is no longer required
[2025-11-18T04:05:33.458+0000] {logging_mixin.py:188} WARNING - /home/airflow/.local/lib/python3.10/site-packages/airflow/models/baseoperator.py:437 RemovedInAirflow3Warning: none_failed_or_skipped Trigger Rule is deprecated. Please use `none_failed_min_one_success`.
[2025-11-18T04:05:33.460+0000] {processor.py:840} INFO - DAG(s) '02_demo_advanced_patterns' retrieved from /opt/airflow/dags/02_demo_advanced_patterns.py
[2025-11-18T04:05:33.470+0000] {logging_mixin.py:188} INFO - [2025-11-18T04:05:33.470+0000] {dag.py:3033} INFO - Sync 1 DAGs
[2025-11-18T04:05:33.477+0000] {logging_mixin.py:188} INFO - [2025-11-18T04:05:33.477+0000] {dag.py:3820} INFO - Setting next_dagrun for 02_demo_advanced_patterns to 2025-11-17T00:00:00+00:00, run_after=2025-11-18T00:00:00+00:00
[2025-11-18T04:05:33.483+0000] {processor.py:183} INFO - Processing /opt/airflow/dags/02_demo_advanced_patterns.py took 0.210 seconds
[2025-11-18T04:06:03.546+0000] {processor.py:161} INFO - Started process (PID=215) to work on /opt/airflow/dags/02_demo_advanced_patterns.py
[2025-11-18T04:06:03.547+0000] {processor.py:830} INFO - Processing file /opt/airflow/dags/02_demo_advanced_patterns.py for tasks to queue
[2025-11-18T04:06:03.548+0000] {logging_mixin.py:188} INFO - [2025-11-18T04:06:03.548+0000] {dagbag.py:538} INFO - Filling up the DagBag from /opt/airflow/dags/02_demo_advanced_patterns.py
[2025-11-18T04:06:03.764+0000] {logging_mixin.py:188} WARNING - /home/airflow/.local/lib/python3.10/site-packages/airflow/models/baseoperator.py:437 RemovedInAirflow3Warning: provide_context is deprecated as of 2.0 and is no longer required
[2025-11-18T04:06:03.765+0000] {logging_mixin.py:188} WARNING - /home/airflow/.local/lib/python3.10/site-packages/airflow/models/baseoperator.py:437 RemovedInAirflow3Warning: none_failed_or_skipped Trigger Rule is deprecated. Please use `none_failed_min_one_success`.
[2025-11-18T04:06:03.769+0000] {processor.py:840} INFO - DAG(s) '02_demo_advanced_patterns' retrieved from /opt/airflow/dags/02_demo_advanced_patterns.py
[2025-11-18T04:06:03.780+0000] {logging_mixin.py:188} INFO - [2025-11-18T04:06:03.779+0000] {dag.py:3033} INFO - Sync 1 DAGs
[2025-11-18T04:06:03.788+0000] {logging_mixin.py:188} INFO - [2025-11-18T04:06:03.788+0000] {dag.py:3820} INFO - Setting next_dagrun for 02_demo_advanced_patterns to 2025-11-17T00:00:00+00:00, run_after=2025-11-18T00:00:00+00:00
[2025-11-18T04:06:03.796+0000] {processor.py:183} INFO - Processing /opt/airflow/dags/02_demo_advanced_patterns.py took 0.252 seconds
[2025-11-18T04:06:33.851+0000] {processor.py:161} INFO - Started process (PID=218) to work on /opt/airflow/dags/02_demo_advanced_patterns.py
[2025-11-18T04:06:33.852+0000] {processor.py:830} INFO - Processing file /opt/airflow/dags/02_demo_advanced_patterns.py for tasks to queue
[2025-11-18T04:06:33.853+0000] {logging_mixin.py:188} INFO - [2025-11-18T04:06:33.853+0000] {dagbag.py:538} INFO - Filling up the DagBag from /opt/airflow/dags/02_demo_advanced_patterns.py
[2025-11-18T04:06:34.030+0000] {logging_mixin.py:188} WARNING - /home/airflow/.local/lib/python3.10/site-packages/airflow/models/baseoperator.py:437 RemovedInAirflow3Warning: provide_context is deprecated as of 2.0 and is no longer required
[2025-11-18T04:06:34.031+0000] {logging_mixin.py:188} WARNING - /home/airflow/.local/lib/python3.10/site-packages/airflow/models/baseoperator.py:437 RemovedInAirflow3Warning: none_failed_or_skipped Trigger Rule is deprecated. Please use `none_failed_min_one_success`.
[2025-11-18T04:06:34.034+0000] {processor.py:840} INFO - DAG(s) '02_demo_advanced_patterns' retrieved from /opt/airflow/dags/02_demo_advanced_patterns.py
[2025-11-18T04:06:34.044+0000] {logging_mixin.py:188} INFO - [2025-11-18T04:06:34.043+0000] {dag.py:3033} INFO - Sync 1 DAGs
[2025-11-18T04:06:34.051+0000] {logging_mixin.py:188} INFO - [2025-11-18T04:06:34.051+0000] {dag.py:3820} INFO - Setting next_dagrun for 02_demo_advanced_patterns to 2025-11-17T00:00:00+00:00, run_after=2025-11-18T00:00:00+00:00
[2025-11-18T04:06:34.058+0000] {processor.py:183} INFO - Processing /opt/airflow/dags/02_demo_advanced_patterns.py took 0.208 seconds
[2025-11-18T04:07:04.130+0000] {processor.py:161} INFO - Started process (PID=221) to work on /opt/airflow/dags/02_demo_advanced_patterns.py
[2025-11-18T04:07:04.130+0000] {processor.py:830} INFO - Processing file /opt/airflow/dags/02_demo_advanced_patterns.py for tasks to queue
[2025-11-18T04:07:04.131+0000] {logging_mixin.py:188} INFO - [2025-11-18T04:07:04.131+0000] {dagbag.py:538} INFO - Filling up the DagBag from /opt/airflow/dags/02_demo_advanced_patterns.py
[2025-11-18T04:07:04.303+0000] {logging_mixin.py:188} WARNING - /home/airflow/.local/lib/python3.10/site-packages/airflow/models/baseoperator.py:437 RemovedInAirflow3Warning: provide_context is deprecated as of 2.0 and is no longer required
[2025-11-18T04:07:04.303+0000] {logging_mixin.py:188} WARNING - /home/airflow/.local/lib/python3.10/site-packages/airflow/models/baseoperator.py:437 RemovedInAirflow3Warning: none_failed_or_skipped Trigger Rule is deprecated. Please use `none_failed_min_one_success`.
[2025-11-18T04:07:04.305+0000] {processor.py:840} INFO - DAG(s) '02_demo_advanced_patterns' retrieved from /opt/airflow/dags/02_demo_advanced_patterns.py
[2025-11-18T04:07:04.315+0000] {logging_mixin.py:188} INFO - [2025-11-18T04:07:04.315+0000] {dag.py:3033} INFO - Sync 1 DAGs
[2025-11-18T04:07:04.324+0000] {logging_mixin.py:188} INFO - [2025-11-18T04:07:04.324+0000] {dag.py:3820} INFO - Setting next_dagrun for 02_demo_advanced_patterns to 2025-11-17T00:00:00+00:00, run_after=2025-11-18T00:00:00+00:00
[2025-11-18T04:07:04.330+0000] {processor.py:183} INFO - Processing /opt/airflow/dags/02_demo_advanced_patterns.py took 0.202 seconds
[2025-11-18T04:07:34.418+0000] {processor.py:161} INFO - Started process (PID=224) to work on /opt/airflow/dags/02_demo_advanced_patterns.py
[2025-11-18T04:07:34.418+0000] {processor.py:830} INFO - Processing file /opt/airflow/dags/02_demo_advanced_patterns.py for tasks to queue
[2025-11-18T04:07:34.419+0000] {logging_mixin.py:188} INFO - [2025-11-18T04:07:34.419+0000] {dagbag.py:538} INFO - Filling up the DagBag from /opt/airflow/dags/02_demo_advanced_patterns.py
[2025-11-18T04:07:34.615+0000] {logging_mixin.py:188} WARNING - /home/airflow/.local/lib/python3.10/site-packages/airflow/models/baseoperator.py:437 RemovedInAirflow3Warning: provide_context is deprecated as of 2.0 and is no longer required
[2025-11-18T04:07:34.615+0000] {logging_mixin.py:188} WARNING - /home/airflow/.local/lib/python3.10/site-packages/airflow/models/baseoperator.py:437 RemovedInAirflow3Warning: none_failed_or_skipped Trigger Rule is deprecated. Please use `none_failed_min_one_success`.
[2025-11-18T04:07:34.618+0000] {processor.py:840} INFO - DAG(s) '02_demo_advanced_patterns' retrieved from /opt/airflow/dags/02_demo_advanced_patterns.py
[2025-11-18T04:07:34.628+0000] {logging_mixin.py:188} INFO - [2025-11-18T04:07:34.628+0000] {dag.py:3033} INFO - Sync 1 DAGs
[2025-11-18T04:07:34.637+0000] {logging_mixin.py:188} INFO - [2025-11-18T04:07:34.637+0000] {dag.py:3820} INFO - Setting next_dagrun for 02_demo_advanced_patterns to 2025-11-17T00:00:00+00:00, run_after=2025-11-18T00:00:00+00:00
[2025-11-18T04:07:34.645+0000] {processor.py:183} INFO - Processing /opt/airflow/dags/02_demo_advanced_patterns.py took 0.230 seconds
[2025-11-18T04:08:04.720+0000] {processor.py:161} INFO - Started process (PID=227) to work on /opt/airflow/dags/02_demo_advanced_patterns.py
[2025-11-18T04:08:04.720+0000] {processor.py:830} INFO - Processing file /opt/airflow/dags/02_demo_advanced_patterns.py for tasks to queue
[2025-11-18T04:08:04.721+0000] {logging_mixin.py:188} INFO - [2025-11-18T04:08:04.721+0000] {dagbag.py:538} INFO - Filling up the DagBag from /opt/airflow/dags/02_demo_advanced_patterns.py
[2025-11-18T04:08:04.905+0000] {logging_mixin.py:188} WARNING - /home/airflow/.local/lib/python3.10/site-packages/airflow/models/baseoperator.py:437 RemovedInAirflow3Warning: provide_context is deprecated as of 2.0 and is no longer required
[2025-11-18T04:08:04.906+0000] {logging_mixin.py:188} WARNING - /home/airflow/.local/lib/python3.10/site-packages/airflow/models/baseoperator.py:437 RemovedInAirflow3Warning: none_failed_or_skipped Trigger Rule is deprecated. Please use `none_failed_min_one_success`.
[2025-11-18T04:08:04.908+0000] {processor.py:840} INFO - DAG(s) '02_demo_advanced_patterns' retrieved from /opt/airflow/dags/02_demo_advanced_patterns.py
[2025-11-18T04:08:04.918+0000] {logging_mixin.py:188} INFO - [2025-11-18T04:08:04.918+0000] {dag.py:3033} INFO - Sync 1 DAGs
[2025-11-18T04:08:04.926+0000] {logging_mixin.py:188} INFO - [2025-11-18T04:08:04.926+0000] {dag.py:3820} INFO - Setting next_dagrun for 02_demo_advanced_patterns to 2025-11-17T00:00:00+00:00, run_after=2025-11-18T00:00:00+00:00
[2025-11-18T04:08:04.933+0000] {processor.py:183} INFO - Processing /opt/airflow/dags/02_demo_advanced_patterns.py took 0.216 seconds
[2025-11-18T04:08:35.021+0000] {processor.py:161} INFO - Started process (PID=230) to work on /opt/airflow/dags/02_demo_advanced_patterns.py
[2025-11-18T04:08:35.021+0000] {processor.py:830} INFO - Processing file /opt/airflow/dags/02_demo_advanced_patterns.py for tasks to queue
[2025-11-18T04:08:35.022+0000] {logging_mixin.py:188} INFO - [2025-11-18T04:08:35.022+0000] {dagbag.py:538} INFO - Filling up the DagBag from /opt/airflow/dags/02_demo_advanced_patterns.py
[2025-11-18T04:08:35.201+0000] {logging_mixin.py:188} WARNING - /home/airflow/.local/lib/python3.10/site-packages/airflow/models/baseoperator.py:437 RemovedInAirflow3Warning: provide_context is deprecated as of 2.0 and is no longer required
[2025-11-18T04:08:35.202+0000] {logging_mixin.py:188} WARNING - /home/airflow/.local/lib/python3.10/site-packages/airflow/models/baseoperator.py:437 RemovedInAirflow3Warning: none_failed_or_skipped Trigger Rule is deprecated. Please use `none_failed_min_one_success`.
[2025-11-18T04:08:35.204+0000] {processor.py:840} INFO - DAG(s) '02_demo_advanced_patterns' retrieved from /opt/airflow/dags/02_demo_advanced_patterns.py
[2025-11-18T04:08:35.215+0000] {logging_mixin.py:188} INFO - [2025-11-18T04:08:35.215+0000] {dag.py:3033} INFO - Sync 1 DAGs
[2025-11-18T04:08:35.223+0000] {logging_mixin.py:188} INFO - [2025-11-18T04:08:35.223+0000] {dag.py:3820} INFO - Setting next_dagrun for 02_demo_advanced_patterns to 2025-11-17T00:00:00+00:00, run_after=2025-11-18T00:00:00+00:00
[2025-11-18T04:08:35.229+0000] {processor.py:183} INFO - Processing /opt/airflow/dags/02_demo_advanced_patterns.py took 0.210 seconds
[2025-11-18T04:09:05.276+0000] {processor.py:161} INFO - Started process (PID=233) to work on /opt/airflow/dags/02_demo_advanced_patterns.py
[2025-11-18T04:09:05.276+0000] {processor.py:830} INFO - Processing file /opt/airflow/dags/02_demo_advanced_patterns.py for tasks to queue
[2025-11-18T04:09:05.277+0000] {logging_mixin.py:188} INFO - [2025-11-18T04:09:05.277+0000] {dagbag.py:538} INFO - Filling up the DagBag from /opt/airflow/dags/02_demo_advanced_patterns.py
[2025-11-18T04:09:05.456+0000] {logging_mixin.py:188} WARNING - /home/airflow/.local/lib/python3.10/site-packages/airflow/models/baseoperator.py:437 RemovedInAirflow3Warning: provide_context is deprecated as of 2.0 and is no longer required
[2025-11-18T04:09:05.457+0000] {logging_mixin.py:188} WARNING - /home/airflow/.local/lib/python3.10/site-packages/airflow/models/baseoperator.py:437 RemovedInAirflow3Warning: none_failed_or_skipped Trigger Rule is deprecated. Please use `none_failed_min_one_success`.
[2025-11-18T04:09:05.459+0000] {processor.py:840} INFO - DAG(s) '02_demo_advanced_patterns' retrieved from /opt/airflow/dags/02_demo_advanced_patterns.py
[2025-11-18T04:09:05.469+0000] {logging_mixin.py:188} INFO - [2025-11-18T04:09:05.468+0000] {dag.py:3033} INFO - Sync 1 DAGs
[2025-11-18T04:09:05.477+0000] {logging_mixin.py:188} INFO - [2025-11-18T04:09:05.477+0000] {dag.py:3820} INFO - Setting next_dagrun for 02_demo_advanced_patterns to 2025-11-17T00:00:00+00:00, run_after=2025-11-18T00:00:00+00:00
[2025-11-18T04:09:05.483+0000] {processor.py:183} INFO - Processing /opt/airflow/dags/02_demo_advanced_patterns.py took 0.209 seconds
[2025-11-18T04:09:35.569+0000] {processor.py:161} INFO - Started process (PID=236) to work on /opt/airflow/dags/02_demo_advanced_patterns.py
[2025-11-18T04:09:35.570+0000] {processor.py:830} INFO - Processing file /opt/airflow/dags/02_demo_advanced_patterns.py for tasks to queue
[2025-11-18T04:09:35.571+0000] {logging_mixin.py:188} INFO - [2025-11-18T04:09:35.571+0000] {dagbag.py:538} INFO - Filling up the DagBag from /opt/airflow/dags/02_demo_advanced_patterns.py
[2025-11-18T04:09:35.772+0000] {logging_mixin.py:188} WARNING - /home/airflow/.local/lib/python3.10/site-packages/airflow/models/baseoperator.py:437 RemovedInAirflow3Warning: provide_context is deprecated as of 2.0 and is no longer required
[2025-11-18T04:09:35.773+0000] {logging_mixin.py:188} WARNING - /home/airflow/.local/lib/python3.10/site-packages/airflow/models/baseoperator.py:437 RemovedInAirflow3Warning: none_failed_or_skipped Trigger Rule is deprecated. Please use `none_failed_min_one_success`.
[2025-11-18T04:09:35.775+0000] {processor.py:840} INFO - DAG(s) '02_demo_advanced_patterns' retrieved from /opt/airflow/dags/02_demo_advanced_patterns.py
[2025-11-18T04:09:35.787+0000] {logging_mixin.py:188} INFO - [2025-11-18T04:09:35.787+0000] {dag.py:3033} INFO - Sync 1 DAGs
[2025-11-18T04:09:35.797+0000] {logging_mixin.py:188} INFO - [2025-11-18T04:09:35.796+0000] {dag.py:3820} INFO - Setting next_dagrun for 02_demo_advanced_patterns to 2025-11-17T00:00:00+00:00, run_after=2025-11-18T00:00:00+00:00
[2025-11-18T04:09:35.804+0000] {processor.py:183} INFO - Processing /opt/airflow/dags/02_demo_advanced_patterns.py took 0.237 seconds
[2025-11-18T04:10:05.853+0000] {processor.py:161} INFO - Started process (PID=239) to work on /opt/airflow/dags/02_demo_advanced_patterns.py
[2025-11-18T04:10:05.853+0000] {processor.py:830} INFO - Processing file /opt/airflow/dags/02_demo_advanced_patterns.py for tasks to queue
[2025-11-18T04:10:05.854+0000] {logging_mixin.py:188} INFO - [2025-11-18T04:10:05.854+0000] {dagbag.py:538} INFO - Filling up the DagBag from /opt/airflow/dags/02_demo_advanced_patterns.py
[2025-11-18T04:10:06.038+0000] {logging_mixin.py:188} WARNING - /home/airflow/.local/lib/python3.10/site-packages/airflow/models/baseoperator.py:437 RemovedInAirflow3Warning: provide_context is deprecated as of 2.0 and is no longer required
[2025-11-18T04:10:06.039+0000] {logging_mixin.py:188} WARNING - /home/airflow/.local/lib/python3.10/site-packages/airflow/models/baseoperator.py:437 RemovedInAirflow3Warning: none_failed_or_skipped Trigger Rule is deprecated. Please use `none_failed_min_one_success`.
[2025-11-18T04:10:06.042+0000] {processor.py:840} INFO - DAG(s) '02_demo_advanced_patterns' retrieved from /opt/airflow/dags/02_demo_advanced_patterns.py
[2025-11-18T04:10:06.052+0000] {logging_mixin.py:188} INFO - [2025-11-18T04:10:06.052+0000] {dag.py:3033} INFO - Sync 1 DAGs
[2025-11-18T04:10:06.061+0000] {logging_mixin.py:188} INFO - [2025-11-18T04:10:06.061+0000] {dag.py:3820} INFO - Setting next_dagrun for 02_demo_advanced_patterns to 2025-11-17T00:00:00+00:00, run_after=2025-11-18T00:00:00+00:00
[2025-11-18T04:10:06.068+0000] {processor.py:183} INFO - Processing /opt/airflow/dags/02_demo_advanced_patterns.py took 0.216 seconds
[2025-11-18T04:10:36.132+0000] {processor.py:161} INFO - Started process (PID=242) to work on /opt/airflow/dags/02_demo_advanced_patterns.py
[2025-11-18T04:10:36.132+0000] {processor.py:830} INFO - Processing file /opt/airflow/dags/02_demo_advanced_patterns.py for tasks to queue
[2025-11-18T04:10:36.133+0000] {logging_mixin.py:188} INFO - [2025-11-18T04:10:36.133+0000] {dagbag.py:538} INFO - Filling up the DagBag from /opt/airflow/dags/02_demo_advanced_patterns.py
[2025-11-18T04:10:36.309+0000] {logging_mixin.py:188} WARNING - /home/airflow/.local/lib/python3.10/site-packages/airflow/models/baseoperator.py:437 RemovedInAirflow3Warning: provide_context is deprecated as of 2.0 and is no longer required
[2025-11-18T04:10:36.310+0000] {logging_mixin.py:188} WARNING - /home/airflow/.local/lib/python3.10/site-packages/airflow/models/baseoperator.py:437 RemovedInAirflow3Warning: none_failed_or_skipped Trigger Rule is deprecated. Please use `none_failed_min_one_success`.
[2025-11-18T04:10:36.312+0000] {processor.py:840} INFO - DAG(s) '02_demo_advanced_patterns' retrieved from /opt/airflow/dags/02_demo_advanced_patterns.py
[2025-11-18T04:10:36.322+0000] {logging_mixin.py:188} INFO - [2025-11-18T04:10:36.322+0000] {dag.py:3033} INFO - Sync 1 DAGs
[2025-11-18T04:10:36.330+0000] {logging_mixin.py:188} INFO - [2025-11-18T04:10:36.330+0000] {dag.py:3820} INFO - Setting next_dagrun for 02_demo_advanced_patterns to 2025-11-17T00:00:00+00:00, run_after=2025-11-18T00:00:00+00:00
[2025-11-18T04:10:36.337+0000] {processor.py:183} INFO - Processing /opt/airflow/dags/02_demo_advanced_patterns.py took 0.207 seconds
[2025-11-18T04:11:06.422+0000] {processor.py:161} INFO - Started process (PID=245) to work on /opt/airflow/dags/02_demo_advanced_patterns.py
[2025-11-18T04:11:06.422+0000] {processor.py:830} INFO - Processing file /opt/airflow/dags/02_demo_advanced_patterns.py for tasks to queue
[2025-11-18T04:11:06.424+0000] {logging_mixin.py:188} INFO - [2025-11-18T04:11:06.424+0000] {dagbag.py:538} INFO - Filling up the DagBag from /opt/airflow/dags/02_demo_advanced_patterns.py
[2025-11-18T04:11:06.635+0000] {logging_mixin.py:188} WARNING - /home/airflow/.local/lib/python3.10/site-packages/airflow/models/baseoperator.py:437 RemovedInAirflow3Warning: provide_context is deprecated as of 2.0 and is no longer required
[2025-11-18T04:11:06.636+0000] {logging_mixin.py:188} WARNING - /home/airflow/.local/lib/python3.10/site-packages/airflow/models/baseoperator.py:437 RemovedInAirflow3Warning: none_failed_or_skipped Trigger Rule is deprecated. Please use `none_failed_min_one_success`.
[2025-11-18T04:11:06.638+0000] {processor.py:840} INFO - DAG(s) '02_demo_advanced_patterns' retrieved from /opt/airflow/dags/02_demo_advanced_patterns.py
[2025-11-18T04:11:06.651+0000] {logging_mixin.py:188} INFO - [2025-11-18T04:11:06.651+0000] {dag.py:3033} INFO - Sync 1 DAGs
[2025-11-18T04:11:06.661+0000] {logging_mixin.py:188} INFO - [2025-11-18T04:11:06.661+0000] {dag.py:3820} INFO - Setting next_dagrun for 02_demo_advanced_patterns to 2025-11-17T00:00:00+00:00, run_after=2025-11-18T00:00:00+00:00
[2025-11-18T04:11:06.669+0000] {processor.py:183} INFO - Processing /opt/airflow/dags/02_demo_advanced_patterns.py took 0.250 seconds
[2025-11-18T04:11:36.720+0000] {processor.py:161} INFO - Started process (PID=248) to work on /opt/airflow/dags/02_demo_advanced_patterns.py
[2025-11-18T04:11:36.720+0000] {processor.py:830} INFO - Processing file /opt/airflow/dags/02_demo_advanced_patterns.py for tasks to queue
[2025-11-18T04:11:36.722+0000] {logging_mixin.py:188} INFO - [2025-11-18T04:11:36.721+0000] {dagbag.py:538} INFO - Filling up the DagBag from /opt/airflow/dags/02_demo_advanced_patterns.py
[2025-11-18T04:11:36.900+0000] {logging_mixin.py:188} WARNING - /home/airflow/.local/lib/python3.10/site-packages/airflow/models/baseoperator.py:437 RemovedInAirflow3Warning: provide_context is deprecated as of 2.0 and is no longer required
[2025-11-18T04:11:36.901+0000] {logging_mixin.py:188} WARNING - /home/airflow/.local/lib/python3.10/site-packages/airflow/models/baseoperator.py:437 RemovedInAirflow3Warning: none_failed_or_skipped Trigger Rule is deprecated. Please use `none_failed_min_one_success`.
[2025-11-18T04:11:36.903+0000] {processor.py:840} INFO - DAG(s) '02_demo_advanced_patterns' retrieved from /opt/airflow/dags/02_demo_advanced_patterns.py
[2025-11-18T04:11:36.913+0000] {logging_mixin.py:188} INFO - [2025-11-18T04:11:36.913+0000] {dag.py:3033} INFO - Sync 1 DAGs
[2025-11-18T04:11:36.922+0000] {logging_mixin.py:188} INFO - [2025-11-18T04:11:36.922+0000] {dag.py:3820} INFO - Setting next_dagrun for 02_demo_advanced_patterns to 2025-11-17T00:00:00+00:00, run_after=2025-11-18T00:00:00+00:00
[2025-11-18T04:11:36.929+0000] {processor.py:183} INFO - Processing /opt/airflow/dags/02_demo_advanced_patterns.py took 0.210 seconds
[2025-11-18T04:12:06.983+0000] {processor.py:161} INFO - Started process (PID=251) to work on /opt/airflow/dags/02_demo_advanced_patterns.py
[2025-11-18T04:12:06.983+0000] {processor.py:830} INFO - Processing file /opt/airflow/dags/02_demo_advanced_patterns.py for tasks to queue
[2025-11-18T04:12:06.984+0000] {logging_mixin.py:188} INFO - [2025-11-18T04:12:06.984+0000] {dagbag.py:538} INFO - Filling up the DagBag from /opt/airflow/dags/02_demo_advanced_patterns.py
[2025-11-18T04:12:07.166+0000] {logging_mixin.py:188} WARNING - /home/airflow/.local/lib/python3.10/site-packages/airflow/models/baseoperator.py:437 RemovedInAirflow3Warning: provide_context is deprecated as of 2.0 and is no longer required
[2025-11-18T04:12:07.166+0000] {logging_mixin.py:188} WARNING - /home/airflow/.local/lib/python3.10/site-packages/airflow/models/baseoperator.py:437 RemovedInAirflow3Warning: none_failed_or_skipped Trigger Rule is deprecated. Please use `none_failed_min_one_success`.
[2025-11-18T04:12:07.169+0000] {processor.py:840} INFO - DAG(s) '02_demo_advanced_patterns' retrieved from /opt/airflow/dags/02_demo_advanced_patterns.py
[2025-11-18T04:12:07.179+0000] {logging_mixin.py:188} INFO - [2025-11-18T04:12:07.179+0000] {dag.py:3033} INFO - Sync 1 DAGs
[2025-11-18T04:12:07.188+0000] {logging_mixin.py:188} INFO - [2025-11-18T04:12:07.188+0000] {dag.py:3820} INFO - Setting next_dagrun for 02_demo_advanced_patterns to 2025-11-17T00:00:00+00:00, run_after=2025-11-18T00:00:00+00:00
[2025-11-18T04:12:07.196+0000] {processor.py:183} INFO - Processing /opt/airflow/dags/02_demo_advanced_patterns.py took 0.215 seconds
[2025-11-18T04:12:37.240+0000] {processor.py:161} INFO - Started process (PID=254) to work on /opt/airflow/dags/02_demo_advanced_patterns.py
[2025-11-18T04:12:37.241+0000] {processor.py:830} INFO - Processing file /opt/airflow/dags/02_demo_advanced_patterns.py for tasks to queue
[2025-11-18T04:12:37.243+0000] {logging_mixin.py:188} INFO - [2025-11-18T04:12:37.242+0000] {dagbag.py:538} INFO - Filling up the DagBag from /opt/airflow/dags/02_demo_advanced_patterns.py
[2025-11-18T04:12:37.439+0000] {logging_mixin.py:188} WARNING - /home/airflow/.local/lib/python3.10/site-packages/airflow/models/baseoperator.py:437 RemovedInAirflow3Warning: provide_context is deprecated as of 2.0 and is no longer required
[2025-11-18T04:12:37.440+0000] {logging_mixin.py:188} WARNING - /home/airflow/.local/lib/python3.10/site-packages/airflow/models/baseoperator.py:437 RemovedInAirflow3Warning: none_failed_or_skipped Trigger Rule is deprecated. Please use `none_failed_min_one_success`.
[2025-11-18T04:12:37.444+0000] {processor.py:840} INFO - DAG(s) '02_demo_advanced_patterns' retrieved from /opt/airflow/dags/02_demo_advanced_patterns.py
[2025-11-18T04:12:37.456+0000] {logging_mixin.py:188} INFO - [2025-11-18T04:12:37.456+0000] {dag.py:3033} INFO - Sync 1 DAGs
[2025-11-18T04:12:37.468+0000] {logging_mixin.py:188} INFO - [2025-11-18T04:12:37.468+0000] {dag.py:3820} INFO - Setting next_dagrun for 02_demo_advanced_patterns to 2025-11-17T00:00:00+00:00, run_after=2025-11-18T00:00:00+00:00
[2025-11-18T04:12:37.477+0000] {processor.py:183} INFO - Processing /opt/airflow/dags/02_demo_advanced_patterns.py took 0.239 seconds
[2025-11-18T04:13:07.552+0000] {processor.py:161} INFO - Started process (PID=257) to work on /opt/airflow/dags/02_demo_advanced_patterns.py
[2025-11-18T04:13:07.552+0000] {processor.py:830} INFO - Processing file /opt/airflow/dags/02_demo_advanced_patterns.py for tasks to queue
[2025-11-18T04:13:07.553+0000] {logging_mixin.py:188} INFO - [2025-11-18T04:13:07.553+0000] {dagbag.py:538} INFO - Filling up the DagBag from /opt/airflow/dags/02_demo_advanced_patterns.py
[2025-11-18T04:13:07.739+0000] {logging_mixin.py:188} WARNING - /home/airflow/.local/lib/python3.10/site-packages/airflow/models/baseoperator.py:437 RemovedInAirflow3Warning: provide_context is deprecated as of 2.0 and is no longer required
[2025-11-18T04:13:07.740+0000] {logging_mixin.py:188} WARNING - /home/airflow/.local/lib/python3.10/site-packages/airflow/models/baseoperator.py:437 RemovedInAirflow3Warning: none_failed_or_skipped Trigger Rule is deprecated. Please use `none_failed_min_one_success`.
[2025-11-18T04:13:07.743+0000] {processor.py:840} INFO - DAG(s) '02_demo_advanced_patterns' retrieved from /opt/airflow/dags/02_demo_advanced_patterns.py
[2025-11-18T04:13:07.754+0000] {logging_mixin.py:188} INFO - [2025-11-18T04:13:07.753+0000] {dag.py:3033} INFO - Sync 1 DAGs
[2025-11-18T04:13:07.764+0000] {logging_mixin.py:188} INFO - [2025-11-18T04:13:07.764+0000] {dag.py:3820} INFO - Setting next_dagrun for 02_demo_advanced_patterns to 2025-11-17T00:00:00+00:00, run_after=2025-11-18T00:00:00+00:00
[2025-11-18T04:13:07.772+0000] {processor.py:183} INFO - Processing /opt/airflow/dags/02_demo_advanced_patterns.py took 0.222 seconds
[2025-11-18T04:13:37.835+0000] {processor.py:161} INFO - Started process (PID=260) to work on /opt/airflow/dags/02_demo_advanced_patterns.py
[2025-11-18T04:13:37.836+0000] {processor.py:830} INFO - Processing file /opt/airflow/dags/02_demo_advanced_patterns.py for tasks to queue
[2025-11-18T04:13:37.837+0000] {logging_mixin.py:188} INFO - [2025-11-18T04:13:37.837+0000] {dagbag.py:538} INFO - Filling up the DagBag from /opt/airflow/dags/02_demo_advanced_patterns.py
[2025-11-18T04:13:38.012+0000] {logging_mixin.py:188} WARNING - /home/airflow/.local/lib/python3.10/site-packages/airflow/models/baseoperator.py:437 RemovedInAirflow3Warning: provide_context is deprecated as of 2.0 and is no longer required
[2025-11-18T04:13:38.013+0000] {logging_mixin.py:188} WARNING - /home/airflow/.local/lib/python3.10/site-packages/airflow/models/baseoperator.py:437 RemovedInAirflow3Warning: none_failed_or_skipped Trigger Rule is deprecated. Please use `none_failed_min_one_success`.
[2025-11-18T04:13:38.016+0000] {processor.py:840} INFO - DAG(s) '02_demo_advanced_patterns' retrieved from /opt/airflow/dags/02_demo_advanced_patterns.py
[2025-11-18T04:13:38.028+0000] {logging_mixin.py:188} INFO - [2025-11-18T04:13:38.028+0000] {dag.py:3033} INFO - Sync 1 DAGs
[2025-11-18T04:13:38.036+0000] {logging_mixin.py:188} INFO - [2025-11-18T04:13:38.036+0000] {dag.py:3820} INFO - Setting next_dagrun for 02_demo_advanced_patterns to 2025-11-17T00:00:00+00:00, run_after=2025-11-18T00:00:00+00:00
[2025-11-18T04:13:38.043+0000] {processor.py:183} INFO - Processing /opt/airflow/dags/02_demo_advanced_patterns.py took 0.210 seconds
[2025-11-18T04:14:08.099+0000] {processor.py:161} INFO - Started process (PID=263) to work on /opt/airflow/dags/02_demo_advanced_patterns.py
[2025-11-18T04:14:08.099+0000] {processor.py:830} INFO - Processing file /opt/airflow/dags/02_demo_advanced_patterns.py for tasks to queue
[2025-11-18T04:14:08.100+0000] {logging_mixin.py:188} INFO - [2025-11-18T04:14:08.100+0000] {dagbag.py:538} INFO - Filling up the DagBag from /opt/airflow/dags/02_demo_advanced_patterns.py
[2025-11-18T04:14:08.280+0000] {logging_mixin.py:188} WARNING - /home/airflow/.local/lib/python3.10/site-packages/airflow/models/baseoperator.py:437 RemovedInAirflow3Warning: provide_context is deprecated as of 2.0 and is no longer required
[2025-11-18T04:14:08.281+0000] {logging_mixin.py:188} WARNING - /home/airflow/.local/lib/python3.10/site-packages/airflow/models/baseoperator.py:437 RemovedInAirflow3Warning: none_failed_or_skipped Trigger Rule is deprecated. Please use `none_failed_min_one_success`.
[2025-11-18T04:14:08.283+0000] {processor.py:840} INFO - DAG(s) '02_demo_advanced_patterns' retrieved from /opt/airflow/dags/02_demo_advanced_patterns.py
[2025-11-18T04:14:08.293+0000] {logging_mixin.py:188} INFO - [2025-11-18T04:14:08.293+0000] {dag.py:3033} INFO - Sync 1 DAGs
[2025-11-18T04:14:08.301+0000] {logging_mixin.py:188} INFO - [2025-11-18T04:14:08.301+0000] {dag.py:3820} INFO - Setting next_dagrun for 02_demo_advanced_patterns to 2025-11-17T00:00:00+00:00, run_after=2025-11-18T00:00:00+00:00
[2025-11-18T04:14:08.308+0000] {processor.py:183} INFO - Processing /opt/airflow/dags/02_demo_advanced_patterns.py took 0.212 seconds
[2025-11-18T04:14:38.397+0000] {processor.py:161} INFO - Started process (PID=266) to work on /opt/airflow/dags/02_demo_advanced_patterns.py
[2025-11-18T04:14:38.398+0000] {processor.py:830} INFO - Processing file /opt/airflow/dags/02_demo_advanced_patterns.py for tasks to queue
[2025-11-18T04:14:38.399+0000] {logging_mixin.py:188} INFO - [2025-11-18T04:14:38.399+0000] {dagbag.py:538} INFO - Filling up the DagBag from /opt/airflow/dags/02_demo_advanced_patterns.py
[2025-11-18T04:14:38.576+0000] {logging_mixin.py:188} WARNING - /home/airflow/.local/lib/python3.10/site-packages/airflow/models/baseoperator.py:437 RemovedInAirflow3Warning: provide_context is deprecated as of 2.0 and is no longer required
[2025-11-18T04:14:38.576+0000] {logging_mixin.py:188} WARNING - /home/airflow/.local/lib/python3.10/site-packages/airflow/models/baseoperator.py:437 RemovedInAirflow3Warning: none_failed_or_skipped Trigger Rule is deprecated. Please use `none_failed_min_one_success`.
[2025-11-18T04:14:38.578+0000] {processor.py:840} INFO - DAG(s) '02_demo_advanced_patterns' retrieved from /opt/airflow/dags/02_demo_advanced_patterns.py
[2025-11-18T04:14:38.588+0000] {logging_mixin.py:188} INFO - [2025-11-18T04:14:38.588+0000] {dag.py:3033} INFO - Sync 1 DAGs
[2025-11-18T04:14:38.597+0000] {logging_mixin.py:188} INFO - [2025-11-18T04:14:38.597+0000] {dag.py:3820} INFO - Setting next_dagrun for 02_demo_advanced_patterns to 2025-11-17T00:00:00+00:00, run_after=2025-11-18T00:00:00+00:00
[2025-11-18T04:14:38.604+0000] {processor.py:183} INFO - Processing /opt/airflow/dags/02_demo_advanced_patterns.py took 0.209 seconds
[2025-11-18T04:15:08.677+0000] {processor.py:161} INFO - Started process (PID=269) to work on /opt/airflow/dags/02_demo_advanced_patterns.py
[2025-11-18T04:15:08.678+0000] {processor.py:830} INFO - Processing file /opt/airflow/dags/02_demo_advanced_patterns.py for tasks to queue
[2025-11-18T04:15:08.679+0000] {logging_mixin.py:188} INFO - [2025-11-18T04:15:08.679+0000] {dagbag.py:538} INFO - Filling up the DagBag from /opt/airflow/dags/02_demo_advanced_patterns.py
[2025-11-18T04:15:08.872+0000] {logging_mixin.py:188} WARNING - /home/airflow/.local/lib/python3.10/site-packages/airflow/models/baseoperator.py:437 RemovedInAirflow3Warning: provide_context is deprecated as of 2.0 and is no longer required
[2025-11-18T04:15:08.873+0000] {logging_mixin.py:188} WARNING - /home/airflow/.local/lib/python3.10/site-packages/airflow/models/baseoperator.py:437 RemovedInAirflow3Warning: none_failed_or_skipped Trigger Rule is deprecated. Please use `none_failed_min_one_success`.
[2025-11-18T04:15:08.875+0000] {processor.py:840} INFO - DAG(s) '02_demo_advanced_patterns' retrieved from /opt/airflow/dags/02_demo_advanced_patterns.py
[2025-11-18T04:15:08.887+0000] {logging_mixin.py:188} INFO - [2025-11-18T04:15:08.887+0000] {dag.py:3033} INFO - Sync 1 DAGs
[2025-11-18T04:15:08.897+0000] {logging_mixin.py:188} INFO - [2025-11-18T04:15:08.897+0000] {dag.py:3820} INFO - Setting next_dagrun for 02_demo_advanced_patterns to 2025-11-17T00:00:00+00:00, run_after=2025-11-18T00:00:00+00:00
[2025-11-18T04:15:08.904+0000] {processor.py:183} INFO - Processing /opt/airflow/dags/02_demo_advanced_patterns.py took 0.230 seconds
[2025-11-18T04:15:38.945+0000] {processor.py:161} INFO - Started process (PID=272) to work on /opt/airflow/dags/02_demo_advanced_patterns.py
[2025-11-18T04:15:38.945+0000] {processor.py:830} INFO - Processing file /opt/airflow/dags/02_demo_advanced_patterns.py for tasks to queue
[2025-11-18T04:15:38.947+0000] {logging_mixin.py:188} INFO - [2025-11-18T04:15:38.947+0000] {dagbag.py:538} INFO - Filling up the DagBag from /opt/airflow/dags/02_demo_advanced_patterns.py
[2025-11-18T04:15:39.151+0000] {logging_mixin.py:188} WARNING - /home/airflow/.local/lib/python3.10/site-packages/airflow/models/baseoperator.py:437 RemovedInAirflow3Warning: provide_context is deprecated as of 2.0 and is no longer required
[2025-11-18T04:15:39.152+0000] {logging_mixin.py:188} WARNING - /home/airflow/.local/lib/python3.10/site-packages/airflow/models/baseoperator.py:437 RemovedInAirflow3Warning: none_failed_or_skipped Trigger Rule is deprecated. Please use `none_failed_min_one_success`.
[2025-11-18T04:15:39.154+0000] {processor.py:840} INFO - DAG(s) '02_demo_advanced_patterns' retrieved from /opt/airflow/dags/02_demo_advanced_patterns.py
[2025-11-18T04:15:39.166+0000] {logging_mixin.py:188} INFO - [2025-11-18T04:15:39.165+0000] {dag.py:3033} INFO - Sync 1 DAGs
[2025-11-18T04:15:39.175+0000] {logging_mixin.py:188} INFO - [2025-11-18T04:15:39.175+0000] {dag.py:3820} INFO - Setting next_dagrun for 02_demo_advanced_patterns to 2025-11-17T00:00:00+00:00, run_after=2025-11-18T00:00:00+00:00
[2025-11-18T04:15:39.184+0000] {processor.py:183} INFO - Processing /opt/airflow/dags/02_demo_advanced_patterns.py took 0.241 seconds
[2025-11-18T04:16:09.251+0000] {processor.py:161} INFO - Started process (PID=275) to work on /opt/airflow/dags/02_demo_advanced_patterns.py
[2025-11-18T04:16:09.252+0000] {processor.py:830} INFO - Processing file /opt/airflow/dags/02_demo_advanced_patterns.py for tasks to queue
[2025-11-18T04:16:09.253+0000] {logging_mixin.py:188} INFO - [2025-11-18T04:16:09.253+0000] {dagbag.py:538} INFO - Filling up the DagBag from /opt/airflow/dags/02_demo_advanced_patterns.py
[2025-11-18T04:16:09.426+0000] {logging_mixin.py:188} WARNING - /home/airflow/.local/lib/python3.10/site-packages/airflow/models/baseoperator.py:437 RemovedInAirflow3Warning: provide_context is deprecated as of 2.0 and is no longer required
[2025-11-18T04:16:09.427+0000] {logging_mixin.py:188} WARNING - /home/airflow/.local/lib/python3.10/site-packages/airflow/models/baseoperator.py:437 RemovedInAirflow3Warning: none_failed_or_skipped Trigger Rule is deprecated. Please use `none_failed_min_one_success`.
[2025-11-18T04:16:09.429+0000] {processor.py:840} INFO - DAG(s) '02_demo_advanced_patterns' retrieved from /opt/airflow/dags/02_demo_advanced_patterns.py
[2025-11-18T04:16:09.439+0000] {logging_mixin.py:188} INFO - [2025-11-18T04:16:09.439+0000] {dag.py:3033} INFO - Sync 1 DAGs
[2025-11-18T04:16:09.447+0000] {logging_mixin.py:188} INFO - [2025-11-18T04:16:09.447+0000] {dag.py:3820} INFO - Setting next_dagrun for 02_demo_advanced_patterns to 2025-11-17T00:00:00+00:00, run_after=2025-11-18T00:00:00+00:00
[2025-11-18T04:16:09.454+0000] {processor.py:183} INFO - Processing /opt/airflow/dags/02_demo_advanced_patterns.py took 0.204 seconds
[2025-11-18T04:16:39.544+0000] {processor.py:161} INFO - Started process (PID=278) to work on /opt/airflow/dags/02_demo_advanced_patterns.py
[2025-11-18T04:16:39.544+0000] {processor.py:830} INFO - Processing file /opt/airflow/dags/02_demo_advanced_patterns.py for tasks to queue
[2025-11-18T04:16:39.545+0000] {logging_mixin.py:188} INFO - [2025-11-18T04:16:39.545+0000] {dagbag.py:538} INFO - Filling up the DagBag from /opt/airflow/dags/02_demo_advanced_patterns.py
[2025-11-18T04:16:39.740+0000] {logging_mixin.py:188} WARNING - /home/airflow/.local/lib/python3.10/site-packages/airflow/models/baseoperator.py:437 RemovedInAirflow3Warning: provide_context is deprecated as of 2.0 and is no longer required
[2025-11-18T04:16:39.741+0000] {logging_mixin.py:188} WARNING - /home/airflow/.local/lib/python3.10/site-packages/airflow/models/baseoperator.py:437 RemovedInAirflow3Warning: none_failed_or_skipped Trigger Rule is deprecated. Please use `none_failed_min_one_success`.
[2025-11-18T04:16:39.743+0000] {processor.py:840} INFO - DAG(s) '02_demo_advanced_patterns' retrieved from /opt/airflow/dags/02_demo_advanced_patterns.py
[2025-11-18T04:16:39.754+0000] {logging_mixin.py:188} INFO - [2025-11-18T04:16:39.753+0000] {dag.py:3033} INFO - Sync 1 DAGs
[2025-11-18T04:16:39.763+0000] {logging_mixin.py:188} INFO - [2025-11-18T04:16:39.763+0000] {dag.py:3820} INFO - Setting next_dagrun for 02_demo_advanced_patterns to 2025-11-17T00:00:00+00:00, run_after=2025-11-18T00:00:00+00:00
[2025-11-18T04:16:39.771+0000] {processor.py:183} INFO - Processing /opt/airflow/dags/02_demo_advanced_patterns.py took 0.230 seconds
[2025-11-18T04:17:09.866+0000] {processor.py:161} INFO - Started process (PID=281) to work on /opt/airflow/dags/02_demo_advanced_patterns.py
[2025-11-18T04:17:09.867+0000] {processor.py:830} INFO - Processing file /opt/airflow/dags/02_demo_advanced_patterns.py for tasks to queue
[2025-11-18T04:17:09.868+0000] {logging_mixin.py:188} INFO - [2025-11-18T04:17:09.868+0000] {dagbag.py:538} INFO - Filling up the DagBag from /opt/airflow/dags/02_demo_advanced_patterns.py
[2025-11-18T04:17:10.051+0000] {logging_mixin.py:188} WARNING - /home/airflow/.local/lib/python3.10/site-packages/airflow/models/baseoperator.py:437 RemovedInAirflow3Warning: provide_context is deprecated as of 2.0 and is no longer required
[2025-11-18T04:17:10.052+0000] {logging_mixin.py:188} WARNING - /home/airflow/.local/lib/python3.10/site-packages/airflow/models/baseoperator.py:437 RemovedInAirflow3Warning: none_failed_or_skipped Trigger Rule is deprecated. Please use `none_failed_min_one_success`.
[2025-11-18T04:17:10.054+0000] {processor.py:840} INFO - DAG(s) '02_demo_advanced_patterns' retrieved from /opt/airflow/dags/02_demo_advanced_patterns.py
[2025-11-18T04:17:10.064+0000] {logging_mixin.py:188} INFO - [2025-11-18T04:17:10.064+0000] {dag.py:3033} INFO - Sync 1 DAGs
[2025-11-18T04:17:10.072+0000] {logging_mixin.py:188} INFO - [2025-11-18T04:17:10.072+0000] {dag.py:3820} INFO - Setting next_dagrun for 02_demo_advanced_patterns to 2025-11-17T00:00:00+00:00, run_after=2025-11-18T00:00:00+00:00
[2025-11-18T04:17:10.079+0000] {processor.py:183} INFO - Processing /opt/airflow/dags/02_demo_advanced_patterns.py took 0.214 seconds
[2025-11-18T04:17:40.145+0000] {processor.py:161} INFO - Started process (PID=284) to work on /opt/airflow/dags/02_demo_advanced_patterns.py
[2025-11-18T04:17:40.145+0000] {processor.py:830} INFO - Processing file /opt/airflow/dags/02_demo_advanced_patterns.py for tasks to queue
[2025-11-18T04:17:40.146+0000] {logging_mixin.py:188} INFO - [2025-11-18T04:17:40.146+0000] {dagbag.py:538} INFO - Filling up the DagBag from /opt/airflow/dags/02_demo_advanced_patterns.py
[2025-11-18T04:17:40.309+0000] {logging_mixin.py:188} WARNING - /home/airflow/.local/lib/python3.10/site-packages/airflow/models/baseoperator.py:437 RemovedInAirflow3Warning: provide_context is deprecated as of 2.0 and is no longer required
[2025-11-18T04:17:40.310+0000] {logging_mixin.py:188} WARNING - /home/airflow/.local/lib/python3.10/site-packages/airflow/models/baseoperator.py:437 RemovedInAirflow3Warning: none_failed_or_skipped Trigger Rule is deprecated. Please use `none_failed_min_one_success`.
[2025-11-18T04:17:40.312+0000] {processor.py:840} INFO - DAG(s) '02_demo_advanced_patterns' retrieved from /opt/airflow/dags/02_demo_advanced_patterns.py
[2025-11-18T04:17:40.321+0000] {logging_mixin.py:188} INFO - [2025-11-18T04:17:40.321+0000] {dag.py:3033} INFO - Sync 1 DAGs
[2025-11-18T04:17:40.329+0000] {logging_mixin.py:188} INFO - [2025-11-18T04:17:40.329+0000] {dag.py:3820} INFO - Setting next_dagrun for 02_demo_advanced_patterns to 2025-11-17T00:00:00+00:00, run_after=2025-11-18T00:00:00+00:00
[2025-11-18T04:17:40.338+0000] {processor.py:183} INFO - Processing /opt/airflow/dags/02_demo_advanced_patterns.py took 0.195 seconds
[2025-11-18T04:18:10.425+0000] {processor.py:161} INFO - Started process (PID=287) to work on /opt/airflow/dags/02_demo_advanced_patterns.py
[2025-11-18T04:18:10.425+0000] {processor.py:830} INFO - Processing file /opt/airflow/dags/02_demo_advanced_patterns.py for tasks to queue
[2025-11-18T04:18:10.426+0000] {logging_mixin.py:188} INFO - [2025-11-18T04:18:10.426+0000] {dagbag.py:538} INFO - Filling up the DagBag from /opt/airflow/dags/02_demo_advanced_patterns.py
[2025-11-18T04:18:10.590+0000] {logging_mixin.py:188} WARNING - /home/airflow/.local/lib/python3.10/site-packages/airflow/models/baseoperator.py:437 RemovedInAirflow3Warning: provide_context is deprecated as of 2.0 and is no longer required
[2025-11-18T04:18:10.591+0000] {logging_mixin.py:188} WARNING - /home/airflow/.local/lib/python3.10/site-packages/airflow/models/baseoperator.py:437 RemovedInAirflow3Warning: none_failed_or_skipped Trigger Rule is deprecated. Please use `none_failed_min_one_success`.
[2025-11-18T04:18:10.593+0000] {processor.py:840} INFO - DAG(s) '02_demo_advanced_patterns' retrieved from /opt/airflow/dags/02_demo_advanced_patterns.py
[2025-11-18T04:18:10.603+0000] {logging_mixin.py:188} INFO - [2025-11-18T04:18:10.603+0000] {dag.py:3033} INFO - Sync 1 DAGs
[2025-11-18T04:18:10.610+0000] {logging_mixin.py:188} INFO - [2025-11-18T04:18:10.610+0000] {dag.py:3820} INFO - Setting next_dagrun for 02_demo_advanced_patterns to 2025-11-17T00:00:00+00:00, run_after=2025-11-18T00:00:00+00:00
[2025-11-18T04:18:10.617+0000] {processor.py:183} INFO - Processing /opt/airflow/dags/02_demo_advanced_patterns.py took 0.194 seconds
[2025-11-18T04:18:40.686+0000] {processor.py:161} INFO - Started process (PID=290) to work on /opt/airflow/dags/02_demo_advanced_patterns.py
[2025-11-18T04:18:40.687+0000] {processor.py:830} INFO - Processing file /opt/airflow/dags/02_demo_advanced_patterns.py for tasks to queue
[2025-11-18T04:18:40.688+0000] {logging_mixin.py:188} INFO - [2025-11-18T04:18:40.688+0000] {dagbag.py:538} INFO - Filling up the DagBag from /opt/airflow/dags/02_demo_advanced_patterns.py
[2025-11-18T04:18:40.849+0000] {logging_mixin.py:188} WARNING - /home/airflow/.local/lib/python3.10/site-packages/airflow/models/baseoperator.py:437 RemovedInAirflow3Warning: provide_context is deprecated as of 2.0 and is no longer required
[2025-11-18T04:18:40.850+0000] {logging_mixin.py:188} WARNING - /home/airflow/.local/lib/python3.10/site-packages/airflow/models/baseoperator.py:437 RemovedInAirflow3Warning: none_failed_or_skipped Trigger Rule is deprecated. Please use `none_failed_min_one_success`.
[2025-11-18T04:18:40.852+0000] {processor.py:840} INFO - DAG(s) '02_demo_advanced_patterns' retrieved from /opt/airflow/dags/02_demo_advanced_patterns.py
[2025-11-18T04:18:40.861+0000] {logging_mixin.py:188} INFO - [2025-11-18T04:18:40.861+0000] {dag.py:3033} INFO - Sync 1 DAGs
[2025-11-18T04:18:40.869+0000] {logging_mixin.py:188} INFO - [2025-11-18T04:18:40.869+0000] {dag.py:3820} INFO - Setting next_dagrun for 02_demo_advanced_patterns to 2025-11-17T00:00:00+00:00, run_after=2025-11-18T00:00:00+00:00
[2025-11-18T04:18:40.874+0000] {processor.py:183} INFO - Processing /opt/airflow/dags/02_demo_advanced_patterns.py took 0.190 seconds
[2025-11-18T04:19:10.959+0000] {processor.py:161} INFO - Started process (PID=293) to work on /opt/airflow/dags/02_demo_advanced_patterns.py
[2025-11-18T04:19:10.960+0000] {processor.py:830} INFO - Processing file /opt/airflow/dags/02_demo_advanced_patterns.py for tasks to queue
[2025-11-18T04:19:10.961+0000] {logging_mixin.py:188} INFO - [2025-11-18T04:19:10.961+0000] {dagbag.py:538} INFO - Filling up the DagBag from /opt/airflow/dags/02_demo_advanced_patterns.py
[2025-11-18T04:19:11.128+0000] {logging_mixin.py:188} WARNING - /home/airflow/.local/lib/python3.10/site-packages/airflow/models/baseoperator.py:437 RemovedInAirflow3Warning: provide_context is deprecated as of 2.0 and is no longer required
[2025-11-18T04:19:11.129+0000] {logging_mixin.py:188} WARNING - /home/airflow/.local/lib/python3.10/site-packages/airflow/models/baseoperator.py:437 RemovedInAirflow3Warning: none_failed_or_skipped Trigger Rule is deprecated. Please use `none_failed_min_one_success`.
[2025-11-18T04:19:11.131+0000] {processor.py:840} INFO - DAG(s) '02_demo_advanced_patterns' retrieved from /opt/airflow/dags/02_demo_advanced_patterns.py
[2025-11-18T04:19:11.142+0000] {logging_mixin.py:188} INFO - [2025-11-18T04:19:11.142+0000] {dag.py:3033} INFO - Sync 1 DAGs
[2025-11-18T04:19:11.150+0000] {logging_mixin.py:188} INFO - [2025-11-18T04:19:11.150+0000] {dag.py:3820} INFO - Setting next_dagrun for 02_demo_advanced_patterns to 2025-11-17T00:00:00+00:00, run_after=2025-11-18T00:00:00+00:00
[2025-11-18T04:19:11.157+0000] {processor.py:183} INFO - Processing /opt/airflow/dags/02_demo_advanced_patterns.py took 0.200 seconds
[2025-11-18T04:19:41.235+0000] {processor.py:161} INFO - Started process (PID=296) to work on /opt/airflow/dags/02_demo_advanced_patterns.py
[2025-11-18T04:19:41.236+0000] {processor.py:830} INFO - Processing file /opt/airflow/dags/02_demo_advanced_patterns.py for tasks to queue
[2025-11-18T04:19:41.237+0000] {logging_mixin.py:188} INFO - [2025-11-18T04:19:41.237+0000] {dagbag.py:538} INFO - Filling up the DagBag from /opt/airflow/dags/02_demo_advanced_patterns.py
[2025-11-18T04:19:41.404+0000] {logging_mixin.py:188} WARNING - /home/airflow/.local/lib/python3.10/site-packages/airflow/models/baseoperator.py:437 RemovedInAirflow3Warning: provide_context is deprecated as of 2.0 and is no longer required
[2025-11-18T04:19:41.405+0000] {logging_mixin.py:188} WARNING - /home/airflow/.local/lib/python3.10/site-packages/airflow/models/baseoperator.py:437 RemovedInAirflow3Warning: none_failed_or_skipped Trigger Rule is deprecated. Please use `none_failed_min_one_success`.
[2025-11-18T04:19:41.407+0000] {processor.py:840} INFO - DAG(s) '02_demo_advanced_patterns' retrieved from /opt/airflow/dags/02_demo_advanced_patterns.py
[2025-11-18T04:19:41.417+0000] {logging_mixin.py:188} INFO - [2025-11-18T04:19:41.417+0000] {dag.py:3033} INFO - Sync 1 DAGs
[2025-11-18T04:19:41.425+0000] {logging_mixin.py:188} INFO - [2025-11-18T04:19:41.425+0000] {dag.py:3820} INFO - Setting next_dagrun for 02_demo_advanced_patterns to 2025-11-17T00:00:00+00:00, run_after=2025-11-18T00:00:00+00:00
[2025-11-18T04:19:41.431+0000] {processor.py:183} INFO - Processing /opt/airflow/dags/02_demo_advanced_patterns.py took 0.198 seconds
[2025-11-18T04:20:11.461+0000] {processor.py:161} INFO - Started process (PID=299) to work on /opt/airflow/dags/02_demo_advanced_patterns.py
[2025-11-18T04:20:11.461+0000] {processor.py:830} INFO - Processing file /opt/airflow/dags/02_demo_advanced_patterns.py for tasks to queue
[2025-11-18T04:20:11.462+0000] {logging_mixin.py:188} INFO - [2025-11-18T04:20:11.462+0000] {dagbag.py:538} INFO - Filling up the DagBag from /opt/airflow/dags/02_demo_advanced_patterns.py
[2025-11-18T04:20:11.629+0000] {logging_mixin.py:188} WARNING - /home/airflow/.local/lib/python3.10/site-packages/airflow/models/baseoperator.py:437 RemovedInAirflow3Warning: provide_context is deprecated as of 2.0 and is no longer required
[2025-11-18T04:20:11.630+0000] {logging_mixin.py:188} WARNING - /home/airflow/.local/lib/python3.10/site-packages/airflow/models/baseoperator.py:437 RemovedInAirflow3Warning: none_failed_or_skipped Trigger Rule is deprecated. Please use `none_failed_min_one_success`.
[2025-11-18T04:20:11.632+0000] {processor.py:840} INFO - DAG(s) '02_demo_advanced_patterns' retrieved from /opt/airflow/dags/02_demo_advanced_patterns.py
[2025-11-18T04:20:11.641+0000] {logging_mixin.py:188} INFO - [2025-11-18T04:20:11.641+0000] {dag.py:3033} INFO - Sync 1 DAGs
[2025-11-18T04:20:11.648+0000] {logging_mixin.py:188} INFO - [2025-11-18T04:20:11.648+0000] {dag.py:3820} INFO - Setting next_dagrun for 02_demo_advanced_patterns to 2025-11-17T00:00:00+00:00, run_after=2025-11-18T00:00:00+00:00
[2025-11-18T04:20:11.656+0000] {processor.py:183} INFO - Processing /opt/airflow/dags/02_demo_advanced_patterns.py took 0.197 seconds
[2025-11-18T04:20:41.690+0000] {processor.py:161} INFO - Started process (PID=302) to work on /opt/airflow/dags/02_demo_advanced_patterns.py
[2025-11-18T04:20:41.691+0000] {processor.py:830} INFO - Processing file /opt/airflow/dags/02_demo_advanced_patterns.py for tasks to queue
[2025-11-18T04:20:41.692+0000] {logging_mixin.py:188} INFO - [2025-11-18T04:20:41.692+0000] {dagbag.py:538} INFO - Filling up the DagBag from /opt/airflow/dags/02_demo_advanced_patterns.py
[2025-11-18T04:20:41.849+0000] {logging_mixin.py:188} WARNING - /home/airflow/.local/lib/python3.10/site-packages/airflow/models/baseoperator.py:437 RemovedInAirflow3Warning: provide_context is deprecated as of 2.0 and is no longer required
[2025-11-18T04:20:41.850+0000] {logging_mixin.py:188} WARNING - /home/airflow/.local/lib/python3.10/site-packages/airflow/models/baseoperator.py:437 RemovedInAirflow3Warning: none_failed_or_skipped Trigger Rule is deprecated. Please use `none_failed_min_one_success`.
[2025-11-18T04:20:41.852+0000] {processor.py:840} INFO - DAG(s) '02_demo_advanced_patterns' retrieved from /opt/airflow/dags/02_demo_advanced_patterns.py
[2025-11-18T04:20:41.861+0000] {logging_mixin.py:188} INFO - [2025-11-18T04:20:41.861+0000] {dag.py:3033} INFO - Sync 1 DAGs
[2025-11-18T04:20:41.869+0000] {logging_mixin.py:188} INFO - [2025-11-18T04:20:41.869+0000] {dag.py:3820} INFO - Setting next_dagrun for 02_demo_advanced_patterns to 2025-11-17T00:00:00+00:00, run_after=2025-11-18T00:00:00+00:00
[2025-11-18T04:20:41.876+0000] {processor.py:183} INFO - Processing /opt/airflow/dags/02_demo_advanced_patterns.py took 0.187 seconds
[2025-11-18T04:21:11.929+0000] {processor.py:161} INFO - Started process (PID=305) to work on /opt/airflow/dags/02_demo_advanced_patterns.py
[2025-11-18T04:21:11.930+0000] {processor.py:830} INFO - Processing file /opt/airflow/dags/02_demo_advanced_patterns.py for tasks to queue
[2025-11-18T04:21:11.931+0000] {logging_mixin.py:188} INFO - [2025-11-18T04:21:11.931+0000] {dagbag.py:538} INFO - Filling up the DagBag from /opt/airflow/dags/02_demo_advanced_patterns.py
[2025-11-18T04:21:12.105+0000] {logging_mixin.py:188} WARNING - /home/airflow/.local/lib/python3.10/site-packages/airflow/models/baseoperator.py:437 RemovedInAirflow3Warning: provide_context is deprecated as of 2.0 and is no longer required
[2025-11-18T04:21:12.106+0000] {logging_mixin.py:188} WARNING - /home/airflow/.local/lib/python3.10/site-packages/airflow/models/baseoperator.py:437 RemovedInAirflow3Warning: none_failed_or_skipped Trigger Rule is deprecated. Please use `none_failed_min_one_success`.
[2025-11-18T04:21:12.108+0000] {processor.py:840} INFO - DAG(s) '02_demo_advanced_patterns' retrieved from /opt/airflow/dags/02_demo_advanced_patterns.py
[2025-11-18T04:21:12.118+0000] {logging_mixin.py:188} INFO - [2025-11-18T04:21:12.118+0000] {dag.py:3033} INFO - Sync 1 DAGs
[2025-11-18T04:21:12.126+0000] {logging_mixin.py:188} INFO - [2025-11-18T04:21:12.126+0000] {dag.py:3820} INFO - Setting next_dagrun for 02_demo_advanced_patterns to 2025-11-17T00:00:00+00:00, run_after=2025-11-18T00:00:00+00:00
[2025-11-18T04:21:12.132+0000] {processor.py:183} INFO - Processing /opt/airflow/dags/02_demo_advanced_patterns.py took 0.205 seconds
[2025-11-18T04:21:42.229+0000] {processor.py:161} INFO - Started process (PID=308) to work on /opt/airflow/dags/02_demo_advanced_patterns.py
[2025-11-18T04:21:42.230+0000] {processor.py:830} INFO - Processing file /opt/airflow/dags/02_demo_advanced_patterns.py for tasks to queue
[2025-11-18T04:21:42.231+0000] {logging_mixin.py:188} INFO - [2025-11-18T04:21:42.231+0000] {dagbag.py:538} INFO - Filling up the DagBag from /opt/airflow/dags/02_demo_advanced_patterns.py
[2025-11-18T04:21:42.392+0000] {logging_mixin.py:188} WARNING - /home/airflow/.local/lib/python3.10/site-packages/airflow/models/baseoperator.py:437 RemovedInAirflow3Warning: provide_context is deprecated as of 2.0 and is no longer required
[2025-11-18T04:21:42.393+0000] {logging_mixin.py:188} WARNING - /home/airflow/.local/lib/python3.10/site-packages/airflow/models/baseoperator.py:437 RemovedInAirflow3Warning: none_failed_or_skipped Trigger Rule is deprecated. Please use `none_failed_min_one_success`.
[2025-11-18T04:21:42.395+0000] {processor.py:840} INFO - DAG(s) '02_demo_advanced_patterns' retrieved from /opt/airflow/dags/02_demo_advanced_patterns.py
[2025-11-18T04:21:42.404+0000] {logging_mixin.py:188} INFO - [2025-11-18T04:21:42.404+0000] {dag.py:3033} INFO - Sync 1 DAGs
[2025-11-18T04:21:42.412+0000] {logging_mixin.py:188} INFO - [2025-11-18T04:21:42.412+0000] {dag.py:3820} INFO - Setting next_dagrun for 02_demo_advanced_patterns to 2025-11-17T00:00:00+00:00, run_after=2025-11-18T00:00:00+00:00
[2025-11-18T04:21:42.418+0000] {processor.py:183} INFO - Processing /opt/airflow/dags/02_demo_advanced_patterns.py took 0.191 seconds
[2025-11-18T04:22:12.509+0000] {processor.py:161} INFO - Started process (PID=311) to work on /opt/airflow/dags/02_demo_advanced_patterns.py
[2025-11-18T04:22:12.509+0000] {processor.py:830} INFO - Processing file /opt/airflow/dags/02_demo_advanced_patterns.py for tasks to queue
[2025-11-18T04:22:12.510+0000] {logging_mixin.py:188} INFO - [2025-11-18T04:22:12.510+0000] {dagbag.py:538} INFO - Filling up the DagBag from /opt/airflow/dags/02_demo_advanced_patterns.py
[2025-11-18T04:22:12.687+0000] {logging_mixin.py:188} WARNING - /home/airflow/.local/lib/python3.10/site-packages/airflow/models/baseoperator.py:437 RemovedInAirflow3Warning: provide_context is deprecated as of 2.0 and is no longer required
[2025-11-18T04:22:12.688+0000] {logging_mixin.py:188} WARNING - /home/airflow/.local/lib/python3.10/site-packages/airflow/models/baseoperator.py:437 RemovedInAirflow3Warning: none_failed_or_skipped Trigger Rule is deprecated. Please use `none_failed_min_one_success`.
[2025-11-18T04:22:12.691+0000] {processor.py:840} INFO - DAG(s) '02_demo_advanced_patterns' retrieved from /opt/airflow/dags/02_demo_advanced_patterns.py
[2025-11-18T04:22:12.701+0000] {logging_mixin.py:188} INFO - [2025-11-18T04:22:12.701+0000] {dag.py:3033} INFO - Sync 1 DAGs
[2025-11-18T04:22:12.710+0000] {logging_mixin.py:188} INFO - [2025-11-18T04:22:12.710+0000] {dag.py:3820} INFO - Setting next_dagrun for 02_demo_advanced_patterns to 2025-11-17T00:00:00+00:00, run_after=2025-11-18T00:00:00+00:00
[2025-11-18T04:22:12.718+0000] {processor.py:183} INFO - Processing /opt/airflow/dags/02_demo_advanced_patterns.py took 0.211 seconds
[2025-11-18T04:22:42.792+0000] {processor.py:161} INFO - Started process (PID=314) to work on /opt/airflow/dags/02_demo_advanced_patterns.py
[2025-11-18T04:22:42.793+0000] {processor.py:830} INFO - Processing file /opt/airflow/dags/02_demo_advanced_patterns.py for tasks to queue
[2025-11-18T04:22:42.794+0000] {logging_mixin.py:188} INFO - [2025-11-18T04:22:42.794+0000] {dagbag.py:538} INFO - Filling up the DagBag from /opt/airflow/dags/02_demo_advanced_patterns.py
[2025-11-18T04:22:42.965+0000] {logging_mixin.py:188} WARNING - /home/airflow/.local/lib/python3.10/site-packages/airflow/models/baseoperator.py:437 RemovedInAirflow3Warning: provide_context is deprecated as of 2.0 and is no longer required
[2025-11-18T04:22:42.965+0000] {logging_mixin.py:188} WARNING - /home/airflow/.local/lib/python3.10/site-packages/airflow/models/baseoperator.py:437 RemovedInAirflow3Warning: none_failed_or_skipped Trigger Rule is deprecated. Please use `none_failed_min_one_success`.
[2025-11-18T04:22:42.968+0000] {processor.py:840} INFO - DAG(s) '02_demo_advanced_patterns' retrieved from /opt/airflow/dags/02_demo_advanced_patterns.py
[2025-11-18T04:22:42.977+0000] {logging_mixin.py:188} INFO - [2025-11-18T04:22:42.977+0000] {dag.py:3033} INFO - Sync 1 DAGs
[2025-11-18T04:22:42.985+0000] {logging_mixin.py:188} INFO - [2025-11-18T04:22:42.985+0000] {dag.py:3820} INFO - Setting next_dagrun for 02_demo_advanced_patterns to 2025-11-17T00:00:00+00:00, run_after=2025-11-18T00:00:00+00:00
[2025-11-18T04:22:42.992+0000] {processor.py:183} INFO - Processing /opt/airflow/dags/02_demo_advanced_patterns.py took 0.201 seconds
[2025-11-18T04:23:13.083+0000] {processor.py:161} INFO - Started process (PID=317) to work on /opt/airflow/dags/02_demo_advanced_patterns.py
[2025-11-18T04:23:13.083+0000] {processor.py:830} INFO - Processing file /opt/airflow/dags/02_demo_advanced_patterns.py for tasks to queue
[2025-11-18T04:23:13.084+0000] {logging_mixin.py:188} INFO - [2025-11-18T04:23:13.084+0000] {dagbag.py:538} INFO - Filling up the DagBag from /opt/airflow/dags/02_demo_advanced_patterns.py
[2025-11-18T04:23:13.255+0000] {logging_mixin.py:188} WARNING - /home/airflow/.local/lib/python3.10/site-packages/airflow/models/baseoperator.py:437 RemovedInAirflow3Warning: provide_context is deprecated as of 2.0 and is no longer required
[2025-11-18T04:23:13.255+0000] {logging_mixin.py:188} WARNING - /home/airflow/.local/lib/python3.10/site-packages/airflow/models/baseoperator.py:437 RemovedInAirflow3Warning: none_failed_or_skipped Trigger Rule is deprecated. Please use `none_failed_min_one_success`.
[2025-11-18T04:23:13.257+0000] {processor.py:840} INFO - DAG(s) '02_demo_advanced_patterns' retrieved from /opt/airflow/dags/02_demo_advanced_patterns.py
[2025-11-18T04:23:13.268+0000] {logging_mixin.py:188} INFO - [2025-11-18T04:23:13.267+0000] {dag.py:3033} INFO - Sync 1 DAGs
[2025-11-18T04:23:13.276+0000] {logging_mixin.py:188} INFO - [2025-11-18T04:23:13.276+0000] {dag.py:3820} INFO - Setting next_dagrun for 02_demo_advanced_patterns to 2025-11-17T00:00:00+00:00, run_after=2025-11-18T00:00:00+00:00
[2025-11-18T04:23:13.283+0000] {processor.py:183} INFO - Processing /opt/airflow/dags/02_demo_advanced_patterns.py took 0.202 seconds
[2025-11-18T04:23:43.376+0000] {processor.py:161} INFO - Started process (PID=320) to work on /opt/airflow/dags/02_demo_advanced_patterns.py
[2025-11-18T04:23:43.376+0000] {processor.py:830} INFO - Processing file /opt/airflow/dags/02_demo_advanced_patterns.py for tasks to queue
[2025-11-18T04:23:43.377+0000] {logging_mixin.py:188} INFO - [2025-11-18T04:23:43.377+0000] {dagbag.py:538} INFO - Filling up the DagBag from /opt/airflow/dags/02_demo_advanced_patterns.py
[2025-11-18T04:23:43.547+0000] {logging_mixin.py:188} WARNING - /home/airflow/.local/lib/python3.10/site-packages/airflow/models/baseoperator.py:437 RemovedInAirflow3Warning: provide_context is deprecated as of 2.0 and is no longer required
[2025-11-18T04:23:43.548+0000] {logging_mixin.py:188} WARNING - /home/airflow/.local/lib/python3.10/site-packages/airflow/models/baseoperator.py:437 RemovedInAirflow3Warning: none_failed_or_skipped Trigger Rule is deprecated. Please use `none_failed_min_one_success`.
[2025-11-18T04:23:43.550+0000] {processor.py:840} INFO - DAG(s) '02_demo_advanced_patterns' retrieved from /opt/airflow/dags/02_demo_advanced_patterns.py
[2025-11-18T04:23:43.560+0000] {logging_mixin.py:188} INFO - [2025-11-18T04:23:43.559+0000] {dag.py:3033} INFO - Sync 1 DAGs
[2025-11-18T04:23:43.567+0000] {logging_mixin.py:188} INFO - [2025-11-18T04:23:43.567+0000] {dag.py:3820} INFO - Setting next_dagrun for 02_demo_advanced_patterns to 2025-11-17T00:00:00+00:00, run_after=2025-11-18T00:00:00+00:00
[2025-11-18T04:23:43.574+0000] {processor.py:183} INFO - Processing /opt/airflow/dags/02_demo_advanced_patterns.py took 0.199 seconds
[2025-11-18T04:24:13.661+0000] {processor.py:161} INFO - Started process (PID=323) to work on /opt/airflow/dags/02_demo_advanced_patterns.py
[2025-11-18T04:24:13.661+0000] {processor.py:830} INFO - Processing file /opt/airflow/dags/02_demo_advanced_patterns.py for tasks to queue
[2025-11-18T04:24:13.662+0000] {logging_mixin.py:188} INFO - [2025-11-18T04:24:13.662+0000] {dagbag.py:538} INFO - Filling up the DagBag from /opt/airflow/dags/02_demo_advanced_patterns.py
[2025-11-18T04:24:13.835+0000] {logging_mixin.py:188} WARNING - /home/airflow/.local/lib/python3.10/site-packages/airflow/models/baseoperator.py:437 RemovedInAirflow3Warning: provide_context is deprecated as of 2.0 and is no longer required
[2025-11-18T04:24:13.836+0000] {logging_mixin.py:188} WARNING - /home/airflow/.local/lib/python3.10/site-packages/airflow/models/baseoperator.py:437 RemovedInAirflow3Warning: none_failed_or_skipped Trigger Rule is deprecated. Please use `none_failed_min_one_success`.
[2025-11-18T04:24:13.838+0000] {processor.py:840} INFO - DAG(s) '02_demo_advanced_patterns' retrieved from /opt/airflow/dags/02_demo_advanced_patterns.py
[2025-11-18T04:24:13.848+0000] {logging_mixin.py:188} INFO - [2025-11-18T04:24:13.848+0000] {dag.py:3033} INFO - Sync 1 DAGs
[2025-11-18T04:24:13.857+0000] {logging_mixin.py:188} INFO - [2025-11-18T04:24:13.856+0000] {dag.py:3820} INFO - Setting next_dagrun for 02_demo_advanced_patterns to 2025-11-17T00:00:00+00:00, run_after=2025-11-18T00:00:00+00:00
[2025-11-18T04:24:13.863+0000] {processor.py:183} INFO - Processing /opt/airflow/dags/02_demo_advanced_patterns.py took 0.204 seconds
[2025-11-18T04:24:44.030+0000] {processor.py:161} INFO - Started process (PID=326) to work on /opt/airflow/dags/02_demo_advanced_patterns.py
[2025-11-18T04:24:44.031+0000] {processor.py:830} INFO - Processing file /opt/airflow/dags/02_demo_advanced_patterns.py for tasks to queue
[2025-11-18T04:24:44.032+0000] {logging_mixin.py:188} INFO - [2025-11-18T04:24:44.032+0000] {dagbag.py:538} INFO - Filling up the DagBag from /opt/airflow/dags/02_demo_advanced_patterns.py
[2025-11-18T04:24:44.202+0000] {logging_mixin.py:188} WARNING - /home/airflow/.local/lib/python3.10/site-packages/airflow/models/baseoperator.py:437 RemovedInAirflow3Warning: provide_context is deprecated as of 2.0 and is no longer required
[2025-11-18T04:24:44.203+0000] {logging_mixin.py:188} WARNING - /home/airflow/.local/lib/python3.10/site-packages/airflow/models/baseoperator.py:437 RemovedInAirflow3Warning: none_failed_or_skipped Trigger Rule is deprecated. Please use `none_failed_min_one_success`.
[2025-11-18T04:24:44.205+0000] {processor.py:840} INFO - DAG(s) '02_demo_advanced_patterns' retrieved from /opt/airflow/dags/02_demo_advanced_patterns.py
[2025-11-18T04:24:44.214+0000] {logging_mixin.py:188} INFO - [2025-11-18T04:24:44.214+0000] {dag.py:3033} INFO - Sync 1 DAGs
[2025-11-18T04:24:44.222+0000] {logging_mixin.py:188} INFO - [2025-11-18T04:24:44.222+0000] {dag.py:3820} INFO - Setting next_dagrun for 02_demo_advanced_patterns to 2025-11-17T00:00:00+00:00, run_after=2025-11-18T00:00:00+00:00
[2025-11-18T04:24:44.228+0000] {processor.py:183} INFO - Processing /opt/airflow/dags/02_demo_advanced_patterns.py took 0.200 seconds
[2025-11-18T04:25:14.368+0000] {processor.py:161} INFO - Started process (PID=329) to work on /opt/airflow/dags/02_demo_advanced_patterns.py
[2025-11-18T04:25:14.369+0000] {processor.py:830} INFO - Processing file /opt/airflow/dags/02_demo_advanced_patterns.py for tasks to queue
[2025-11-18T04:25:14.370+0000] {logging_mixin.py:188} INFO - [2025-11-18T04:25:14.369+0000] {dagbag.py:538} INFO - Filling up the DagBag from /opt/airflow/dags/02_demo_advanced_patterns.py
[2025-11-18T04:25:14.539+0000] {logging_mixin.py:188} WARNING - /home/airflow/.local/lib/python3.10/site-packages/airflow/models/baseoperator.py:437 RemovedInAirflow3Warning: provide_context is deprecated as of 2.0 and is no longer required
[2025-11-18T04:25:14.540+0000] {logging_mixin.py:188} WARNING - /home/airflow/.local/lib/python3.10/site-packages/airflow/models/baseoperator.py:437 RemovedInAirflow3Warning: none_failed_or_skipped Trigger Rule is deprecated. Please use `none_failed_min_one_success`.
[2025-11-18T04:25:14.542+0000] {processor.py:840} INFO - DAG(s) '02_demo_advanced_patterns' retrieved from /opt/airflow/dags/02_demo_advanced_patterns.py
[2025-11-18T04:25:14.552+0000] {logging_mixin.py:188} INFO - [2025-11-18T04:25:14.551+0000] {dag.py:3033} INFO - Sync 1 DAGs
[2025-11-18T04:25:14.560+0000] {logging_mixin.py:188} INFO - [2025-11-18T04:25:14.560+0000] {dag.py:3820} INFO - Setting next_dagrun for 02_demo_advanced_patterns to 2025-11-17T00:00:00+00:00, run_after=2025-11-18T00:00:00+00:00
[2025-11-18T04:25:14.567+0000] {processor.py:183} INFO - Processing /opt/airflow/dags/02_demo_advanced_patterns.py took 0.201 seconds
[2025-11-18T04:25:44.735+0000] {processor.py:161} INFO - Started process (PID=332) to work on /opt/airflow/dags/02_demo_advanced_patterns.py
[2025-11-18T04:25:44.736+0000] {processor.py:830} INFO - Processing file /opt/airflow/dags/02_demo_advanced_patterns.py for tasks to queue
[2025-11-18T04:25:44.737+0000] {logging_mixin.py:188} INFO - [2025-11-18T04:25:44.737+0000] {dagbag.py:538} INFO - Filling up the DagBag from /opt/airflow/dags/02_demo_advanced_patterns.py
[2025-11-18T04:25:44.915+0000] {logging_mixin.py:188} WARNING - /home/airflow/.local/lib/python3.10/site-packages/airflow/models/baseoperator.py:437 RemovedInAirflow3Warning: provide_context is deprecated as of 2.0 and is no longer required
[2025-11-18T04:25:44.916+0000] {logging_mixin.py:188} WARNING - /home/airflow/.local/lib/python3.10/site-packages/airflow/models/baseoperator.py:437 RemovedInAirflow3Warning: none_failed_or_skipped Trigger Rule is deprecated. Please use `none_failed_min_one_success`.
[2025-11-18T04:25:44.918+0000] {processor.py:840} INFO - DAG(s) '02_demo_advanced_patterns' retrieved from /opt/airflow/dags/02_demo_advanced_patterns.py
[2025-11-18T04:25:44.928+0000] {logging_mixin.py:188} INFO - [2025-11-18T04:25:44.928+0000] {dag.py:3033} INFO - Sync 1 DAGs
[2025-11-18T04:25:44.936+0000] {logging_mixin.py:188} INFO - [2025-11-18T04:25:44.936+0000] {dag.py:3820} INFO - Setting next_dagrun for 02_demo_advanced_patterns to 2025-11-17T00:00:00+00:00, run_after=2025-11-18T00:00:00+00:00
[2025-11-18T04:25:44.942+0000] {processor.py:183} INFO - Processing /opt/airflow/dags/02_demo_advanced_patterns.py took 0.209 seconds
[2025-11-18T04:26:15.053+0000] {processor.py:161} INFO - Started process (PID=335) to work on /opt/airflow/dags/02_demo_advanced_patterns.py
[2025-11-18T04:26:15.054+0000] {processor.py:830} INFO - Processing file /opt/airflow/dags/02_demo_advanced_patterns.py for tasks to queue
[2025-11-18T04:26:15.056+0000] {logging_mixin.py:188} INFO - [2025-11-18T04:26:15.055+0000] {dagbag.py:538} INFO - Filling up the DagBag from /opt/airflow/dags/02_demo_advanced_patterns.py
[2025-11-18T04:26:15.224+0000] {logging_mixin.py:188} WARNING - /home/airflow/.local/lib/python3.10/site-packages/airflow/models/baseoperator.py:437 RemovedInAirflow3Warning: provide_context is deprecated as of 2.0 and is no longer required
[2025-11-18T04:26:15.225+0000] {logging_mixin.py:188} WARNING - /home/airflow/.local/lib/python3.10/site-packages/airflow/models/baseoperator.py:437 RemovedInAirflow3Warning: none_failed_or_skipped Trigger Rule is deprecated. Please use `none_failed_min_one_success`.
[2025-11-18T04:26:15.227+0000] {processor.py:840} INFO - DAG(s) '02_demo_advanced_patterns' retrieved from /opt/airflow/dags/02_demo_advanced_patterns.py
[2025-11-18T04:26:15.237+0000] {logging_mixin.py:188} INFO - [2025-11-18T04:26:15.237+0000] {dag.py:3033} INFO - Sync 1 DAGs
[2025-11-18T04:26:15.245+0000] {logging_mixin.py:188} INFO - [2025-11-18T04:26:15.245+0000] {dag.py:3820} INFO - Setting next_dagrun for 02_demo_advanced_patterns to 2025-11-17T00:00:00+00:00, run_after=2025-11-18T00:00:00+00:00
[2025-11-18T04:26:15.252+0000] {processor.py:183} INFO - Processing /opt/airflow/dags/02_demo_advanced_patterns.py took 0.201 seconds
[2025-11-18T04:26:45.344+0000] {processor.py:161} INFO - Started process (PID=338) to work on /opt/airflow/dags/02_demo_advanced_patterns.py
[2025-11-18T04:26:45.344+0000] {processor.py:830} INFO - Processing file /opt/airflow/dags/02_demo_advanced_patterns.py for tasks to queue
[2025-11-18T04:26:45.345+0000] {logging_mixin.py:188} INFO - [2025-11-18T04:26:45.345+0000] {dagbag.py:538} INFO - Filling up the DagBag from /opt/airflow/dags/02_demo_advanced_patterns.py
[2025-11-18T04:26:45.516+0000] {logging_mixin.py:188} WARNING - /home/airflow/.local/lib/python3.10/site-packages/airflow/models/baseoperator.py:437 RemovedInAirflow3Warning: provide_context is deprecated as of 2.0 and is no longer required
[2025-11-18T04:26:45.517+0000] {logging_mixin.py:188} WARNING - /home/airflow/.local/lib/python3.10/site-packages/airflow/models/baseoperator.py:437 RemovedInAirflow3Warning: none_failed_or_skipped Trigger Rule is deprecated. Please use `none_failed_min_one_success`.
[2025-11-18T04:26:45.519+0000] {processor.py:840} INFO - DAG(s) '02_demo_advanced_patterns' retrieved from /opt/airflow/dags/02_demo_advanced_patterns.py
[2025-11-18T04:26:45.528+0000] {logging_mixin.py:188} INFO - [2025-11-18T04:26:45.528+0000] {dag.py:3033} INFO - Sync 1 DAGs
[2025-11-18T04:26:45.537+0000] {logging_mixin.py:188} INFO - [2025-11-18T04:26:45.537+0000] {dag.py:3820} INFO - Setting next_dagrun for 02_demo_advanced_patterns to 2025-11-17T00:00:00+00:00, run_after=2025-11-18T00:00:00+00:00
[2025-11-18T04:26:45.543+0000] {processor.py:183} INFO - Processing /opt/airflow/dags/02_demo_advanced_patterns.py took 0.201 seconds
[2025-11-18T04:27:15.694+0000] {processor.py:161} INFO - Started process (PID=341) to work on /opt/airflow/dags/02_demo_advanced_patterns.py
[2025-11-18T04:27:15.694+0000] {processor.py:830} INFO - Processing file /opt/airflow/dags/02_demo_advanced_patterns.py for tasks to queue
[2025-11-18T04:27:15.695+0000] {logging_mixin.py:188} INFO - [2025-11-18T04:27:15.695+0000] {dagbag.py:538} INFO - Filling up the DagBag from /opt/airflow/dags/02_demo_advanced_patterns.py
[2025-11-18T04:27:15.869+0000] {logging_mixin.py:188} WARNING - /home/airflow/.local/lib/python3.10/site-packages/airflow/models/baseoperator.py:437 RemovedInAirflow3Warning: provide_context is deprecated as of 2.0 and is no longer required
[2025-11-18T04:27:15.870+0000] {logging_mixin.py:188} WARNING - /home/airflow/.local/lib/python3.10/site-packages/airflow/models/baseoperator.py:437 RemovedInAirflow3Warning: none_failed_or_skipped Trigger Rule is deprecated. Please use `none_failed_min_one_success`.
[2025-11-18T04:27:15.872+0000] {processor.py:840} INFO - DAG(s) '02_demo_advanced_patterns' retrieved from /opt/airflow/dags/02_demo_advanced_patterns.py
[2025-11-18T04:27:15.882+0000] {logging_mixin.py:188} INFO - [2025-11-18T04:27:15.882+0000] {dag.py:3033} INFO - Sync 1 DAGs
[2025-11-18T04:27:15.889+0000] {logging_mixin.py:188} INFO - [2025-11-18T04:27:15.889+0000] {dag.py:3820} INFO - Setting next_dagrun for 02_demo_advanced_patterns to 2025-11-17T00:00:00+00:00, run_after=2025-11-18T00:00:00+00:00
[2025-11-18T04:27:15.896+0000] {processor.py:183} INFO - Processing /opt/airflow/dags/02_demo_advanced_patterns.py took 0.204 seconds
[2025-11-18T04:27:46.026+0000] {processor.py:161} INFO - Started process (PID=344) to work on /opt/airflow/dags/02_demo_advanced_patterns.py
[2025-11-18T04:27:46.026+0000] {processor.py:830} INFO - Processing file /opt/airflow/dags/02_demo_advanced_patterns.py for tasks to queue
[2025-11-18T04:27:46.027+0000] {logging_mixin.py:188} INFO - [2025-11-18T04:27:46.027+0000] {dagbag.py:538} INFO - Filling up the DagBag from /opt/airflow/dags/02_demo_advanced_patterns.py
[2025-11-18T04:27:46.201+0000] {logging_mixin.py:188} WARNING - /home/airflow/.local/lib/python3.10/site-packages/airflow/models/baseoperator.py:437 RemovedInAirflow3Warning: provide_context is deprecated as of 2.0 and is no longer required
[2025-11-18T04:27:46.202+0000] {logging_mixin.py:188} WARNING - /home/airflow/.local/lib/python3.10/site-packages/airflow/models/baseoperator.py:437 RemovedInAirflow3Warning: none_failed_or_skipped Trigger Rule is deprecated. Please use `none_failed_min_one_success`.
[2025-11-18T04:27:46.204+0000] {processor.py:840} INFO - DAG(s) '02_demo_advanced_patterns' retrieved from /opt/airflow/dags/02_demo_advanced_patterns.py
[2025-11-18T04:27:46.213+0000] {logging_mixin.py:188} INFO - [2025-11-18T04:27:46.213+0000] {dag.py:3033} INFO - Sync 1 DAGs
[2025-11-18T04:27:46.222+0000] {logging_mixin.py:188} INFO - [2025-11-18T04:27:46.222+0000] {dag.py:3820} INFO - Setting next_dagrun for 02_demo_advanced_patterns to 2025-11-17T00:00:00+00:00, run_after=2025-11-18T00:00:00+00:00
[2025-11-18T04:27:46.228+0000] {processor.py:183} INFO - Processing /opt/airflow/dags/02_demo_advanced_patterns.py took 0.204 seconds
[2025-11-18T04:28:16.493+0000] {processor.py:161} INFO - Started process (PID=347) to work on /opt/airflow/dags/02_demo_advanced_patterns.py
[2025-11-18T04:28:16.493+0000] {processor.py:830} INFO - Processing file /opt/airflow/dags/02_demo_advanced_patterns.py for tasks to queue
[2025-11-18T04:28:16.494+0000] {logging_mixin.py:188} INFO - [2025-11-18T04:28:16.494+0000] {dagbag.py:538} INFO - Filling up the DagBag from /opt/airflow/dags/02_demo_advanced_patterns.py
[2025-11-18T04:28:16.663+0000] {logging_mixin.py:188} WARNING - /home/airflow/.local/lib/python3.10/site-packages/airflow/models/baseoperator.py:437 RemovedInAirflow3Warning: provide_context is deprecated as of 2.0 and is no longer required
[2025-11-18T04:28:16.664+0000] {logging_mixin.py:188} WARNING - /home/airflow/.local/lib/python3.10/site-packages/airflow/models/baseoperator.py:437 RemovedInAirflow3Warning: none_failed_or_skipped Trigger Rule is deprecated. Please use `none_failed_min_one_success`.
[2025-11-18T04:28:16.667+0000] {processor.py:840} INFO - DAG(s) '02_demo_advanced_patterns' retrieved from /opt/airflow/dags/02_demo_advanced_patterns.py
[2025-11-18T04:28:16.676+0000] {logging_mixin.py:188} INFO - [2025-11-18T04:28:16.676+0000] {dag.py:3033} INFO - Sync 1 DAGs
[2025-11-18T04:28:16.684+0000] {logging_mixin.py:188} INFO - [2025-11-18T04:28:16.684+0000] {dag.py:3820} INFO - Setting next_dagrun for 02_demo_advanced_patterns to 2025-11-17T00:00:00+00:00, run_after=2025-11-18T00:00:00+00:00
[2025-11-18T04:28:16.690+0000] {processor.py:183} INFO - Processing /opt/airflow/dags/02_demo_advanced_patterns.py took 0.199 seconds
[2025-11-18T04:28:46.746+0000] {processor.py:161} INFO - Started process (PID=350) to work on /opt/airflow/dags/02_demo_advanced_patterns.py
[2025-11-18T04:28:46.747+0000] {processor.py:830} INFO - Processing file /opt/airflow/dags/02_demo_advanced_patterns.py for tasks to queue
[2025-11-18T04:28:46.748+0000] {logging_mixin.py:188} INFO - [2025-11-18T04:28:46.747+0000] {dagbag.py:538} INFO - Filling up the DagBag from /opt/airflow/dags/02_demo_advanced_patterns.py
[2025-11-18T04:28:46.921+0000] {logging_mixin.py:188} WARNING - /home/airflow/.local/lib/python3.10/site-packages/airflow/models/baseoperator.py:437 RemovedInAirflow3Warning: provide_context is deprecated as of 2.0 and is no longer required
[2025-11-18T04:28:46.922+0000] {logging_mixin.py:188} WARNING - /home/airflow/.local/lib/python3.10/site-packages/airflow/models/baseoperator.py:437 RemovedInAirflow3Warning: none_failed_or_skipped Trigger Rule is deprecated. Please use `none_failed_min_one_success`.
[2025-11-18T04:28:46.924+0000] {processor.py:840} INFO - DAG(s) '02_demo_advanced_patterns' retrieved from /opt/airflow/dags/02_demo_advanced_patterns.py
[2025-11-18T04:28:46.933+0000] {logging_mixin.py:188} INFO - [2025-11-18T04:28:46.933+0000] {dag.py:3033} INFO - Sync 1 DAGs
[2025-11-18T04:28:46.942+0000] {logging_mixin.py:188} INFO - [2025-11-18T04:28:46.941+0000] {dag.py:3820} INFO - Setting next_dagrun for 02_demo_advanced_patterns to 2025-11-17T00:00:00+00:00, run_after=2025-11-18T00:00:00+00:00
[2025-11-18T04:28:46.948+0000] {processor.py:183} INFO - Processing /opt/airflow/dags/02_demo_advanced_patterns.py took 0.204 seconds
[2025-11-18T04:29:17.024+0000] {processor.py:161} INFO - Started process (PID=353) to work on /opt/airflow/dags/02_demo_advanced_patterns.py
[2025-11-18T04:29:17.025+0000] {processor.py:830} INFO - Processing file /opt/airflow/dags/02_demo_advanced_patterns.py for tasks to queue
[2025-11-18T04:29:17.026+0000] {logging_mixin.py:188} INFO - [2025-11-18T04:29:17.026+0000] {dagbag.py:538} INFO - Filling up the DagBag from /opt/airflow/dags/02_demo_advanced_patterns.py
[2025-11-18T04:29:17.190+0000] {logging_mixin.py:188} WARNING - /home/airflow/.local/lib/python3.10/site-packages/airflow/models/baseoperator.py:437 RemovedInAirflow3Warning: provide_context is deprecated as of 2.0 and is no longer required
[2025-11-18T04:29:17.190+0000] {logging_mixin.py:188} WARNING - /home/airflow/.local/lib/python3.10/site-packages/airflow/models/baseoperator.py:437 RemovedInAirflow3Warning: none_failed_or_skipped Trigger Rule is deprecated. Please use `none_failed_min_one_success`.
[2025-11-18T04:29:17.193+0000] {processor.py:840} INFO - DAG(s) '02_demo_advanced_patterns' retrieved from /opt/airflow/dags/02_demo_advanced_patterns.py
[2025-11-18T04:29:17.202+0000] {logging_mixin.py:188} INFO - [2025-11-18T04:29:17.202+0000] {dag.py:3033} INFO - Sync 1 DAGs
[2025-11-18T04:29:17.210+0000] {logging_mixin.py:188} INFO - [2025-11-18T04:29:17.210+0000] {dag.py:3820} INFO - Setting next_dagrun for 02_demo_advanced_patterns to 2025-11-17T00:00:00+00:00, run_after=2025-11-18T00:00:00+00:00
[2025-11-18T04:29:17.217+0000] {processor.py:183} INFO - Processing /opt/airflow/dags/02_demo_advanced_patterns.py took 0.194 seconds
[2025-11-18T04:29:47.289+0000] {processor.py:161} INFO - Started process (PID=356) to work on /opt/airflow/dags/02_demo_advanced_patterns.py
[2025-11-18T04:29:47.289+0000] {processor.py:830} INFO - Processing file /opt/airflow/dags/02_demo_advanced_patterns.py for tasks to queue
[2025-11-18T04:29:47.290+0000] {logging_mixin.py:188} INFO - [2025-11-18T04:29:47.290+0000] {dagbag.py:538} INFO - Filling up the DagBag from /opt/airflow/dags/02_demo_advanced_patterns.py
[2025-11-18T04:29:47.450+0000] {logging_mixin.py:188} WARNING - /home/airflow/.local/lib/python3.10/site-packages/airflow/models/baseoperator.py:437 RemovedInAirflow3Warning: provide_context is deprecated as of 2.0 and is no longer required
[2025-11-18T04:29:47.451+0000] {logging_mixin.py:188} WARNING - /home/airflow/.local/lib/python3.10/site-packages/airflow/models/baseoperator.py:437 RemovedInAirflow3Warning: none_failed_or_skipped Trigger Rule is deprecated. Please use `none_failed_min_one_success`.
[2025-11-18T04:29:47.453+0000] {processor.py:840} INFO - DAG(s) '02_demo_advanced_patterns' retrieved from /opt/airflow/dags/02_demo_advanced_patterns.py
[2025-11-18T04:29:47.462+0000] {logging_mixin.py:188} INFO - [2025-11-18T04:29:47.462+0000] {dag.py:3033} INFO - Sync 1 DAGs
[2025-11-18T04:29:47.470+0000] {logging_mixin.py:188} INFO - [2025-11-18T04:29:47.470+0000] {dag.py:3820} INFO - Setting next_dagrun for 02_demo_advanced_patterns to 2025-11-17T00:00:00+00:00, run_after=2025-11-18T00:00:00+00:00
[2025-11-18T04:29:47.476+0000] {processor.py:183} INFO - Processing /opt/airflow/dags/02_demo_advanced_patterns.py took 0.189 seconds
[2025-11-18T04:30:17.555+0000] {processor.py:161} INFO - Started process (PID=359) to work on /opt/airflow/dags/02_demo_advanced_patterns.py
[2025-11-18T04:30:17.556+0000] {processor.py:830} INFO - Processing file /opt/airflow/dags/02_demo_advanced_patterns.py for tasks to queue
[2025-11-18T04:30:17.557+0000] {logging_mixin.py:188} INFO - [2025-11-18T04:30:17.557+0000] {dagbag.py:538} INFO - Filling up the DagBag from /opt/airflow/dags/02_demo_advanced_patterns.py
[2025-11-18T04:30:17.719+0000] {logging_mixin.py:188} WARNING - /home/airflow/.local/lib/python3.10/site-packages/airflow/models/baseoperator.py:437 RemovedInAirflow3Warning: provide_context is deprecated as of 2.0 and is no longer required
[2025-11-18T04:30:17.719+0000] {logging_mixin.py:188} WARNING - /home/airflow/.local/lib/python3.10/site-packages/airflow/models/baseoperator.py:437 RemovedInAirflow3Warning: none_failed_or_skipped Trigger Rule is deprecated. Please use `none_failed_min_one_success`.
[2025-11-18T04:30:17.721+0000] {processor.py:840} INFO - DAG(s) '02_demo_advanced_patterns' retrieved from /opt/airflow/dags/02_demo_advanced_patterns.py
[2025-11-18T04:30:17.731+0000] {logging_mixin.py:188} INFO - [2025-11-18T04:30:17.731+0000] {dag.py:3033} INFO - Sync 1 DAGs
[2025-11-18T04:30:17.739+0000] {logging_mixin.py:188} INFO - [2025-11-18T04:30:17.739+0000] {dag.py:3820} INFO - Setting next_dagrun for 02_demo_advanced_patterns to 2025-11-17T00:00:00+00:00, run_after=2025-11-18T00:00:00+00:00
[2025-11-18T04:30:17.746+0000] {processor.py:183} INFO - Processing /opt/airflow/dags/02_demo_advanced_patterns.py took 0.192 seconds
[2025-11-18T04:30:47.926+0000] {processor.py:161} INFO - Started process (PID=362) to work on /opt/airflow/dags/02_demo_advanced_patterns.py
[2025-11-18T04:30:47.927+0000] {processor.py:830} INFO - Processing file /opt/airflow/dags/02_demo_advanced_patterns.py for tasks to queue
[2025-11-18T04:30:47.928+0000] {logging_mixin.py:188} INFO - [2025-11-18T04:30:47.928+0000] {dagbag.py:538} INFO - Filling up the DagBag from /opt/airflow/dags/02_demo_advanced_patterns.py
[2025-11-18T04:30:48.087+0000] {logging_mixin.py:188} WARNING - /home/airflow/.local/lib/python3.10/site-packages/airflow/models/baseoperator.py:437 RemovedInAirflow3Warning: provide_context is deprecated as of 2.0 and is no longer required
[2025-11-18T04:30:48.088+0000] {logging_mixin.py:188} WARNING - /home/airflow/.local/lib/python3.10/site-packages/airflow/models/baseoperator.py:437 RemovedInAirflow3Warning: none_failed_or_skipped Trigger Rule is deprecated. Please use `none_failed_min_one_success`.
[2025-11-18T04:30:48.090+0000] {processor.py:840} INFO - DAG(s) '02_demo_advanced_patterns' retrieved from /opt/airflow/dags/02_demo_advanced_patterns.py
[2025-11-18T04:30:48.100+0000] {logging_mixin.py:188} INFO - [2025-11-18T04:30:48.100+0000] {dag.py:3033} INFO - Sync 1 DAGs
[2025-11-18T04:30:48.107+0000] {logging_mixin.py:188} INFO - [2025-11-18T04:30:48.107+0000] {dag.py:3820} INFO - Setting next_dagrun for 02_demo_advanced_patterns to 2025-11-17T00:00:00+00:00, run_after=2025-11-18T00:00:00+00:00
[2025-11-18T04:30:48.114+0000] {processor.py:183} INFO - Processing /opt/airflow/dags/02_demo_advanced_patterns.py took 0.189 seconds
[2025-11-18T04:31:18.157+0000] {processor.py:161} INFO - Started process (PID=365) to work on /opt/airflow/dags/02_demo_advanced_patterns.py
[2025-11-18T04:31:18.157+0000] {processor.py:830} INFO - Processing file /opt/airflow/dags/02_demo_advanced_patterns.py for tasks to queue
[2025-11-18T04:31:18.158+0000] {logging_mixin.py:188} INFO - [2025-11-18T04:31:18.158+0000] {dagbag.py:538} INFO - Filling up the DagBag from /opt/airflow/dags/02_demo_advanced_patterns.py
[2025-11-18T04:31:18.322+0000] {logging_mixin.py:188} WARNING - /home/airflow/.local/lib/python3.10/site-packages/airflow/models/baseoperator.py:437 RemovedInAirflow3Warning: provide_context is deprecated as of 2.0 and is no longer required
[2025-11-18T04:31:18.323+0000] {logging_mixin.py:188} WARNING - /home/airflow/.local/lib/python3.10/site-packages/airflow/models/baseoperator.py:437 RemovedInAirflow3Warning: none_failed_or_skipped Trigger Rule is deprecated. Please use `none_failed_min_one_success`.
[2025-11-18T04:31:18.325+0000] {processor.py:840} INFO - DAG(s) '02_demo_advanced_patterns' retrieved from /opt/airflow/dags/02_demo_advanced_patterns.py
[2025-11-18T04:31:18.335+0000] {logging_mixin.py:188} INFO - [2025-11-18T04:31:18.335+0000] {dag.py:3033} INFO - Sync 1 DAGs
[2025-11-18T04:31:18.343+0000] {logging_mixin.py:188} INFO - [2025-11-18T04:31:18.343+0000] {dag.py:3820} INFO - Setting next_dagrun for 02_demo_advanced_patterns to 2025-11-17T00:00:00+00:00, run_after=2025-11-18T00:00:00+00:00
[2025-11-18T04:31:18.350+0000] {processor.py:183} INFO - Processing /opt/airflow/dags/02_demo_advanced_patterns.py took 0.195 seconds
[2025-11-18T04:31:48.559+0000] {processor.py:161} INFO - Started process (PID=368) to work on /opt/airflow/dags/02_demo_advanced_patterns.py
[2025-11-18T04:31:48.560+0000] {processor.py:830} INFO - Processing file /opt/airflow/dags/02_demo_advanced_patterns.py for tasks to queue
[2025-11-18T04:31:48.561+0000] {logging_mixin.py:188} INFO - [2025-11-18T04:31:48.561+0000] {dagbag.py:538} INFO - Filling up the DagBag from /opt/airflow/dags/02_demo_advanced_patterns.py
[2025-11-18T04:31:48.723+0000] {logging_mixin.py:188} WARNING - /home/airflow/.local/lib/python3.10/site-packages/airflow/models/baseoperator.py:437 RemovedInAirflow3Warning: provide_context is deprecated as of 2.0 and is no longer required
[2025-11-18T04:31:48.724+0000] {logging_mixin.py:188} WARNING - /home/airflow/.local/lib/python3.10/site-packages/airflow/models/baseoperator.py:437 RemovedInAirflow3Warning: none_failed_or_skipped Trigger Rule is deprecated. Please use `none_failed_min_one_success`.
[2025-11-18T04:31:48.726+0000] {processor.py:840} INFO - DAG(s) '02_demo_advanced_patterns' retrieved from /opt/airflow/dags/02_demo_advanced_patterns.py
[2025-11-18T04:31:48.736+0000] {logging_mixin.py:188} INFO - [2025-11-18T04:31:48.736+0000] {dag.py:3033} INFO - Sync 1 DAGs
[2025-11-18T04:31:48.743+0000] {logging_mixin.py:188} INFO - [2025-11-18T04:31:48.743+0000] {dag.py:3820} INFO - Setting next_dagrun for 02_demo_advanced_patterns to 2025-11-17T00:00:00+00:00, run_after=2025-11-18T00:00:00+00:00
[2025-11-18T04:31:48.750+0000] {processor.py:183} INFO - Processing /opt/airflow/dags/02_demo_advanced_patterns.py took 0.192 seconds
[2025-11-18T04:32:18.813+0000] {processor.py:161} INFO - Started process (PID=371) to work on /opt/airflow/dags/02_demo_advanced_patterns.py
[2025-11-18T04:32:18.813+0000] {processor.py:830} INFO - Processing file /opt/airflow/dags/02_demo_advanced_patterns.py for tasks to queue
[2025-11-18T04:32:18.814+0000] {logging_mixin.py:188} INFO - [2025-11-18T04:32:18.814+0000] {dagbag.py:538} INFO - Filling up the DagBag from /opt/airflow/dags/02_demo_advanced_patterns.py
[2025-11-18T04:32:18.982+0000] {logging_mixin.py:188} WARNING - /home/airflow/.local/lib/python3.10/site-packages/airflow/models/baseoperator.py:437 RemovedInAirflow3Warning: provide_context is deprecated as of 2.0 and is no longer required
[2025-11-18T04:32:18.983+0000] {logging_mixin.py:188} WARNING - /home/airflow/.local/lib/python3.10/site-packages/airflow/models/baseoperator.py:437 RemovedInAirflow3Warning: none_failed_or_skipped Trigger Rule is deprecated. Please use `none_failed_min_one_success`.
[2025-11-18T04:32:18.985+0000] {processor.py:840} INFO - DAG(s) '02_demo_advanced_patterns' retrieved from /opt/airflow/dags/02_demo_advanced_patterns.py
[2025-11-18T04:32:18.994+0000] {logging_mixin.py:188} INFO - [2025-11-18T04:32:18.994+0000] {dag.py:3033} INFO - Sync 1 DAGs
[2025-11-18T04:32:19.003+0000] {logging_mixin.py:188} INFO - [2025-11-18T04:32:19.003+0000] {dag.py:3820} INFO - Setting next_dagrun for 02_demo_advanced_patterns to 2025-11-17T00:00:00+00:00, run_after=2025-11-18T00:00:00+00:00
[2025-11-18T04:32:19.009+0000] {processor.py:183} INFO - Processing /opt/airflow/dags/02_demo_advanced_patterns.py took 0.198 seconds
[2025-11-18T04:32:49.069+0000] {processor.py:161} INFO - Started process (PID=374) to work on /opt/airflow/dags/02_demo_advanced_patterns.py
[2025-11-18T04:32:49.070+0000] {processor.py:830} INFO - Processing file /opt/airflow/dags/02_demo_advanced_patterns.py for tasks to queue
[2025-11-18T04:32:49.071+0000] {logging_mixin.py:188} INFO - [2025-11-18T04:32:49.071+0000] {dagbag.py:538} INFO - Filling up the DagBag from /opt/airflow/dags/02_demo_advanced_patterns.py
[2025-11-18T04:32:49.243+0000] {logging_mixin.py:188} WARNING - /home/airflow/.local/lib/python3.10/site-packages/airflow/models/baseoperator.py:437 RemovedInAirflow3Warning: provide_context is deprecated as of 2.0 and is no longer required
[2025-11-18T04:32:49.243+0000] {logging_mixin.py:188} WARNING - /home/airflow/.local/lib/python3.10/site-packages/airflow/models/baseoperator.py:437 RemovedInAirflow3Warning: none_failed_or_skipped Trigger Rule is deprecated. Please use `none_failed_min_one_success`.
[2025-11-18T04:32:49.246+0000] {processor.py:840} INFO - DAG(s) '02_demo_advanced_patterns' retrieved from /opt/airflow/dags/02_demo_advanced_patterns.py
[2025-11-18T04:32:49.256+0000] {logging_mixin.py:188} INFO - [2025-11-18T04:32:49.255+0000] {dag.py:3033} INFO - Sync 1 DAGs
[2025-11-18T04:32:49.264+0000] {logging_mixin.py:188} INFO - [2025-11-18T04:32:49.264+0000] {dag.py:3820} INFO - Setting next_dagrun for 02_demo_advanced_patterns to 2025-11-17T00:00:00+00:00, run_after=2025-11-18T00:00:00+00:00
[2025-11-18T04:32:49.270+0000] {processor.py:183} INFO - Processing /opt/airflow/dags/02_demo_advanced_patterns.py took 0.204 seconds
[2025-11-18T04:33:19.400+0000] {processor.py:161} INFO - Started process (PID=377) to work on /opt/airflow/dags/02_demo_advanced_patterns.py
[2025-11-18T04:33:19.400+0000] {processor.py:830} INFO - Processing file /opt/airflow/dags/02_demo_advanced_patterns.py for tasks to queue
[2025-11-18T04:33:19.401+0000] {logging_mixin.py:188} INFO - [2025-11-18T04:33:19.401+0000] {dagbag.py:538} INFO - Filling up the DagBag from /opt/airflow/dags/02_demo_advanced_patterns.py
[2025-11-18T04:33:19.567+0000] {logging_mixin.py:188} WARNING - /home/airflow/.local/lib/python3.10/site-packages/airflow/models/baseoperator.py:437 RemovedInAirflow3Warning: provide_context is deprecated as of 2.0 and is no longer required
[2025-11-18T04:33:19.569+0000] {logging_mixin.py:188} WARNING - /home/airflow/.local/lib/python3.10/site-packages/airflow/models/baseoperator.py:437 RemovedInAirflow3Warning: none_failed_or_skipped Trigger Rule is deprecated. Please use `none_failed_min_one_success`.
[2025-11-18T04:33:19.571+0000] {processor.py:840} INFO - DAG(s) '02_demo_advanced_patterns' retrieved from /opt/airflow/dags/02_demo_advanced_patterns.py
[2025-11-18T04:33:19.582+0000] {logging_mixin.py:188} INFO - [2025-11-18T04:33:19.582+0000] {dag.py:3033} INFO - Sync 1 DAGs
[2025-11-18T04:33:19.590+0000] {logging_mixin.py:188} INFO - [2025-11-18T04:33:19.590+0000] {dag.py:3820} INFO - Setting next_dagrun for 02_demo_advanced_patterns to 2025-11-17T00:00:00+00:00, run_after=2025-11-18T00:00:00+00:00
[2025-11-18T04:33:19.596+0000] {processor.py:183} INFO - Processing /opt/airflow/dags/02_demo_advanced_patterns.py took 0.199 seconds
[2025-11-18T04:33:49.639+0000] {processor.py:161} INFO - Started process (PID=380) to work on /opt/airflow/dags/02_demo_advanced_patterns.py
[2025-11-18T04:33:49.640+0000] {processor.py:830} INFO - Processing file /opt/airflow/dags/02_demo_advanced_patterns.py for tasks to queue
[2025-11-18T04:33:49.641+0000] {logging_mixin.py:188} INFO - [2025-11-18T04:33:49.640+0000] {dagbag.py:538} INFO - Filling up the DagBag from /opt/airflow/dags/02_demo_advanced_patterns.py
[2025-11-18T04:33:49.831+0000] {logging_mixin.py:188} WARNING - /home/airflow/.local/lib/python3.10/site-packages/airflow/models/baseoperator.py:437 RemovedInAirflow3Warning: provide_context is deprecated as of 2.0 and is no longer required
[2025-11-18T04:33:49.832+0000] {logging_mixin.py:188} WARNING - /home/airflow/.local/lib/python3.10/site-packages/airflow/models/baseoperator.py:437 RemovedInAirflow3Warning: none_failed_or_skipped Trigger Rule is deprecated. Please use `none_failed_min_one_success`.
[2025-11-18T04:33:49.834+0000] {processor.py:840} INFO - DAG(s) '02_demo_advanced_patterns' retrieved from /opt/airflow/dags/02_demo_advanced_patterns.py
[2025-11-18T04:33:49.844+0000] {logging_mixin.py:188} INFO - [2025-11-18T04:33:49.844+0000] {dag.py:3033} INFO - Sync 1 DAGs
[2025-11-18T04:33:49.853+0000] {logging_mixin.py:188} INFO - [2025-11-18T04:33:49.853+0000] {dag.py:3820} INFO - Setting next_dagrun for 02_demo_advanced_patterns to 2025-11-17T00:00:00+00:00, run_after=2025-11-18T00:00:00+00:00
[2025-11-18T04:33:49.859+0000] {processor.py:183} INFO - Processing /opt/airflow/dags/02_demo_advanced_patterns.py took 0.222 seconds
[2025-11-18T04:34:19.953+0000] {processor.py:161} INFO - Started process (PID=383) to work on /opt/airflow/dags/02_demo_advanced_patterns.py
[2025-11-18T04:34:19.953+0000] {processor.py:830} INFO - Processing file /opt/airflow/dags/02_demo_advanced_patterns.py for tasks to queue
[2025-11-18T04:34:19.954+0000] {logging_mixin.py:188} INFO - [2025-11-18T04:34:19.954+0000] {dagbag.py:538} INFO - Filling up the DagBag from /opt/airflow/dags/02_demo_advanced_patterns.py
[2025-11-18T04:34:20.132+0000] {logging_mixin.py:188} WARNING - /home/airflow/.local/lib/python3.10/site-packages/airflow/models/baseoperator.py:437 RemovedInAirflow3Warning: provide_context is deprecated as of 2.0 and is no longer required
[2025-11-18T04:34:20.133+0000] {logging_mixin.py:188} WARNING - /home/airflow/.local/lib/python3.10/site-packages/airflow/models/baseoperator.py:437 RemovedInAirflow3Warning: none_failed_or_skipped Trigger Rule is deprecated. Please use `none_failed_min_one_success`.
[2025-11-18T04:34:20.135+0000] {processor.py:840} INFO - DAG(s) '02_demo_advanced_patterns' retrieved from /opt/airflow/dags/02_demo_advanced_patterns.py
[2025-11-18T04:34:20.145+0000] {logging_mixin.py:188} INFO - [2025-11-18T04:34:20.145+0000] {dag.py:3033} INFO - Sync 1 DAGs
[2025-11-18T04:34:20.153+0000] {logging_mixin.py:188} INFO - [2025-11-18T04:34:20.153+0000] {dag.py:3820} INFO - Setting next_dagrun for 02_demo_advanced_patterns to 2025-11-17T00:00:00+00:00, run_after=2025-11-18T00:00:00+00:00
[2025-11-18T04:34:20.160+0000] {processor.py:183} INFO - Processing /opt/airflow/dags/02_demo_advanced_patterns.py took 0.209 seconds
[2025-11-18T04:34:50.299+0000] {processor.py:161} INFO - Started process (PID=386) to work on /opt/airflow/dags/02_demo_advanced_patterns.py
[2025-11-18T04:34:50.299+0000] {processor.py:830} INFO - Processing file /opt/airflow/dags/02_demo_advanced_patterns.py for tasks to queue
[2025-11-18T04:34:50.300+0000] {logging_mixin.py:188} INFO - [2025-11-18T04:34:50.300+0000] {dagbag.py:538} INFO - Filling up the DagBag from /opt/airflow/dags/02_demo_advanced_patterns.py
[2025-11-18T04:34:50.484+0000] {logging_mixin.py:188} WARNING - /home/airflow/.local/lib/python3.10/site-packages/airflow/models/baseoperator.py:437 RemovedInAirflow3Warning: provide_context is deprecated as of 2.0 and is no longer required
[2025-11-18T04:34:50.485+0000] {logging_mixin.py:188} WARNING - /home/airflow/.local/lib/python3.10/site-packages/airflow/models/baseoperator.py:437 RemovedInAirflow3Warning: none_failed_or_skipped Trigger Rule is deprecated. Please use `none_failed_min_one_success`.
[2025-11-18T04:34:50.487+0000] {processor.py:840} INFO - DAG(s) '02_demo_advanced_patterns' retrieved from /opt/airflow/dags/02_demo_advanced_patterns.py
[2025-11-18T04:34:50.497+0000] {logging_mixin.py:188} INFO - [2025-11-18T04:34:50.497+0000] {dag.py:3033} INFO - Sync 1 DAGs
[2025-11-18T04:34:50.505+0000] {logging_mixin.py:188} INFO - [2025-11-18T04:34:50.505+0000] {dag.py:3820} INFO - Setting next_dagrun for 02_demo_advanced_patterns to 2025-11-17T00:00:00+00:00, run_after=2025-11-18T00:00:00+00:00
[2025-11-18T04:34:50.512+0000] {processor.py:183} INFO - Processing /opt/airflow/dags/02_demo_advanced_patterns.py took 0.215 seconds
[2025-11-18T04:35:20.588+0000] {processor.py:161} INFO - Started process (PID=389) to work on /opt/airflow/dags/02_demo_advanced_patterns.py
[2025-11-18T04:35:20.589+0000] {processor.py:830} INFO - Processing file /opt/airflow/dags/02_demo_advanced_patterns.py for tasks to queue
[2025-11-18T04:35:20.590+0000] {logging_mixin.py:188} INFO - [2025-11-18T04:35:20.590+0000] {dagbag.py:538} INFO - Filling up the DagBag from /opt/airflow/dags/02_demo_advanced_patterns.py
[2025-11-18T04:35:20.753+0000] {logging_mixin.py:188} WARNING - /home/airflow/.local/lib/python3.10/site-packages/airflow/models/baseoperator.py:437 RemovedInAirflow3Warning: provide_context is deprecated as of 2.0 and is no longer required
[2025-11-18T04:35:20.754+0000] {logging_mixin.py:188} WARNING - /home/airflow/.local/lib/python3.10/site-packages/airflow/models/baseoperator.py:437 RemovedInAirflow3Warning: none_failed_or_skipped Trigger Rule is deprecated. Please use `none_failed_min_one_success`.
[2025-11-18T04:35:20.756+0000] {processor.py:840} INFO - DAG(s) '02_demo_advanced_patterns' retrieved from /opt/airflow/dags/02_demo_advanced_patterns.py
[2025-11-18T04:35:20.766+0000] {logging_mixin.py:188} INFO - [2025-11-18T04:35:20.766+0000] {dag.py:3033} INFO - Sync 1 DAGs
[2025-11-18T04:35:20.774+0000] {logging_mixin.py:188} INFO - [2025-11-18T04:35:20.774+0000] {dag.py:3820} INFO - Setting next_dagrun for 02_demo_advanced_patterns to 2025-11-17T00:00:00+00:00, run_after=2025-11-18T00:00:00+00:00
[2025-11-18T04:35:20.780+0000] {processor.py:183} INFO - Processing /opt/airflow/dags/02_demo_advanced_patterns.py took 0.194 seconds
[2025-11-18T04:35:51.006+0000] {processor.py:161} INFO - Started process (PID=392) to work on /opt/airflow/dags/02_demo_advanced_patterns.py
[2025-11-18T04:35:51.006+0000] {processor.py:830} INFO - Processing file /opt/airflow/dags/02_demo_advanced_patterns.py for tasks to queue
[2025-11-18T04:35:51.007+0000] {logging_mixin.py:188} INFO - [2025-11-18T04:35:51.007+0000] {dagbag.py:538} INFO - Filling up the DagBag from /opt/airflow/dags/02_demo_advanced_patterns.py
[2025-11-18T04:35:51.108+0000] {logging_mixin.py:188} WARNING - /home/airflow/.local/lib/python3.10/site-packages/airflow/models/baseoperator.py:437 RemovedInAirflow3Warning: provide_context is deprecated as of 2.0 and is no longer required
[2025-11-18T04:35:51.109+0000] {logging_mixin.py:188} WARNING - /home/airflow/.local/lib/python3.10/site-packages/airflow/models/baseoperator.py:437 RemovedInAirflow3Warning: none_failed_or_skipped Trigger Rule is deprecated. Please use `none_failed_min_one_success`.
[2025-11-18T04:35:51.112+0000] {processor.py:840} INFO - DAG(s) '02_demo_advanced_patterns' retrieved from /opt/airflow/dags/02_demo_advanced_patterns.py
[2025-11-18T04:35:51.122+0000] {logging_mixin.py:188} INFO - [2025-11-18T04:35:51.122+0000] {dag.py:3033} INFO - Sync 1 DAGs
[2025-11-18T04:35:51.131+0000] {logging_mixin.py:188} INFO - [2025-11-18T04:35:51.131+0000] {dag.py:3820} INFO - Setting next_dagrun for 02_demo_advanced_patterns to 2025-11-17T00:00:00+00:00, run_after=2025-11-18T00:00:00+00:00
[2025-11-18T04:35:51.138+0000] {processor.py:183} INFO - Processing /opt/airflow/dags/02_demo_advanced_patterns.py took 0.133 seconds
[2025-11-18T04:36:21.260+0000] {processor.py:161} INFO - Started process (PID=395) to work on /opt/airflow/dags/02_demo_advanced_patterns.py
[2025-11-18T04:36:21.261+0000] {processor.py:830} INFO - Processing file /opt/airflow/dags/02_demo_advanced_patterns.py for tasks to queue
[2025-11-18T04:36:21.262+0000] {logging_mixin.py:188} INFO - [2025-11-18T04:36:21.262+0000] {dagbag.py:538} INFO - Filling up the DagBag from /opt/airflow/dags/02_demo_advanced_patterns.py
[2025-11-18T04:36:21.372+0000] {logging_mixin.py:188} WARNING - /home/airflow/.local/lib/python3.10/site-packages/airflow/models/baseoperator.py:437 RemovedInAirflow3Warning: provide_context is deprecated as of 2.0 and is no longer required
[2025-11-18T04:36:21.373+0000] {logging_mixin.py:188} WARNING - /home/airflow/.local/lib/python3.10/site-packages/airflow/models/baseoperator.py:437 RemovedInAirflow3Warning: none_failed_or_skipped Trigger Rule is deprecated. Please use `none_failed_min_one_success`.
[2025-11-18T04:36:21.376+0000] {processor.py:840} INFO - DAG(s) '02_demo_advanced_patterns' retrieved from /opt/airflow/dags/02_demo_advanced_patterns.py
[2025-11-18T04:36:21.386+0000] {logging_mixin.py:188} INFO - [2025-11-18T04:36:21.386+0000] {dag.py:3033} INFO - Sync 1 DAGs
[2025-11-18T04:36:21.395+0000] {logging_mixin.py:188} INFO - [2025-11-18T04:36:21.395+0000] {dag.py:3820} INFO - Setting next_dagrun for 02_demo_advanced_patterns to 2025-11-17T00:00:00+00:00, run_after=2025-11-18T00:00:00+00:00
[2025-11-18T04:36:21.401+0000] {processor.py:183} INFO - Processing /opt/airflow/dags/02_demo_advanced_patterns.py took 0.144 seconds
[2025-11-18T04:36:51.576+0000] {processor.py:161} INFO - Started process (PID=398) to work on /opt/airflow/dags/02_demo_advanced_patterns.py
[2025-11-18T04:36:51.576+0000] {processor.py:830} INFO - Processing file /opt/airflow/dags/02_demo_advanced_patterns.py for tasks to queue
[2025-11-18T04:36:51.577+0000] {logging_mixin.py:188} INFO - [2025-11-18T04:36:51.577+0000] {dagbag.py:538} INFO - Filling up the DagBag from /opt/airflow/dags/02_demo_advanced_patterns.py
[2025-11-18T04:36:51.679+0000] {logging_mixin.py:188} WARNING - /home/airflow/.local/lib/python3.10/site-packages/airflow/models/baseoperator.py:437 RemovedInAirflow3Warning: provide_context is deprecated as of 2.0 and is no longer required
[2025-11-18T04:36:51.680+0000] {logging_mixin.py:188} WARNING - /home/airflow/.local/lib/python3.10/site-packages/airflow/models/baseoperator.py:437 RemovedInAirflow3Warning: none_failed_or_skipped Trigger Rule is deprecated. Please use `none_failed_min_one_success`.
[2025-11-18T04:36:51.682+0000] {processor.py:840} INFO - DAG(s) '02_demo_advanced_patterns' retrieved from /opt/airflow/dags/02_demo_advanced_patterns.py
[2025-11-18T04:36:51.693+0000] {logging_mixin.py:188} INFO - [2025-11-18T04:36:51.693+0000] {dag.py:3033} INFO - Sync 1 DAGs
[2025-11-18T04:36:51.701+0000] {logging_mixin.py:188} INFO - [2025-11-18T04:36:51.701+0000] {dag.py:3820} INFO - Setting next_dagrun for 02_demo_advanced_patterns to 2025-11-17T00:00:00+00:00, run_after=2025-11-18T00:00:00+00:00
[2025-11-18T04:36:51.709+0000] {processor.py:183} INFO - Processing /opt/airflow/dags/02_demo_advanced_patterns.py took 0.135 seconds
[2025-11-18T04:37:21.785+0000] {processor.py:161} INFO - Started process (PID=401) to work on /opt/airflow/dags/02_demo_advanced_patterns.py
[2025-11-18T04:37:21.786+0000] {processor.py:830} INFO - Processing file /opt/airflow/dags/02_demo_advanced_patterns.py for tasks to queue
[2025-11-18T04:37:21.787+0000] {logging_mixin.py:188} INFO - [2025-11-18T04:37:21.787+0000] {dagbag.py:538} INFO - Filling up the DagBag from /opt/airflow/dags/02_demo_advanced_patterns.py
[2025-11-18T04:37:21.894+0000] {logging_mixin.py:188} WARNING - /home/airflow/.local/lib/python3.10/site-packages/airflow/models/baseoperator.py:437 RemovedInAirflow3Warning: provide_context is deprecated as of 2.0 and is no longer required
[2025-11-18T04:37:21.895+0000] {logging_mixin.py:188} WARNING - /home/airflow/.local/lib/python3.10/site-packages/airflow/models/baseoperator.py:437 RemovedInAirflow3Warning: none_failed_or_skipped Trigger Rule is deprecated. Please use `none_failed_min_one_success`.
[2025-11-18T04:37:21.897+0000] {processor.py:840} INFO - DAG(s) '02_demo_advanced_patterns' retrieved from /opt/airflow/dags/02_demo_advanced_patterns.py
[2025-11-18T04:37:21.909+0000] {logging_mixin.py:188} INFO - [2025-11-18T04:37:21.909+0000] {dag.py:3033} INFO - Sync 1 DAGs
[2025-11-18T04:37:21.917+0000] {logging_mixin.py:188} INFO - [2025-11-18T04:37:21.917+0000] {dag.py:3820} INFO - Setting next_dagrun for 02_demo_advanced_patterns to 2025-11-17T00:00:00+00:00, run_after=2025-11-18T00:00:00+00:00
[2025-11-18T04:37:21.924+0000] {processor.py:183} INFO - Processing /opt/airflow/dags/02_demo_advanced_patterns.py took 0.141 seconds
[2025-11-18T04:37:51.998+0000] {processor.py:161} INFO - Started process (PID=404) to work on /opt/airflow/dags/02_demo_advanced_patterns.py
[2025-11-18T04:37:51.998+0000] {processor.py:830} INFO - Processing file /opt/airflow/dags/02_demo_advanced_patterns.py for tasks to queue
[2025-11-18T04:37:51.999+0000] {logging_mixin.py:188} INFO - [2025-11-18T04:37:51.999+0000] {dagbag.py:538} INFO - Filling up the DagBag from /opt/airflow/dags/02_demo_advanced_patterns.py
[2025-11-18T04:37:52.103+0000] {logging_mixin.py:188} WARNING - /home/airflow/.local/lib/python3.10/site-packages/airflow/models/baseoperator.py:437 RemovedInAirflow3Warning: provide_context is deprecated as of 2.0 and is no longer required
[2025-11-18T04:37:52.104+0000] {logging_mixin.py:188} WARNING - /home/airflow/.local/lib/python3.10/site-packages/airflow/models/baseoperator.py:437 RemovedInAirflow3Warning: none_failed_or_skipped Trigger Rule is deprecated. Please use `none_failed_min_one_success`.
[2025-11-18T04:37:52.106+0000] {processor.py:840} INFO - DAG(s) '02_demo_advanced_patterns' retrieved from /opt/airflow/dags/02_demo_advanced_patterns.py
[2025-11-18T04:37:52.117+0000] {logging_mixin.py:188} INFO - [2025-11-18T04:37:52.117+0000] {dag.py:3033} INFO - Sync 1 DAGs
[2025-11-18T04:37:52.125+0000] {logging_mixin.py:188} INFO - [2025-11-18T04:37:52.125+0000] {dag.py:3820} INFO - Setting next_dagrun for 02_demo_advanced_patterns to 2025-11-17T00:00:00+00:00, run_after=2025-11-18T00:00:00+00:00
[2025-11-18T04:37:52.132+0000] {processor.py:183} INFO - Processing /opt/airflow/dags/02_demo_advanced_patterns.py took 0.136 seconds
[2025-11-18T04:38:22.216+0000] {processor.py:161} INFO - Started process (PID=407) to work on /opt/airflow/dags/02_demo_advanced_patterns.py
[2025-11-18T04:38:22.216+0000] {processor.py:830} INFO - Processing file /opt/airflow/dags/02_demo_advanced_patterns.py for tasks to queue
[2025-11-18T04:38:22.218+0000] {logging_mixin.py:188} INFO - [2025-11-18T04:38:22.217+0000] {dagbag.py:538} INFO - Filling up the DagBag from /opt/airflow/dags/02_demo_advanced_patterns.py
[2025-11-18T04:38:22.323+0000] {logging_mixin.py:188} WARNING - /home/airflow/.local/lib/python3.10/site-packages/airflow/models/baseoperator.py:437 RemovedInAirflow3Warning: provide_context is deprecated as of 2.0 and is no longer required
[2025-11-18T04:38:22.324+0000] {logging_mixin.py:188} WARNING - /home/airflow/.local/lib/python3.10/site-packages/airflow/models/baseoperator.py:437 RemovedInAirflow3Warning: none_failed_or_skipped Trigger Rule is deprecated. Please use `none_failed_min_one_success`.
[2025-11-18T04:38:22.326+0000] {processor.py:840} INFO - DAG(s) '02_demo_advanced_patterns' retrieved from /opt/airflow/dags/02_demo_advanced_patterns.py
[2025-11-18T04:38:22.336+0000] {logging_mixin.py:188} INFO - [2025-11-18T04:38:22.336+0000] {dag.py:3033} INFO - Sync 1 DAGs
[2025-11-18T04:38:22.346+0000] {logging_mixin.py:188} INFO - [2025-11-18T04:38:22.345+0000] {dag.py:3820} INFO - Setting next_dagrun for 02_demo_advanced_patterns to 2025-11-17T00:00:00+00:00, run_after=2025-11-18T00:00:00+00:00
[2025-11-18T04:38:22.352+0000] {processor.py:183} INFO - Processing /opt/airflow/dags/02_demo_advanced_patterns.py took 0.139 seconds
[2025-11-18T04:38:52.493+0000] {processor.py:161} INFO - Started process (PID=410) to work on /opt/airflow/dags/02_demo_advanced_patterns.py
[2025-11-18T04:38:52.494+0000] {processor.py:830} INFO - Processing file /opt/airflow/dags/02_demo_advanced_patterns.py for tasks to queue
[2025-11-18T04:38:52.495+0000] {logging_mixin.py:188} INFO - [2025-11-18T04:38:52.495+0000] {dagbag.py:538} INFO - Filling up the DagBag from /opt/airflow/dags/02_demo_advanced_patterns.py
[2025-11-18T04:38:52.598+0000] {logging_mixin.py:188} WARNING - /home/airflow/.local/lib/python3.10/site-packages/airflow/models/baseoperator.py:437 RemovedInAirflow3Warning: provide_context is deprecated as of 2.0 and is no longer required
[2025-11-18T04:38:52.599+0000] {logging_mixin.py:188} WARNING - /home/airflow/.local/lib/python3.10/site-packages/airflow/models/baseoperator.py:437 RemovedInAirflow3Warning: none_failed_or_skipped Trigger Rule is deprecated. Please use `none_failed_min_one_success`.
[2025-11-18T04:38:52.602+0000] {processor.py:840} INFO - DAG(s) '02_demo_advanced_patterns' retrieved from /opt/airflow/dags/02_demo_advanced_patterns.py
[2025-11-18T04:38:52.613+0000] {logging_mixin.py:188} INFO - [2025-11-18T04:38:52.612+0000] {dag.py:3033} INFO - Sync 1 DAGs
[2025-11-18T04:38:52.621+0000] {logging_mixin.py:188} INFO - [2025-11-18T04:38:52.621+0000] {dag.py:3820} INFO - Setting next_dagrun for 02_demo_advanced_patterns to 2025-11-17T00:00:00+00:00, run_after=2025-11-18T00:00:00+00:00
[2025-11-18T04:38:52.628+0000] {processor.py:183} INFO - Processing /opt/airflow/dags/02_demo_advanced_patterns.py took 0.136 seconds
[2025-11-18T04:39:22.741+0000] {processor.py:161} INFO - Started process (PID=413) to work on /opt/airflow/dags/02_demo_advanced_patterns.py
[2025-11-18T04:39:22.741+0000] {processor.py:830} INFO - Processing file /opt/airflow/dags/02_demo_advanced_patterns.py for tasks to queue
[2025-11-18T04:39:22.743+0000] {logging_mixin.py:188} INFO - [2025-11-18T04:39:22.743+0000] {dagbag.py:538} INFO - Filling up the DagBag from /opt/airflow/dags/02_demo_advanced_patterns.py
[2025-11-18T04:39:22.849+0000] {logging_mixin.py:188} WARNING - /home/airflow/.local/lib/python3.10/site-packages/airflow/models/baseoperator.py:437 RemovedInAirflow3Warning: provide_context is deprecated as of 2.0 and is no longer required
[2025-11-18T04:39:22.850+0000] {logging_mixin.py:188} WARNING - /home/airflow/.local/lib/python3.10/site-packages/airflow/models/baseoperator.py:437 RemovedInAirflow3Warning: none_failed_or_skipped Trigger Rule is deprecated. Please use `none_failed_min_one_success`.
[2025-11-18T04:39:22.852+0000] {processor.py:840} INFO - DAG(s) '02_demo_advanced_patterns' retrieved from /opt/airflow/dags/02_demo_advanced_patterns.py
[2025-11-18T04:39:22.863+0000] {logging_mixin.py:188} INFO - [2025-11-18T04:39:22.863+0000] {dag.py:3033} INFO - Sync 1 DAGs
[2025-11-18T04:39:22.872+0000] {logging_mixin.py:188} INFO - [2025-11-18T04:39:22.871+0000] {dag.py:3820} INFO - Setting next_dagrun for 02_demo_advanced_patterns to 2025-11-17T00:00:00+00:00, run_after=2025-11-18T00:00:00+00:00
[2025-11-18T04:39:22.878+0000] {processor.py:183} INFO - Processing /opt/airflow/dags/02_demo_advanced_patterns.py took 0.140 seconds
[2025-11-18T04:39:53.030+0000] {processor.py:161} INFO - Started process (PID=416) to work on /opt/airflow/dags/02_demo_advanced_patterns.py
[2025-11-18T04:39:53.030+0000] {processor.py:830} INFO - Processing file /opt/airflow/dags/02_demo_advanced_patterns.py for tasks to queue
[2025-11-18T04:39:53.032+0000] {logging_mixin.py:188} INFO - [2025-11-18T04:39:53.031+0000] {dagbag.py:538} INFO - Filling up the DagBag from /opt/airflow/dags/02_demo_advanced_patterns.py
[2025-11-18T04:39:53.147+0000] {logging_mixin.py:188} WARNING - /home/airflow/.local/lib/python3.10/site-packages/airflow/models/baseoperator.py:437 RemovedInAirflow3Warning: provide_context is deprecated as of 2.0 and is no longer required
[2025-11-18T04:39:53.148+0000] {logging_mixin.py:188} WARNING - /home/airflow/.local/lib/python3.10/site-packages/airflow/models/baseoperator.py:437 RemovedInAirflow3Warning: none_failed_or_skipped Trigger Rule is deprecated. Please use `none_failed_min_one_success`.
[2025-11-18T04:39:53.150+0000] {processor.py:840} INFO - DAG(s) '02_demo_advanced_patterns' retrieved from /opt/airflow/dags/02_demo_advanced_patterns.py
[2025-11-18T04:39:53.161+0000] {logging_mixin.py:188} INFO - [2025-11-18T04:39:53.161+0000] {dag.py:3033} INFO - Sync 1 DAGs
[2025-11-18T04:39:53.169+0000] {logging_mixin.py:188} INFO - [2025-11-18T04:39:53.169+0000] {dag.py:3820} INFO - Setting next_dagrun for 02_demo_advanced_patterns to 2025-11-17T00:00:00+00:00, run_after=2025-11-18T00:00:00+00:00
[2025-11-18T04:39:53.176+0000] {processor.py:183} INFO - Processing /opt/airflow/dags/02_demo_advanced_patterns.py took 0.148 seconds
[2025-11-18T04:40:23.307+0000] {processor.py:161} INFO - Started process (PID=419) to work on /opt/airflow/dags/02_demo_advanced_patterns.py
[2025-11-18T04:40:23.308+0000] {processor.py:830} INFO - Processing file /opt/airflow/dags/02_demo_advanced_patterns.py for tasks to queue
[2025-11-18T04:40:23.309+0000] {logging_mixin.py:188} INFO - [2025-11-18T04:40:23.309+0000] {dagbag.py:538} INFO - Filling up the DagBag from /opt/airflow/dags/02_demo_advanced_patterns.py
[2025-11-18T04:40:23.416+0000] {logging_mixin.py:188} WARNING - /home/airflow/.local/lib/python3.10/site-packages/airflow/models/baseoperator.py:437 RemovedInAirflow3Warning: provide_context is deprecated as of 2.0 and is no longer required
[2025-11-18T04:40:23.417+0000] {logging_mixin.py:188} WARNING - /home/airflow/.local/lib/python3.10/site-packages/airflow/models/baseoperator.py:437 RemovedInAirflow3Warning: none_failed_or_skipped Trigger Rule is deprecated. Please use `none_failed_min_one_success`.
[2025-11-18T04:40:23.419+0000] {processor.py:840} INFO - DAG(s) '02_demo_advanced_patterns' retrieved from /opt/airflow/dags/02_demo_advanced_patterns.py
[2025-11-18T04:40:23.430+0000] {logging_mixin.py:188} INFO - [2025-11-18T04:40:23.430+0000] {dag.py:3033} INFO - Sync 1 DAGs
[2025-11-18T04:40:23.438+0000] {logging_mixin.py:188} INFO - [2025-11-18T04:40:23.438+0000] {dag.py:3820} INFO - Setting next_dagrun for 02_demo_advanced_patterns to 2025-11-17T00:00:00+00:00, run_after=2025-11-18T00:00:00+00:00
[2025-11-18T04:40:23.445+0000] {processor.py:183} INFO - Processing /opt/airflow/dags/02_demo_advanced_patterns.py took 0.139 seconds
[2025-11-18T04:40:53.566+0000] {processor.py:161} INFO - Started process (PID=422) to work on /opt/airflow/dags/02_demo_advanced_patterns.py
[2025-11-18T04:40:53.567+0000] {processor.py:830} INFO - Processing file /opt/airflow/dags/02_demo_advanced_patterns.py for tasks to queue
[2025-11-18T04:40:53.568+0000] {logging_mixin.py:188} INFO - [2025-11-18T04:40:53.568+0000] {dagbag.py:538} INFO - Filling up the DagBag from /opt/airflow/dags/02_demo_advanced_patterns.py
[2025-11-18T04:40:53.678+0000] {logging_mixin.py:188} WARNING - /home/airflow/.local/lib/python3.10/site-packages/airflow/models/baseoperator.py:437 RemovedInAirflow3Warning: provide_context is deprecated as of 2.0 and is no longer required
[2025-11-18T04:40:53.679+0000] {logging_mixin.py:188} WARNING - /home/airflow/.local/lib/python3.10/site-packages/airflow/models/baseoperator.py:437 RemovedInAirflow3Warning: none_failed_or_skipped Trigger Rule is deprecated. Please use `none_failed_min_one_success`.
[2025-11-18T04:40:53.681+0000] {processor.py:840} INFO - DAG(s) '02_demo_advanced_patterns' retrieved from /opt/airflow/dags/02_demo_advanced_patterns.py
[2025-11-18T04:40:53.692+0000] {logging_mixin.py:188} INFO - [2025-11-18T04:40:53.692+0000] {dag.py:3033} INFO - Sync 1 DAGs
[2025-11-18T04:40:53.702+0000] {logging_mixin.py:188} INFO - [2025-11-18T04:40:53.702+0000] {dag.py:3820} INFO - Setting next_dagrun for 02_demo_advanced_patterns to 2025-11-17T00:00:00+00:00, run_after=2025-11-18T00:00:00+00:00
[2025-11-18T04:40:53.709+0000] {processor.py:183} INFO - Processing /opt/airflow/dags/02_demo_advanced_patterns.py took 0.146 seconds
[2025-11-18T04:41:23.847+0000] {processor.py:161} INFO - Started process (PID=425) to work on /opt/airflow/dags/02_demo_advanced_patterns.py
[2025-11-18T04:41:23.848+0000] {processor.py:830} INFO - Processing file /opt/airflow/dags/02_demo_advanced_patterns.py for tasks to queue
[2025-11-18T04:41:23.849+0000] {logging_mixin.py:188} INFO - [2025-11-18T04:41:23.849+0000] {dagbag.py:538} INFO - Filling up the DagBag from /opt/airflow/dags/02_demo_advanced_patterns.py
[2025-11-18T04:41:23.953+0000] {logging_mixin.py:188} WARNING - /home/airflow/.local/lib/python3.10/site-packages/airflow/models/baseoperator.py:437 RemovedInAirflow3Warning: provide_context is deprecated as of 2.0 and is no longer required
[2025-11-18T04:41:23.954+0000] {logging_mixin.py:188} WARNING - /home/airflow/.local/lib/python3.10/site-packages/airflow/models/baseoperator.py:437 RemovedInAirflow3Warning: none_failed_or_skipped Trigger Rule is deprecated. Please use `none_failed_min_one_success`.
[2025-11-18T04:41:23.956+0000] {processor.py:840} INFO - DAG(s) '02_demo_advanced_patterns' retrieved from /opt/airflow/dags/02_demo_advanced_patterns.py
[2025-11-18T04:41:23.966+0000] {logging_mixin.py:188} INFO - [2025-11-18T04:41:23.966+0000] {dag.py:3033} INFO - Sync 1 DAGs
[2025-11-18T04:41:23.975+0000] {logging_mixin.py:188} INFO - [2025-11-18T04:41:23.975+0000] {dag.py:3820} INFO - Setting next_dagrun for 02_demo_advanced_patterns to 2025-11-17T00:00:00+00:00, run_after=2025-11-18T00:00:00+00:00
[2025-11-18T04:41:23.983+0000] {processor.py:183} INFO - Processing /opt/airflow/dags/02_demo_advanced_patterns.py took 0.138 seconds
[2025-11-18T04:41:54.090+0000] {processor.py:161} INFO - Started process (PID=428) to work on /opt/airflow/dags/02_demo_advanced_patterns.py
[2025-11-18T04:41:54.090+0000] {processor.py:830} INFO - Processing file /opt/airflow/dags/02_demo_advanced_patterns.py for tasks to queue
[2025-11-18T04:41:54.091+0000] {logging_mixin.py:188} INFO - [2025-11-18T04:41:54.091+0000] {dagbag.py:538} INFO - Filling up the DagBag from /opt/airflow/dags/02_demo_advanced_patterns.py
[2025-11-18T04:41:54.205+0000] {logging_mixin.py:188} WARNING - /home/airflow/.local/lib/python3.10/site-packages/airflow/models/baseoperator.py:437 RemovedInAirflow3Warning: provide_context is deprecated as of 2.0 and is no longer required
[2025-11-18T04:41:54.205+0000] {logging_mixin.py:188} WARNING - /home/airflow/.local/lib/python3.10/site-packages/airflow/models/baseoperator.py:437 RemovedInAirflow3Warning: none_failed_or_skipped Trigger Rule is deprecated. Please use `none_failed_min_one_success`.
[2025-11-18T04:41:54.208+0000] {processor.py:840} INFO - DAG(s) '02_demo_advanced_patterns' retrieved from /opt/airflow/dags/02_demo_advanced_patterns.py
[2025-11-18T04:41:54.219+0000] {logging_mixin.py:188} INFO - [2025-11-18T04:41:54.219+0000] {dag.py:3033} INFO - Sync 1 DAGs
[2025-11-18T04:41:54.230+0000] {logging_mixin.py:188} INFO - [2025-11-18T04:41:54.230+0000] {dag.py:3820} INFO - Setting next_dagrun for 02_demo_advanced_patterns to 2025-11-17T00:00:00+00:00, run_after=2025-11-18T00:00:00+00:00
[2025-11-18T04:41:54.238+0000] {processor.py:183} INFO - Processing /opt/airflow/dags/02_demo_advanced_patterns.py took 0.151 seconds
[2025-11-18T04:42:24.348+0000] {processor.py:161} INFO - Started process (PID=431) to work on /opt/airflow/dags/02_demo_advanced_patterns.py
[2025-11-18T04:42:24.349+0000] {processor.py:830} INFO - Processing file /opt/airflow/dags/02_demo_advanced_patterns.py for tasks to queue
[2025-11-18T04:42:24.350+0000] {logging_mixin.py:188} INFO - [2025-11-18T04:42:24.350+0000] {dagbag.py:538} INFO - Filling up the DagBag from /opt/airflow/dags/02_demo_advanced_patterns.py
[2025-11-18T04:42:24.455+0000] {logging_mixin.py:188} WARNING - /home/airflow/.local/lib/python3.10/site-packages/airflow/models/baseoperator.py:437 RemovedInAirflow3Warning: provide_context is deprecated as of 2.0 and is no longer required
[2025-11-18T04:42:24.456+0000] {logging_mixin.py:188} WARNING - /home/airflow/.local/lib/python3.10/site-packages/airflow/models/baseoperator.py:437 RemovedInAirflow3Warning: none_failed_or_skipped Trigger Rule is deprecated. Please use `none_failed_min_one_success`.
[2025-11-18T04:42:24.458+0000] {processor.py:840} INFO - DAG(s) '02_demo_advanced_patterns' retrieved from /opt/airflow/dags/02_demo_advanced_patterns.py
[2025-11-18T04:42:24.470+0000] {logging_mixin.py:188} INFO - [2025-11-18T04:42:24.470+0000] {dag.py:3033} INFO - Sync 1 DAGs
[2025-11-18T04:42:24.478+0000] {logging_mixin.py:188} INFO - [2025-11-18T04:42:24.478+0000] {dag.py:3820} INFO - Setting next_dagrun for 02_demo_advanced_patterns to 2025-11-17T00:00:00+00:00, run_after=2025-11-18T00:00:00+00:00
[2025-11-18T04:42:24.485+0000] {processor.py:183} INFO - Processing /opt/airflow/dags/02_demo_advanced_patterns.py took 0.139 seconds
[2025-11-18T04:42:54.620+0000] {processor.py:161} INFO - Started process (PID=434) to work on /opt/airflow/dags/02_demo_advanced_patterns.py
[2025-11-18T04:42:54.621+0000] {processor.py:830} INFO - Processing file /opt/airflow/dags/02_demo_advanced_patterns.py for tasks to queue
[2025-11-18T04:42:54.622+0000] {logging_mixin.py:188} INFO - [2025-11-18T04:42:54.622+0000] {dagbag.py:538} INFO - Filling up the DagBag from /opt/airflow/dags/02_demo_advanced_patterns.py
[2025-11-18T04:42:54.738+0000] {logging_mixin.py:188} WARNING - /home/airflow/.local/lib/python3.10/site-packages/airflow/models/baseoperator.py:437 RemovedInAirflow3Warning: provide_context is deprecated as of 2.0 and is no longer required
[2025-11-18T04:42:54.739+0000] {logging_mixin.py:188} WARNING - /home/airflow/.local/lib/python3.10/site-packages/airflow/models/baseoperator.py:437 RemovedInAirflow3Warning: none_failed_or_skipped Trigger Rule is deprecated. Please use `none_failed_min_one_success`.
[2025-11-18T04:42:54.741+0000] {processor.py:840} INFO - DAG(s) '02_demo_advanced_patterns' retrieved from /opt/airflow/dags/02_demo_advanced_patterns.py
[2025-11-18T04:42:54.753+0000] {logging_mixin.py:188} INFO - [2025-11-18T04:42:54.753+0000] {dag.py:3033} INFO - Sync 1 DAGs
[2025-11-18T04:42:54.762+0000] {logging_mixin.py:188} INFO - [2025-11-18T04:42:54.762+0000] {dag.py:3820} INFO - Setting next_dagrun for 02_demo_advanced_patterns to 2025-11-17T00:00:00+00:00, run_after=2025-11-18T00:00:00+00:00
[2025-11-18T04:42:54.769+0000] {processor.py:183} INFO - Processing /opt/airflow/dags/02_demo_advanced_patterns.py took 0.151 seconds
[2025-11-18T04:43:24.896+0000] {processor.py:161} INFO - Started process (PID=437) to work on /opt/airflow/dags/02_demo_advanced_patterns.py
[2025-11-18T04:43:24.896+0000] {processor.py:830} INFO - Processing file /opt/airflow/dags/02_demo_advanced_patterns.py for tasks to queue
[2025-11-18T04:43:24.898+0000] {logging_mixin.py:188} INFO - [2025-11-18T04:43:24.897+0000] {dagbag.py:538} INFO - Filling up the DagBag from /opt/airflow/dags/02_demo_advanced_patterns.py
[2025-11-18T04:43:25.003+0000] {logging_mixin.py:188} WARNING - /home/airflow/.local/lib/python3.10/site-packages/airflow/models/baseoperator.py:437 RemovedInAirflow3Warning: provide_context is deprecated as of 2.0 and is no longer required
[2025-11-18T04:43:25.003+0000] {logging_mixin.py:188} WARNING - /home/airflow/.local/lib/python3.10/site-packages/airflow/models/baseoperator.py:437 RemovedInAirflow3Warning: none_failed_or_skipped Trigger Rule is deprecated. Please use `none_failed_min_one_success`.
[2025-11-18T04:43:25.006+0000] {processor.py:840} INFO - DAG(s) '02_demo_advanced_patterns' retrieved from /opt/airflow/dags/02_demo_advanced_patterns.py
[2025-11-18T04:43:25.017+0000] {logging_mixin.py:188} INFO - [2025-11-18T04:43:25.016+0000] {dag.py:3033} INFO - Sync 1 DAGs
[2025-11-18T04:43:25.025+0000] {logging_mixin.py:188} INFO - [2025-11-18T04:43:25.025+0000] {dag.py:3820} INFO - Setting next_dagrun for 02_demo_advanced_patterns to 2025-11-17T00:00:00+00:00, run_after=2025-11-18T00:00:00+00:00
[2025-11-18T04:43:25.032+0000] {processor.py:183} INFO - Processing /opt/airflow/dags/02_demo_advanced_patterns.py took 0.139 seconds
[2025-11-18T04:43:55.135+0000] {processor.py:161} INFO - Started process (PID=440) to work on /opt/airflow/dags/02_demo_advanced_patterns.py
[2025-11-18T04:43:55.136+0000] {processor.py:830} INFO - Processing file /opt/airflow/dags/02_demo_advanced_patterns.py for tasks to queue
[2025-11-18T04:43:55.137+0000] {logging_mixin.py:188} INFO - [2025-11-18T04:43:55.137+0000] {dagbag.py:538} INFO - Filling up the DagBag from /opt/airflow/dags/02_demo_advanced_patterns.py
[2025-11-18T04:43:55.246+0000] {logging_mixin.py:188} WARNING - /home/airflow/.local/lib/python3.10/site-packages/airflow/models/baseoperator.py:437 RemovedInAirflow3Warning: provide_context is deprecated as of 2.0 and is no longer required
[2025-11-18T04:43:55.247+0000] {logging_mixin.py:188} WARNING - /home/airflow/.local/lib/python3.10/site-packages/airflow/models/baseoperator.py:437 RemovedInAirflow3Warning: none_failed_or_skipped Trigger Rule is deprecated. Please use `none_failed_min_one_success`.
[2025-11-18T04:43:55.249+0000] {processor.py:840} INFO - DAG(s) '02_demo_advanced_patterns' retrieved from /opt/airflow/dags/02_demo_advanced_patterns.py
[2025-11-18T04:43:55.260+0000] {logging_mixin.py:188} INFO - [2025-11-18T04:43:55.260+0000] {dag.py:3033} INFO - Sync 1 DAGs
[2025-11-18T04:43:55.268+0000] {logging_mixin.py:188} INFO - [2025-11-18T04:43:55.268+0000] {dag.py:3820} INFO - Setting next_dagrun for 02_demo_advanced_patterns to 2025-11-17T00:00:00+00:00, run_after=2025-11-18T00:00:00+00:00
[2025-11-18T04:43:55.275+0000] {processor.py:183} INFO - Processing /opt/airflow/dags/02_demo_advanced_patterns.py took 0.142 seconds
[2025-11-18T04:44:25.410+0000] {processor.py:161} INFO - Started process (PID=443) to work on /opt/airflow/dags/02_demo_advanced_patterns.py
[2025-11-18T04:44:25.410+0000] {processor.py:830} INFO - Processing file /opt/airflow/dags/02_demo_advanced_patterns.py for tasks to queue
[2025-11-18T04:44:25.412+0000] {logging_mixin.py:188} INFO - [2025-11-18T04:44:25.412+0000] {dagbag.py:538} INFO - Filling up the DagBag from /opt/airflow/dags/02_demo_advanced_patterns.py
[2025-11-18T04:44:25.518+0000] {logging_mixin.py:188} WARNING - /home/airflow/.local/lib/python3.10/site-packages/airflow/models/baseoperator.py:437 RemovedInAirflow3Warning: provide_context is deprecated as of 2.0 and is no longer required
[2025-11-18T04:44:25.519+0000] {logging_mixin.py:188} WARNING - /home/airflow/.local/lib/python3.10/site-packages/airflow/models/baseoperator.py:437 RemovedInAirflow3Warning: none_failed_or_skipped Trigger Rule is deprecated. Please use `none_failed_min_one_success`.
[2025-11-18T04:44:25.521+0000] {processor.py:840} INFO - DAG(s) '02_demo_advanced_patterns' retrieved from /opt/airflow/dags/02_demo_advanced_patterns.py
[2025-11-18T04:44:25.532+0000] {logging_mixin.py:188} INFO - [2025-11-18T04:44:25.532+0000] {dag.py:3033} INFO - Sync 1 DAGs
[2025-11-18T04:44:25.541+0000] {logging_mixin.py:188} INFO - [2025-11-18T04:44:25.541+0000] {dag.py:3820} INFO - Setting next_dagrun for 02_demo_advanced_patterns to 2025-11-17T00:00:00+00:00, run_after=2025-11-18T00:00:00+00:00
[2025-11-18T04:44:25.548+0000] {processor.py:183} INFO - Processing /opt/airflow/dags/02_demo_advanced_patterns.py took 0.140 seconds
[2025-11-18T04:44:55.675+0000] {processor.py:161} INFO - Started process (PID=446) to work on /opt/airflow/dags/02_demo_advanced_patterns.py
[2025-11-18T04:44:55.675+0000] {processor.py:830} INFO - Processing file /opt/airflow/dags/02_demo_advanced_patterns.py for tasks to queue
[2025-11-18T04:44:55.676+0000] {logging_mixin.py:188} INFO - [2025-11-18T04:44:55.676+0000] {dagbag.py:538} INFO - Filling up the DagBag from /opt/airflow/dags/02_demo_advanced_patterns.py
[2025-11-18T04:44:55.781+0000] {logging_mixin.py:188} WARNING - /home/airflow/.local/lib/python3.10/site-packages/airflow/models/baseoperator.py:437 RemovedInAirflow3Warning: provide_context is deprecated as of 2.0 and is no longer required
[2025-11-18T04:44:55.782+0000] {logging_mixin.py:188} WARNING - /home/airflow/.local/lib/python3.10/site-packages/airflow/models/baseoperator.py:437 RemovedInAirflow3Warning: none_failed_or_skipped Trigger Rule is deprecated. Please use `none_failed_min_one_success`.
[2025-11-18T04:44:55.784+0000] {processor.py:840} INFO - DAG(s) '02_demo_advanced_patterns' retrieved from /opt/airflow/dags/02_demo_advanced_patterns.py
[2025-11-18T04:44:55.795+0000] {logging_mixin.py:188} INFO - [2025-11-18T04:44:55.795+0000] {dag.py:3033} INFO - Sync 1 DAGs
[2025-11-18T04:44:55.803+0000] {logging_mixin.py:188} INFO - [2025-11-18T04:44:55.803+0000] {dag.py:3820} INFO - Setting next_dagrun for 02_demo_advanced_patterns to 2025-11-17T00:00:00+00:00, run_after=2025-11-18T00:00:00+00:00
[2025-11-18T04:44:55.810+0000] {processor.py:183} INFO - Processing /opt/airflow/dags/02_demo_advanced_patterns.py took 0.137 seconds
[2025-11-18T04:45:25.937+0000] {processor.py:161} INFO - Started process (PID=449) to work on /opt/airflow/dags/02_demo_advanced_patterns.py
[2025-11-18T04:45:25.937+0000] {processor.py:830} INFO - Processing file /opt/airflow/dags/02_demo_advanced_patterns.py for tasks to queue
[2025-11-18T04:45:25.938+0000] {logging_mixin.py:188} INFO - [2025-11-18T04:45:25.938+0000] {dagbag.py:538} INFO - Filling up the DagBag from /opt/airflow/dags/02_demo_advanced_patterns.py
[2025-11-18T04:45:26.051+0000] {logging_mixin.py:188} WARNING - /home/airflow/.local/lib/python3.10/site-packages/airflow/models/baseoperator.py:437 RemovedInAirflow3Warning: provide_context is deprecated as of 2.0 and is no longer required
[2025-11-18T04:45:26.052+0000] {logging_mixin.py:188} WARNING - /home/airflow/.local/lib/python3.10/site-packages/airflow/models/baseoperator.py:437 RemovedInAirflow3Warning: none_failed_or_skipped Trigger Rule is deprecated. Please use `none_failed_min_one_success`.
[2025-11-18T04:45:26.054+0000] {processor.py:840} INFO - DAG(s) '02_demo_advanced_patterns' retrieved from /opt/airflow/dags/02_demo_advanced_patterns.py
[2025-11-18T04:45:26.066+0000] {logging_mixin.py:188} INFO - [2025-11-18T04:45:26.066+0000] {dag.py:3033} INFO - Sync 1 DAGs
[2025-11-18T04:45:26.074+0000] {logging_mixin.py:188} INFO - [2025-11-18T04:45:26.074+0000] {dag.py:3820} INFO - Setting next_dagrun for 02_demo_advanced_patterns to 2025-11-17T00:00:00+00:00, run_after=2025-11-18T00:00:00+00:00
[2025-11-18T04:45:26.083+0000] {processor.py:183} INFO - Processing /opt/airflow/dags/02_demo_advanced_patterns.py took 0.148 seconds
[2025-11-18T04:45:56.207+0000] {processor.py:161} INFO - Started process (PID=452) to work on /opt/airflow/dags/02_demo_advanced_patterns.py
[2025-11-18T04:45:56.207+0000] {processor.py:830} INFO - Processing file /opt/airflow/dags/02_demo_advanced_patterns.py for tasks to queue
[2025-11-18T04:45:56.208+0000] {logging_mixin.py:188} INFO - [2025-11-18T04:45:56.208+0000] {dagbag.py:538} INFO - Filling up the DagBag from /opt/airflow/dags/02_demo_advanced_patterns.py
[2025-11-18T04:45:56.314+0000] {logging_mixin.py:188} WARNING - /home/airflow/.local/lib/python3.10/site-packages/airflow/models/baseoperator.py:437 RemovedInAirflow3Warning: provide_context is deprecated as of 2.0 and is no longer required
[2025-11-18T04:45:56.315+0000] {logging_mixin.py:188} WARNING - /home/airflow/.local/lib/python3.10/site-packages/airflow/models/baseoperator.py:437 RemovedInAirflow3Warning: none_failed_or_skipped Trigger Rule is deprecated. Please use `none_failed_min_one_success`.
[2025-11-18T04:45:56.317+0000] {processor.py:840} INFO - DAG(s) '02_demo_advanced_patterns' retrieved from /opt/airflow/dags/02_demo_advanced_patterns.py
[2025-11-18T04:45:56.328+0000] {logging_mixin.py:188} INFO - [2025-11-18T04:45:56.328+0000] {dag.py:3033} INFO - Sync 1 DAGs
[2025-11-18T04:45:56.337+0000] {logging_mixin.py:188} INFO - [2025-11-18T04:45:56.337+0000] {dag.py:3820} INFO - Setting next_dagrun for 02_demo_advanced_patterns to 2025-11-17T00:00:00+00:00, run_after=2025-11-18T00:00:00+00:00
[2025-11-18T04:45:56.344+0000] {processor.py:183} INFO - Processing /opt/airflow/dags/02_demo_advanced_patterns.py took 0.140 seconds
[2025-11-18T04:46:26.508+0000] {processor.py:161} INFO - Started process (PID=455) to work on /opt/airflow/dags/02_demo_advanced_patterns.py
[2025-11-18T04:46:26.509+0000] {processor.py:830} INFO - Processing file /opt/airflow/dags/02_demo_advanced_patterns.py for tasks to queue
[2025-11-18T04:46:26.510+0000] {logging_mixin.py:188} INFO - [2025-11-18T04:46:26.510+0000] {dagbag.py:538} INFO - Filling up the DagBag from /opt/airflow/dags/02_demo_advanced_patterns.py
[2025-11-18T04:46:26.619+0000] {logging_mixin.py:188} WARNING - /home/airflow/.local/lib/python3.10/site-packages/airflow/models/baseoperator.py:437 RemovedInAirflow3Warning: provide_context is deprecated as of 2.0 and is no longer required
[2025-11-18T04:46:26.620+0000] {logging_mixin.py:188} WARNING - /home/airflow/.local/lib/python3.10/site-packages/airflow/models/baseoperator.py:437 RemovedInAirflow3Warning: none_failed_or_skipped Trigger Rule is deprecated. Please use `none_failed_min_one_success`.
[2025-11-18T04:46:26.622+0000] {processor.py:840} INFO - DAG(s) '02_demo_advanced_patterns' retrieved from /opt/airflow/dags/02_demo_advanced_patterns.py
[2025-11-18T04:46:26.633+0000] {logging_mixin.py:188} INFO - [2025-11-18T04:46:26.633+0000] {dag.py:3033} INFO - Sync 1 DAGs
[2025-11-18T04:46:26.641+0000] {logging_mixin.py:188} INFO - [2025-11-18T04:46:26.641+0000] {dag.py:3820} INFO - Setting next_dagrun for 02_demo_advanced_patterns to 2025-11-17T00:00:00+00:00, run_after=2025-11-18T00:00:00+00:00
[2025-11-18T04:46:26.648+0000] {processor.py:183} INFO - Processing /opt/airflow/dags/02_demo_advanced_patterns.py took 0.142 seconds
[2025-11-18T04:46:56.737+0000] {processor.py:161} INFO - Started process (PID=458) to work on /opt/airflow/dags/02_demo_advanced_patterns.py
[2025-11-18T04:46:56.738+0000] {processor.py:830} INFO - Processing file /opt/airflow/dags/02_demo_advanced_patterns.py for tasks to queue
[2025-11-18T04:46:56.740+0000] {logging_mixin.py:188} INFO - [2025-11-18T04:46:56.739+0000] {dagbag.py:538} INFO - Filling up the DagBag from /opt/airflow/dags/02_demo_advanced_patterns.py
[2025-11-18T04:46:56.852+0000] {logging_mixin.py:188} WARNING - /home/airflow/.local/lib/python3.10/site-packages/airflow/models/baseoperator.py:437 RemovedInAirflow3Warning: provide_context is deprecated as of 2.0 and is no longer required
[2025-11-18T04:46:56.853+0000] {logging_mixin.py:188} WARNING - /home/airflow/.local/lib/python3.10/site-packages/airflow/models/baseoperator.py:437 RemovedInAirflow3Warning: none_failed_or_skipped Trigger Rule is deprecated. Please use `none_failed_min_one_success`.
[2025-11-18T04:46:56.856+0000] {processor.py:840} INFO - DAG(s) '02_demo_advanced_patterns' retrieved from /opt/airflow/dags/02_demo_advanced_patterns.py
[2025-11-18T04:46:56.867+0000] {logging_mixin.py:188} INFO - [2025-11-18T04:46:56.867+0000] {dag.py:3033} INFO - Sync 1 DAGs
[2025-11-18T04:46:56.876+0000] {logging_mixin.py:188} INFO - [2025-11-18T04:46:56.876+0000] {dag.py:3820} INFO - Setting next_dagrun for 02_demo_advanced_patterns to 2025-11-17T00:00:00+00:00, run_after=2025-11-18T00:00:00+00:00
[2025-11-18T04:46:56.883+0000] {processor.py:183} INFO - Processing /opt/airflow/dags/02_demo_advanced_patterns.py took 0.148 seconds
[2025-11-18T04:47:26.974+0000] {processor.py:161} INFO - Started process (PID=461) to work on /opt/airflow/dags/02_demo_advanced_patterns.py
[2025-11-18T04:47:26.974+0000] {processor.py:830} INFO - Processing file /opt/airflow/dags/02_demo_advanced_patterns.py for tasks to queue
[2025-11-18T04:47:26.976+0000] {logging_mixin.py:188} INFO - [2025-11-18T04:47:26.976+0000] {dagbag.py:538} INFO - Filling up the DagBag from /opt/airflow/dags/02_demo_advanced_patterns.py
[2025-11-18T04:47:27.082+0000] {logging_mixin.py:188} WARNING - /home/airflow/.local/lib/python3.10/site-packages/airflow/models/baseoperator.py:437 RemovedInAirflow3Warning: provide_context is deprecated as of 2.0 and is no longer required
[2025-11-18T04:47:27.083+0000] {logging_mixin.py:188} WARNING - /home/airflow/.local/lib/python3.10/site-packages/airflow/models/baseoperator.py:437 RemovedInAirflow3Warning: none_failed_or_skipped Trigger Rule is deprecated. Please use `none_failed_min_one_success`.
[2025-11-18T04:47:27.086+0000] {processor.py:840} INFO - DAG(s) '02_demo_advanced_patterns' retrieved from /opt/airflow/dags/02_demo_advanced_patterns.py
[2025-11-18T04:47:27.096+0000] {logging_mixin.py:188} INFO - [2025-11-18T04:47:27.096+0000] {dag.py:3033} INFO - Sync 1 DAGs
[2025-11-18T04:47:27.105+0000] {logging_mixin.py:188} INFO - [2025-11-18T04:47:27.105+0000] {dag.py:3820} INFO - Setting next_dagrun for 02_demo_advanced_patterns to 2025-11-17T00:00:00+00:00, run_after=2025-11-18T00:00:00+00:00
[2025-11-18T04:47:27.112+0000] {processor.py:183} INFO - Processing /opt/airflow/dags/02_demo_advanced_patterns.py took 0.140 seconds
[2025-11-18T04:47:57.225+0000] {processor.py:161} INFO - Started process (PID=464) to work on /opt/airflow/dags/02_demo_advanced_patterns.py
[2025-11-18T04:47:57.225+0000] {processor.py:830} INFO - Processing file /opt/airflow/dags/02_demo_advanced_patterns.py for tasks to queue
[2025-11-18T04:47:57.227+0000] {logging_mixin.py:188} INFO - [2025-11-18T04:47:57.226+0000] {dagbag.py:538} INFO - Filling up the DagBag from /opt/airflow/dags/02_demo_advanced_patterns.py
[2025-11-18T04:47:57.333+0000] {logging_mixin.py:188} WARNING - /home/airflow/.local/lib/python3.10/site-packages/airflow/models/baseoperator.py:437 RemovedInAirflow3Warning: provide_context is deprecated as of 2.0 and is no longer required
[2025-11-18T04:47:57.334+0000] {logging_mixin.py:188} WARNING - /home/airflow/.local/lib/python3.10/site-packages/airflow/models/baseoperator.py:437 RemovedInAirflow3Warning: none_failed_or_skipped Trigger Rule is deprecated. Please use `none_failed_min_one_success`.
[2025-11-18T04:47:57.336+0000] {processor.py:840} INFO - DAG(s) '02_demo_advanced_patterns' retrieved from /opt/airflow/dags/02_demo_advanced_patterns.py
[2025-11-18T04:47:57.347+0000] {logging_mixin.py:188} INFO - [2025-11-18T04:47:57.347+0000] {dag.py:3033} INFO - Sync 1 DAGs
[2025-11-18T04:47:57.357+0000] {logging_mixin.py:188} INFO - [2025-11-18T04:47:57.356+0000] {dag.py:3820} INFO - Setting next_dagrun for 02_demo_advanced_patterns to 2025-11-17T00:00:00+00:00, run_after=2025-11-18T00:00:00+00:00
[2025-11-18T04:47:57.364+0000] {processor.py:183} INFO - Processing /opt/airflow/dags/02_demo_advanced_patterns.py took 0.141 seconds
[2025-11-18T04:48:27.452+0000] {processor.py:161} INFO - Started process (PID=467) to work on /opt/airflow/dags/02_demo_advanced_patterns.py
[2025-11-18T04:48:27.452+0000] {processor.py:830} INFO - Processing file /opt/airflow/dags/02_demo_advanced_patterns.py for tasks to queue
[2025-11-18T04:48:27.453+0000] {logging_mixin.py:188} INFO - [2025-11-18T04:48:27.453+0000] {dagbag.py:538} INFO - Filling up the DagBag from /opt/airflow/dags/02_demo_advanced_patterns.py
[2025-11-18T04:48:27.559+0000] {logging_mixin.py:188} WARNING - /home/airflow/.local/lib/python3.10/site-packages/airflow/models/baseoperator.py:437 RemovedInAirflow3Warning: provide_context is deprecated as of 2.0 and is no longer required
[2025-11-18T04:48:27.560+0000] {logging_mixin.py:188} WARNING - /home/airflow/.local/lib/python3.10/site-packages/airflow/models/baseoperator.py:437 RemovedInAirflow3Warning: none_failed_or_skipped Trigger Rule is deprecated. Please use `none_failed_min_one_success`.
[2025-11-18T04:48:27.562+0000] {processor.py:840} INFO - DAG(s) '02_demo_advanced_patterns' retrieved from /opt/airflow/dags/02_demo_advanced_patterns.py
[2025-11-18T04:48:27.574+0000] {logging_mixin.py:188} INFO - [2025-11-18T04:48:27.574+0000] {dag.py:3033} INFO - Sync 1 DAGs
[2025-11-18T04:48:27.582+0000] {logging_mixin.py:188} INFO - [2025-11-18T04:48:27.582+0000] {dag.py:3820} INFO - Setting next_dagrun for 02_demo_advanced_patterns to 2025-11-17T00:00:00+00:00, run_after=2025-11-18T00:00:00+00:00
[2025-11-18T04:48:27.589+0000] {processor.py:183} INFO - Processing /opt/airflow/dags/02_demo_advanced_patterns.py took 0.138 seconds
[2025-11-18T04:48:57.703+0000] {processor.py:161} INFO - Started process (PID=470) to work on /opt/airflow/dags/02_demo_advanced_patterns.py
[2025-11-18T04:48:57.703+0000] {processor.py:830} INFO - Processing file /opt/airflow/dags/02_demo_advanced_patterns.py for tasks to queue
[2025-11-18T04:48:57.705+0000] {logging_mixin.py:188} INFO - [2025-11-18T04:48:57.704+0000] {dagbag.py:538} INFO - Filling up the DagBag from /opt/airflow/dags/02_demo_advanced_patterns.py
[2025-11-18T04:48:57.810+0000] {logging_mixin.py:188} WARNING - /home/airflow/.local/lib/python3.10/site-packages/airflow/models/baseoperator.py:437 RemovedInAirflow3Warning: provide_context is deprecated as of 2.0 and is no longer required
[2025-11-18T04:48:57.811+0000] {logging_mixin.py:188} WARNING - /home/airflow/.local/lib/python3.10/site-packages/airflow/models/baseoperator.py:437 RemovedInAirflow3Warning: none_failed_or_skipped Trigger Rule is deprecated. Please use `none_failed_min_one_success`.
[2025-11-18T04:48:57.813+0000] {processor.py:840} INFO - DAG(s) '02_demo_advanced_patterns' retrieved from /opt/airflow/dags/02_demo_advanced_patterns.py
[2025-11-18T04:48:57.824+0000] {logging_mixin.py:188} INFO - [2025-11-18T04:48:57.824+0000] {dag.py:3033} INFO - Sync 1 DAGs
[2025-11-18T04:48:57.832+0000] {logging_mixin.py:188} INFO - [2025-11-18T04:48:57.832+0000] {dag.py:3820} INFO - Setting next_dagrun for 02_demo_advanced_patterns to 2025-11-17T00:00:00+00:00, run_after=2025-11-18T00:00:00+00:00
[2025-11-18T04:48:57.839+0000] {processor.py:183} INFO - Processing /opt/airflow/dags/02_demo_advanced_patterns.py took 0.138 seconds
[2025-11-18T04:49:27.960+0000] {processor.py:161} INFO - Started process (PID=473) to work on /opt/airflow/dags/02_demo_advanced_patterns.py
[2025-11-18T04:49:27.961+0000] {processor.py:830} INFO - Processing file /opt/airflow/dags/02_demo_advanced_patterns.py for tasks to queue
[2025-11-18T04:49:27.962+0000] {logging_mixin.py:188} INFO - [2025-11-18T04:49:27.962+0000] {dagbag.py:538} INFO - Filling up the DagBag from /opt/airflow/dags/02_demo_advanced_patterns.py
[2025-11-18T04:49:28.073+0000] {logging_mixin.py:188} WARNING - /home/airflow/.local/lib/python3.10/site-packages/airflow/models/baseoperator.py:437 RemovedInAirflow3Warning: provide_context is deprecated as of 2.0 and is no longer required
[2025-11-18T04:49:28.074+0000] {logging_mixin.py:188} WARNING - /home/airflow/.local/lib/python3.10/site-packages/airflow/models/baseoperator.py:437 RemovedInAirflow3Warning: none_failed_or_skipped Trigger Rule is deprecated. Please use `none_failed_min_one_success`.
[2025-11-18T04:49:28.077+0000] {processor.py:840} INFO - DAG(s) '02_demo_advanced_patterns' retrieved from /opt/airflow/dags/02_demo_advanced_patterns.py
[2025-11-18T04:49:28.088+0000] {logging_mixin.py:188} INFO - [2025-11-18T04:49:28.088+0000] {dag.py:3033} INFO - Sync 1 DAGs
[2025-11-18T04:49:28.097+0000] {logging_mixin.py:188} INFO - [2025-11-18T04:49:28.097+0000] {dag.py:3820} INFO - Setting next_dagrun for 02_demo_advanced_patterns to 2025-11-17T00:00:00+00:00, run_after=2025-11-18T00:00:00+00:00
[2025-11-18T04:49:28.105+0000] {processor.py:183} INFO - Processing /opt/airflow/dags/02_demo_advanced_patterns.py took 0.148 seconds
[2025-11-18T04:49:58.229+0000] {processor.py:161} INFO - Started process (PID=476) to work on /opt/airflow/dags/02_demo_advanced_patterns.py
[2025-11-18T04:49:58.230+0000] {processor.py:830} INFO - Processing file /opt/airflow/dags/02_demo_advanced_patterns.py for tasks to queue
[2025-11-18T04:49:58.231+0000] {logging_mixin.py:188} INFO - [2025-11-18T04:49:58.231+0000] {dagbag.py:538} INFO - Filling up the DagBag from /opt/airflow/dags/02_demo_advanced_patterns.py
[2025-11-18T04:49:58.337+0000] {logging_mixin.py:188} WARNING - /home/airflow/.local/lib/python3.10/site-packages/airflow/models/baseoperator.py:437 RemovedInAirflow3Warning: provide_context is deprecated as of 2.0 and is no longer required
[2025-11-18T04:49:58.338+0000] {logging_mixin.py:188} WARNING - /home/airflow/.local/lib/python3.10/site-packages/airflow/models/baseoperator.py:437 RemovedInAirflow3Warning: none_failed_or_skipped Trigger Rule is deprecated. Please use `none_failed_min_one_success`.
[2025-11-18T04:49:58.340+0000] {processor.py:840} INFO - DAG(s) '02_demo_advanced_patterns' retrieved from /opt/airflow/dags/02_demo_advanced_patterns.py
[2025-11-18T04:49:58.351+0000] {logging_mixin.py:188} INFO - [2025-11-18T04:49:58.351+0000] {dag.py:3033} INFO - Sync 1 DAGs
[2025-11-18T04:49:58.359+0000] {logging_mixin.py:188} INFO - [2025-11-18T04:49:58.359+0000] {dag.py:3820} INFO - Setting next_dagrun for 02_demo_advanced_patterns to 2025-11-17T00:00:00+00:00, run_after=2025-11-18T00:00:00+00:00
[2025-11-18T04:49:58.366+0000] {processor.py:183} INFO - Processing /opt/airflow/dags/02_demo_advanced_patterns.py took 0.139 seconds
[2025-11-18T04:50:28.482+0000] {processor.py:161} INFO - Started process (PID=479) to work on /opt/airflow/dags/02_demo_advanced_patterns.py
[2025-11-18T04:50:28.482+0000] {processor.py:830} INFO - Processing file /opt/airflow/dags/02_demo_advanced_patterns.py for tasks to queue
[2025-11-18T04:50:28.484+0000] {logging_mixin.py:188} INFO - [2025-11-18T04:50:28.484+0000] {dagbag.py:538} INFO - Filling up the DagBag from /opt/airflow/dags/02_demo_advanced_patterns.py
[2025-11-18T04:50:28.591+0000] {logging_mixin.py:188} WARNING - /home/airflow/.local/lib/python3.10/site-packages/airflow/models/baseoperator.py:437 RemovedInAirflow3Warning: provide_context is deprecated as of 2.0 and is no longer required
[2025-11-18T04:50:28.592+0000] {logging_mixin.py:188} WARNING - /home/airflow/.local/lib/python3.10/site-packages/airflow/models/baseoperator.py:437 RemovedInAirflow3Warning: none_failed_or_skipped Trigger Rule is deprecated. Please use `none_failed_min_one_success`.
[2025-11-18T04:50:28.594+0000] {processor.py:840} INFO - DAG(s) '02_demo_advanced_patterns' retrieved from /opt/airflow/dags/02_demo_advanced_patterns.py
[2025-11-18T04:50:28.605+0000] {logging_mixin.py:188} INFO - [2025-11-18T04:50:28.605+0000] {dag.py:3033} INFO - Sync 1 DAGs
[2025-11-18T04:50:28.614+0000] {logging_mixin.py:188} INFO - [2025-11-18T04:50:28.614+0000] {dag.py:3820} INFO - Setting next_dagrun for 02_demo_advanced_patterns to 2025-11-17T00:00:00+00:00, run_after=2025-11-18T00:00:00+00:00
[2025-11-18T04:50:28.620+0000] {processor.py:183} INFO - Processing /opt/airflow/dags/02_demo_advanced_patterns.py took 0.141 seconds
[2025-11-18T04:50:58.725+0000] {processor.py:161} INFO - Started process (PID=482) to work on /opt/airflow/dags/02_demo_advanced_patterns.py
[2025-11-18T04:50:58.726+0000] {processor.py:830} INFO - Processing file /opt/airflow/dags/02_demo_advanced_patterns.py for tasks to queue
[2025-11-18T04:50:58.727+0000] {logging_mixin.py:188} INFO - [2025-11-18T04:50:58.727+0000] {dagbag.py:538} INFO - Filling up the DagBag from /opt/airflow/dags/02_demo_advanced_patterns.py
[2025-11-18T04:50:58.846+0000] {logging_mixin.py:188} WARNING - /home/airflow/.local/lib/python3.10/site-packages/airflow/models/baseoperator.py:437 RemovedInAirflow3Warning: provide_context is deprecated as of 2.0 and is no longer required
[2025-11-18T04:50:58.847+0000] {logging_mixin.py:188} WARNING - /home/airflow/.local/lib/python3.10/site-packages/airflow/models/baseoperator.py:437 RemovedInAirflow3Warning: none_failed_or_skipped Trigger Rule is deprecated. Please use `none_failed_min_one_success`.
[2025-11-18T04:50:58.850+0000] {processor.py:840} INFO - DAG(s) '02_demo_advanced_patterns' retrieved from /opt/airflow/dags/02_demo_advanced_patterns.py
[2025-11-18T04:50:58.866+0000] {logging_mixin.py:188} INFO - [2025-11-18T04:50:58.866+0000] {dag.py:3033} INFO - Sync 1 DAGs
[2025-11-18T04:50:58.876+0000] {logging_mixin.py:188} INFO - [2025-11-18T04:50:58.876+0000] {dag.py:3820} INFO - Setting next_dagrun for 02_demo_advanced_patterns to 2025-11-17T00:00:00+00:00, run_after=2025-11-18T00:00:00+00:00
[2025-11-18T04:50:58.884+0000] {processor.py:183} INFO - Processing /opt/airflow/dags/02_demo_advanced_patterns.py took 0.160 seconds
[2025-11-18T04:51:28.994+0000] {processor.py:161} INFO - Started process (PID=485) to work on /opt/airflow/dags/02_demo_advanced_patterns.py
[2025-11-18T04:51:28.994+0000] {processor.py:830} INFO - Processing file /opt/airflow/dags/02_demo_advanced_patterns.py for tasks to queue
[2025-11-18T04:51:28.995+0000] {logging_mixin.py:188} INFO - [2025-11-18T04:51:28.995+0000] {dagbag.py:538} INFO - Filling up the DagBag from /opt/airflow/dags/02_demo_advanced_patterns.py
[2025-11-18T04:51:29.107+0000] {logging_mixin.py:188} WARNING - /home/airflow/.local/lib/python3.10/site-packages/airflow/models/baseoperator.py:437 RemovedInAirflow3Warning: provide_context is deprecated as of 2.0 and is no longer required
[2025-11-18T04:51:29.108+0000] {logging_mixin.py:188} WARNING - /home/airflow/.local/lib/python3.10/site-packages/airflow/models/baseoperator.py:437 RemovedInAirflow3Warning: none_failed_or_skipped Trigger Rule is deprecated. Please use `none_failed_min_one_success`.
[2025-11-18T04:51:29.110+0000] {processor.py:840} INFO - DAG(s) '02_demo_advanced_patterns' retrieved from /opt/airflow/dags/02_demo_advanced_patterns.py
[2025-11-18T04:51:29.121+0000] {logging_mixin.py:188} INFO - [2025-11-18T04:51:29.121+0000] {dag.py:3033} INFO - Sync 1 DAGs
[2025-11-18T04:51:29.130+0000] {logging_mixin.py:188} INFO - [2025-11-18T04:51:29.129+0000] {dag.py:3820} INFO - Setting next_dagrun for 02_demo_advanced_patterns to 2025-11-17T00:00:00+00:00, run_after=2025-11-18T00:00:00+00:00
[2025-11-18T04:51:29.136+0000] {processor.py:183} INFO - Processing /opt/airflow/dags/02_demo_advanced_patterns.py took 0.145 seconds
[2025-11-18T04:51:59.274+0000] {processor.py:161} INFO - Started process (PID=488) to work on /opt/airflow/dags/02_demo_advanced_patterns.py
[2025-11-18T04:51:59.274+0000] {processor.py:830} INFO - Processing file /opt/airflow/dags/02_demo_advanced_patterns.py for tasks to queue
[2025-11-18T04:51:59.275+0000] {logging_mixin.py:188} INFO - [2025-11-18T04:51:59.275+0000] {dagbag.py:538} INFO - Filling up the DagBag from /opt/airflow/dags/02_demo_advanced_patterns.py
[2025-11-18T04:51:59.380+0000] {logging_mixin.py:188} WARNING - /home/airflow/.local/lib/python3.10/site-packages/airflow/models/baseoperator.py:437 RemovedInAirflow3Warning: provide_context is deprecated as of 2.0 and is no longer required
[2025-11-18T04:51:59.381+0000] {logging_mixin.py:188} WARNING - /home/airflow/.local/lib/python3.10/site-packages/airflow/models/baseoperator.py:437 RemovedInAirflow3Warning: none_failed_or_skipped Trigger Rule is deprecated. Please use `none_failed_min_one_success`.
[2025-11-18T04:51:59.383+0000] {processor.py:840} INFO - DAG(s) '02_demo_advanced_patterns' retrieved from /opt/airflow/dags/02_demo_advanced_patterns.py
[2025-11-18T04:51:59.393+0000] {logging_mixin.py:188} INFO - [2025-11-18T04:51:59.393+0000] {dag.py:3033} INFO - Sync 1 DAGs
[2025-11-18T04:51:59.403+0000] {logging_mixin.py:188} INFO - [2025-11-18T04:51:59.402+0000] {dag.py:3820} INFO - Setting next_dagrun for 02_demo_advanced_patterns to 2025-11-17T00:00:00+00:00, run_after=2025-11-18T00:00:00+00:00
[2025-11-18T04:51:59.410+0000] {processor.py:183} INFO - Processing /opt/airflow/dags/02_demo_advanced_patterns.py took 0.138 seconds
[2025-11-18T04:52:29.545+0000] {processor.py:161} INFO - Started process (PID=491) to work on /opt/airflow/dags/02_demo_advanced_patterns.py
[2025-11-18T04:52:29.546+0000] {processor.py:830} INFO - Processing file /opt/airflow/dags/02_demo_advanced_patterns.py for tasks to queue
[2025-11-18T04:52:29.547+0000] {logging_mixin.py:188} INFO - [2025-11-18T04:52:29.547+0000] {dagbag.py:538} INFO - Filling up the DagBag from /opt/airflow/dags/02_demo_advanced_patterns.py
[2025-11-18T04:52:29.652+0000] {logging_mixin.py:188} WARNING - /home/airflow/.local/lib/python3.10/site-packages/airflow/models/baseoperator.py:437 RemovedInAirflow3Warning: provide_context is deprecated as of 2.0 and is no longer required
[2025-11-18T04:52:29.652+0000] {logging_mixin.py:188} WARNING - /home/airflow/.local/lib/python3.10/site-packages/airflow/models/baseoperator.py:437 RemovedInAirflow3Warning: none_failed_or_skipped Trigger Rule is deprecated. Please use `none_failed_min_one_success`.
[2025-11-18T04:52:29.655+0000] {processor.py:840} INFO - DAG(s) '02_demo_advanced_patterns' retrieved from /opt/airflow/dags/02_demo_advanced_patterns.py
[2025-11-18T04:52:29.665+0000] {logging_mixin.py:188} INFO - [2025-11-18T04:52:29.665+0000] {dag.py:3033} INFO - Sync 1 DAGs
[2025-11-18T04:52:29.674+0000] {logging_mixin.py:188} INFO - [2025-11-18T04:52:29.673+0000] {dag.py:3820} INFO - Setting next_dagrun for 02_demo_advanced_patterns to 2025-11-17T00:00:00+00:00, run_after=2025-11-18T00:00:00+00:00
[2025-11-18T04:52:29.680+0000] {processor.py:183} INFO - Processing /opt/airflow/dags/02_demo_advanced_patterns.py took 0.137 seconds
[2025-11-18T04:52:59.806+0000] {processor.py:161} INFO - Started process (PID=494) to work on /opt/airflow/dags/02_demo_advanced_patterns.py
[2025-11-18T04:52:59.807+0000] {processor.py:830} INFO - Processing file /opt/airflow/dags/02_demo_advanced_patterns.py for tasks to queue
[2025-11-18T04:52:59.808+0000] {logging_mixin.py:188} INFO - [2025-11-18T04:52:59.808+0000] {dagbag.py:538} INFO - Filling up the DagBag from /opt/airflow/dags/02_demo_advanced_patterns.py
[2025-11-18T04:52:59.915+0000] {logging_mixin.py:188} WARNING - /home/airflow/.local/lib/python3.10/site-packages/airflow/models/baseoperator.py:437 RemovedInAirflow3Warning: provide_context is deprecated as of 2.0 and is no longer required
[2025-11-18T04:52:59.916+0000] {logging_mixin.py:188} WARNING - /home/airflow/.local/lib/python3.10/site-packages/airflow/models/baseoperator.py:437 RemovedInAirflow3Warning: none_failed_or_skipped Trigger Rule is deprecated. Please use `none_failed_min_one_success`.
[2025-11-18T04:52:59.918+0000] {processor.py:840} INFO - DAG(s) '02_demo_advanced_patterns' retrieved from /opt/airflow/dags/02_demo_advanced_patterns.py
[2025-11-18T04:52:59.929+0000] {logging_mixin.py:188} INFO - [2025-11-18T04:52:59.929+0000] {dag.py:3033} INFO - Sync 1 DAGs
[2025-11-18T04:52:59.938+0000] {logging_mixin.py:188} INFO - [2025-11-18T04:52:59.938+0000] {dag.py:3820} INFO - Setting next_dagrun for 02_demo_advanced_patterns to 2025-11-17T00:00:00+00:00, run_after=2025-11-18T00:00:00+00:00
[2025-11-18T04:52:59.945+0000] {processor.py:183} INFO - Processing /opt/airflow/dags/02_demo_advanced_patterns.py took 0.141 seconds
[2025-11-18T04:53:30.083+0000] {processor.py:161} INFO - Started process (PID=497) to work on /opt/airflow/dags/02_demo_advanced_patterns.py
[2025-11-18T04:53:30.083+0000] {processor.py:830} INFO - Processing file /opt/airflow/dags/02_demo_advanced_patterns.py for tasks to queue
[2025-11-18T04:53:30.085+0000] {logging_mixin.py:188} INFO - [2025-11-18T04:53:30.084+0000] {dagbag.py:538} INFO - Filling up the DagBag from /opt/airflow/dags/02_demo_advanced_patterns.py
[2025-11-18T04:53:30.188+0000] {logging_mixin.py:188} WARNING - /home/airflow/.local/lib/python3.10/site-packages/airflow/models/baseoperator.py:437 RemovedInAirflow3Warning: provide_context is deprecated as of 2.0 and is no longer required
[2025-11-18T04:53:30.188+0000] {logging_mixin.py:188} WARNING - /home/airflow/.local/lib/python3.10/site-packages/airflow/models/baseoperator.py:437 RemovedInAirflow3Warning: none_failed_or_skipped Trigger Rule is deprecated. Please use `none_failed_min_one_success`.
[2025-11-18T04:53:30.191+0000] {processor.py:840} INFO - DAG(s) '02_demo_advanced_patterns' retrieved from /opt/airflow/dags/02_demo_advanced_patterns.py
[2025-11-18T04:53:30.201+0000] {logging_mixin.py:188} INFO - [2025-11-18T04:53:30.201+0000] {dag.py:3033} INFO - Sync 1 DAGs
[2025-11-18T04:53:30.210+0000] {logging_mixin.py:188} INFO - [2025-11-18T04:53:30.210+0000] {dag.py:3820} INFO - Setting next_dagrun for 02_demo_advanced_patterns to 2025-11-17T00:00:00+00:00, run_after=2025-11-18T00:00:00+00:00
[2025-11-18T04:53:30.217+0000] {processor.py:183} INFO - Processing /opt/airflow/dags/02_demo_advanced_patterns.py took 0.136 seconds
[2025-11-18T04:54:00.343+0000] {processor.py:161} INFO - Started process (PID=500) to work on /opt/airflow/dags/02_demo_advanced_patterns.py
[2025-11-18T04:54:00.343+0000] {processor.py:830} INFO - Processing file /opt/airflow/dags/02_demo_advanced_patterns.py for tasks to queue
[2025-11-18T04:54:00.344+0000] {logging_mixin.py:188} INFO - [2025-11-18T04:54:00.344+0000] {dagbag.py:538} INFO - Filling up the DagBag from /opt/airflow/dags/02_demo_advanced_patterns.py
[2025-11-18T04:54:00.448+0000] {logging_mixin.py:188} WARNING - /home/airflow/.local/lib/python3.10/site-packages/airflow/models/baseoperator.py:437 RemovedInAirflow3Warning: provide_context is deprecated as of 2.0 and is no longer required
[2025-11-18T04:54:00.449+0000] {logging_mixin.py:188} WARNING - /home/airflow/.local/lib/python3.10/site-packages/airflow/models/baseoperator.py:437 RemovedInAirflow3Warning: none_failed_or_skipped Trigger Rule is deprecated. Please use `none_failed_min_one_success`.
[2025-11-18T04:54:00.451+0000] {processor.py:840} INFO - DAG(s) '02_demo_advanced_patterns' retrieved from /opt/airflow/dags/02_demo_advanced_patterns.py
[2025-11-18T04:54:00.462+0000] {logging_mixin.py:188} INFO - [2025-11-18T04:54:00.462+0000] {dag.py:3033} INFO - Sync 1 DAGs
[2025-11-18T04:54:00.470+0000] {logging_mixin.py:188} INFO - [2025-11-18T04:54:00.470+0000] {dag.py:3820} INFO - Setting next_dagrun for 02_demo_advanced_patterns to 2025-11-17T00:00:00+00:00, run_after=2025-11-18T00:00:00+00:00
[2025-11-18T04:54:00.478+0000] {processor.py:183} INFO - Processing /opt/airflow/dags/02_demo_advanced_patterns.py took 0.137 seconds
[2025-11-18T04:54:30.593+0000] {processor.py:161} INFO - Started process (PID=503) to work on /opt/airflow/dags/02_demo_advanced_patterns.py
[2025-11-18T04:54:30.594+0000] {processor.py:830} INFO - Processing file /opt/airflow/dags/02_demo_advanced_patterns.py for tasks to queue
[2025-11-18T04:54:30.595+0000] {logging_mixin.py:188} INFO - [2025-11-18T04:54:30.595+0000] {dagbag.py:538} INFO - Filling up the DagBag from /opt/airflow/dags/02_demo_advanced_patterns.py
[2025-11-18T04:54:30.703+0000] {logging_mixin.py:188} WARNING - /home/airflow/.local/lib/python3.10/site-packages/airflow/models/baseoperator.py:437 RemovedInAirflow3Warning: provide_context is deprecated as of 2.0 and is no longer required
[2025-11-18T04:54:30.703+0000] {logging_mixin.py:188} WARNING - /home/airflow/.local/lib/python3.10/site-packages/airflow/models/baseoperator.py:437 RemovedInAirflow3Warning: none_failed_or_skipped Trigger Rule is deprecated. Please use `none_failed_min_one_success`.
[2025-11-18T04:54:30.706+0000] {processor.py:840} INFO - DAG(s) '02_demo_advanced_patterns' retrieved from /opt/airflow/dags/02_demo_advanced_patterns.py
[2025-11-18T04:54:30.717+0000] {logging_mixin.py:188} INFO - [2025-11-18T04:54:30.717+0000] {dag.py:3033} INFO - Sync 1 DAGs
[2025-11-18T04:54:30.727+0000] {logging_mixin.py:188} INFO - [2025-11-18T04:54:30.726+0000] {dag.py:3820} INFO - Setting next_dagrun for 02_demo_advanced_patterns to 2025-11-17T00:00:00+00:00, run_after=2025-11-18T00:00:00+00:00
[2025-11-18T04:54:30.733+0000] {processor.py:183} INFO - Processing /opt/airflow/dags/02_demo_advanced_patterns.py took 0.142 seconds
[2025-11-18T04:55:00.851+0000] {processor.py:161} INFO - Started process (PID=506) to work on /opt/airflow/dags/02_demo_advanced_patterns.py
[2025-11-18T04:55:00.852+0000] {processor.py:830} INFO - Processing file /opt/airflow/dags/02_demo_advanced_patterns.py for tasks to queue
[2025-11-18T04:55:00.853+0000] {logging_mixin.py:188} INFO - [2025-11-18T04:55:00.853+0000] {dagbag.py:538} INFO - Filling up the DagBag from /opt/airflow/dags/02_demo_advanced_patterns.py
[2025-11-18T04:55:00.964+0000] {logging_mixin.py:188} WARNING - /home/airflow/.local/lib/python3.10/site-packages/airflow/models/baseoperator.py:437 RemovedInAirflow3Warning: provide_context is deprecated as of 2.0 and is no longer required
[2025-11-18T04:55:00.965+0000] {logging_mixin.py:188} WARNING - /home/airflow/.local/lib/python3.10/site-packages/airflow/models/baseoperator.py:437 RemovedInAirflow3Warning: none_failed_or_skipped Trigger Rule is deprecated. Please use `none_failed_min_one_success`.
[2025-11-18T04:55:00.967+0000] {processor.py:840} INFO - DAG(s) '02_demo_advanced_patterns' retrieved from /opt/airflow/dags/02_demo_advanced_patterns.py
[2025-11-18T04:55:00.978+0000] {logging_mixin.py:188} INFO - [2025-11-18T04:55:00.978+0000] {dag.py:3033} INFO - Sync 1 DAGs
[2025-11-18T04:55:00.987+0000] {logging_mixin.py:188} INFO - [2025-11-18T04:55:00.987+0000] {dag.py:3820} INFO - Setting next_dagrun for 02_demo_advanced_patterns to 2025-11-17T00:00:00+00:00, run_after=2025-11-18T00:00:00+00:00
[2025-11-18T04:55:00.994+0000] {processor.py:183} INFO - Processing /opt/airflow/dags/02_demo_advanced_patterns.py took 0.145 seconds
[2025-11-18T04:55:31.103+0000] {processor.py:161} INFO - Started process (PID=509) to work on /opt/airflow/dags/02_demo_advanced_patterns.py
[2025-11-18T04:55:31.103+0000] {processor.py:830} INFO - Processing file /opt/airflow/dags/02_demo_advanced_patterns.py for tasks to queue
[2025-11-18T04:55:31.104+0000] {logging_mixin.py:188} INFO - [2025-11-18T04:55:31.104+0000] {dagbag.py:538} INFO - Filling up the DagBag from /opt/airflow/dags/02_demo_advanced_patterns.py
[2025-11-18T04:55:31.209+0000] {logging_mixin.py:188} WARNING - /home/airflow/.local/lib/python3.10/site-packages/airflow/models/baseoperator.py:437 RemovedInAirflow3Warning: provide_context is deprecated as of 2.0 and is no longer required
[2025-11-18T04:55:31.210+0000] {logging_mixin.py:188} WARNING - /home/airflow/.local/lib/python3.10/site-packages/airflow/models/baseoperator.py:437 RemovedInAirflow3Warning: none_failed_or_skipped Trigger Rule is deprecated. Please use `none_failed_min_one_success`.
[2025-11-18T04:55:31.212+0000] {processor.py:840} INFO - DAG(s) '02_demo_advanced_patterns' retrieved from /opt/airflow/dags/02_demo_advanced_patterns.py
[2025-11-18T04:55:31.223+0000] {logging_mixin.py:188} INFO - [2025-11-18T04:55:31.223+0000] {dag.py:3033} INFO - Sync 1 DAGs
[2025-11-18T04:55:31.232+0000] {logging_mixin.py:188} INFO - [2025-11-18T04:55:31.232+0000] {dag.py:3820} INFO - Setting next_dagrun for 02_demo_advanced_patterns to 2025-11-17T00:00:00+00:00, run_after=2025-11-18T00:00:00+00:00
[2025-11-18T04:55:31.239+0000] {processor.py:183} INFO - Processing /opt/airflow/dags/02_demo_advanced_patterns.py took 0.138 seconds
[2025-11-18T04:56:01.378+0000] {processor.py:161} INFO - Started process (PID=512) to work on /opt/airflow/dags/02_demo_advanced_patterns.py
[2025-11-18T04:56:01.379+0000] {processor.py:830} INFO - Processing file /opt/airflow/dags/02_demo_advanced_patterns.py for tasks to queue
[2025-11-18T04:56:01.380+0000] {logging_mixin.py:188} INFO - [2025-11-18T04:56:01.380+0000] {dagbag.py:538} INFO - Filling up the DagBag from /opt/airflow/dags/02_demo_advanced_patterns.py
[2025-11-18T04:56:01.485+0000] {logging_mixin.py:188} WARNING - /home/airflow/.local/lib/python3.10/site-packages/airflow/models/baseoperator.py:437 RemovedInAirflow3Warning: provide_context is deprecated as of 2.0 and is no longer required
[2025-11-18T04:56:01.485+0000] {logging_mixin.py:188} WARNING - /home/airflow/.local/lib/python3.10/site-packages/airflow/models/baseoperator.py:437 RemovedInAirflow3Warning: none_failed_or_skipped Trigger Rule is deprecated. Please use `none_failed_min_one_success`.
[2025-11-18T04:56:01.488+0000] {processor.py:840} INFO - DAG(s) '02_demo_advanced_patterns' retrieved from /opt/airflow/dags/02_demo_advanced_patterns.py
[2025-11-18T04:56:01.499+0000] {logging_mixin.py:188} INFO - [2025-11-18T04:56:01.498+0000] {dag.py:3033} INFO - Sync 1 DAGs
[2025-11-18T04:56:01.507+0000] {logging_mixin.py:188} INFO - [2025-11-18T04:56:01.507+0000] {dag.py:3820} INFO - Setting next_dagrun for 02_demo_advanced_patterns to 2025-11-17T00:00:00+00:00, run_after=2025-11-18T00:00:00+00:00
[2025-11-18T04:56:01.514+0000] {processor.py:183} INFO - Processing /opt/airflow/dags/02_demo_advanced_patterns.py took 0.137 seconds
[2025-11-18T04:56:31.671+0000] {processor.py:161} INFO - Started process (PID=515) to work on /opt/airflow/dags/02_demo_advanced_patterns.py
[2025-11-18T04:56:31.672+0000] {processor.py:830} INFO - Processing file /opt/airflow/dags/02_demo_advanced_patterns.py for tasks to queue
[2025-11-18T04:56:31.673+0000] {logging_mixin.py:188} INFO - [2025-11-18T04:56:31.673+0000] {dagbag.py:538} INFO - Filling up the DagBag from /opt/airflow/dags/02_demo_advanced_patterns.py
[2025-11-18T04:56:31.790+0000] {logging_mixin.py:188} WARNING - /home/airflow/.local/lib/python3.10/site-packages/airflow/models/baseoperator.py:437 RemovedInAirflow3Warning: provide_context is deprecated as of 2.0 and is no longer required
[2025-11-18T04:56:31.791+0000] {logging_mixin.py:188} WARNING - /home/airflow/.local/lib/python3.10/site-packages/airflow/models/baseoperator.py:437 RemovedInAirflow3Warning: none_failed_or_skipped Trigger Rule is deprecated. Please use `none_failed_min_one_success`.
[2025-11-18T04:56:31.793+0000] {processor.py:840} INFO - DAG(s) '02_demo_advanced_patterns' retrieved from /opt/airflow/dags/02_demo_advanced_patterns.py
[2025-11-18T04:56:31.804+0000] {logging_mixin.py:188} INFO - [2025-11-18T04:56:31.804+0000] {dag.py:3033} INFO - Sync 1 DAGs
[2025-11-18T04:56:31.813+0000] {logging_mixin.py:188} INFO - [2025-11-18T04:56:31.813+0000] {dag.py:3820} INFO - Setting next_dagrun for 02_demo_advanced_patterns to 2025-11-17T00:00:00+00:00, run_after=2025-11-18T00:00:00+00:00
[2025-11-18T04:56:31.820+0000] {processor.py:183} INFO - Processing /opt/airflow/dags/02_demo_advanced_patterns.py took 0.151 seconds
[2025-11-18T04:57:01.923+0000] {processor.py:161} INFO - Started process (PID=518) to work on /opt/airflow/dags/02_demo_advanced_patterns.py
[2025-11-18T04:57:01.923+0000] {processor.py:830} INFO - Processing file /opt/airflow/dags/02_demo_advanced_patterns.py for tasks to queue
[2025-11-18T04:57:01.924+0000] {logging_mixin.py:188} INFO - [2025-11-18T04:57:01.924+0000] {dagbag.py:538} INFO - Filling up the DagBag from /opt/airflow/dags/02_demo_advanced_patterns.py
[2025-11-18T04:57:02.022+0000] {logging_mixin.py:188} WARNING - /home/airflow/.local/lib/python3.10/site-packages/airflow/models/baseoperator.py:437 RemovedInAirflow3Warning: provide_context is deprecated as of 2.0 and is no longer required
[2025-11-18T04:57:02.023+0000] {logging_mixin.py:188} WARNING - /home/airflow/.local/lib/python3.10/site-packages/airflow/models/baseoperator.py:437 RemovedInAirflow3Warning: none_failed_or_skipped Trigger Rule is deprecated. Please use `none_failed_min_one_success`.
[2025-11-18T04:57:02.025+0000] {processor.py:840} INFO - DAG(s) '02_demo_advanced_patterns' retrieved from /opt/airflow/dags/02_demo_advanced_patterns.py
[2025-11-18T04:57:02.037+0000] {logging_mixin.py:188} INFO - [2025-11-18T04:57:02.037+0000] {dag.py:3033} INFO - Sync 1 DAGs
[2025-11-18T04:57:02.045+0000] {logging_mixin.py:188} INFO - [2025-11-18T04:57:02.045+0000] {dag.py:3820} INFO - Setting next_dagrun for 02_demo_advanced_patterns to 2025-11-17T00:00:00+00:00, run_after=2025-11-18T00:00:00+00:00
[2025-11-18T04:57:02.051+0000] {processor.py:183} INFO - Processing /opt/airflow/dags/02_demo_advanced_patterns.py took 0.130 seconds
[2025-11-18T05:28:41.059+0000] {processor.py:161} INFO - Started process (PID=520) to work on /opt/airflow/dags/02_demo_advanced_patterns.py
[2025-11-18T05:28:41.060+0000] {processor.py:830} INFO - Processing file /opt/airflow/dags/02_demo_advanced_patterns.py for tasks to queue
[2025-11-18T05:28:41.062+0000] {logging_mixin.py:188} INFO - [2025-11-18T05:28:41.062+0000] {dagbag.py:538} INFO - Filling up the DagBag from /opt/airflow/dags/02_demo_advanced_patterns.py
[2025-11-18T05:28:41.207+0000] {logging_mixin.py:188} WARNING - /home/airflow/.local/lib/python3.10/site-packages/airflow/models/baseoperator.py:437 RemovedInAirflow3Warning: provide_context is deprecated as of 2.0 and is no longer required
[2025-11-18T05:28:41.208+0000] {logging_mixin.py:188} WARNING - /home/airflow/.local/lib/python3.10/site-packages/airflow/models/baseoperator.py:437 RemovedInAirflow3Warning: none_failed_or_skipped Trigger Rule is deprecated. Please use `none_failed_min_one_success`.
[2025-11-18T05:28:41.212+0000] {processor.py:840} INFO - DAG(s) '02_demo_advanced_patterns' retrieved from /opt/airflow/dags/02_demo_advanced_patterns.py
[2025-11-18T05:28:41.226+0000] {logging_mixin.py:188} INFO - [2025-11-18T05:28:41.226+0000] {dag.py:3033} INFO - Sync 1 DAGs
[2025-11-18T05:28:41.239+0000] {logging_mixin.py:188} INFO - [2025-11-18T05:28:41.239+0000] {dag.py:3820} INFO - Setting next_dagrun for 02_demo_advanced_patterns to 2025-11-17T00:00:00+00:00, run_after=2025-11-18T00:00:00+00:00
[2025-11-18T05:28:41.249+0000] {processor.py:183} INFO - Processing /opt/airflow/dags/02_demo_advanced_patterns.py took 0.192 seconds
[2025-11-18T05:29:11.348+0000] {processor.py:161} INFO - Started process (PID=523) to work on /opt/airflow/dags/02_demo_advanced_patterns.py
[2025-11-18T05:29:11.349+0000] {processor.py:830} INFO - Processing file /opt/airflow/dags/02_demo_advanced_patterns.py for tasks to queue
[2025-11-18T05:29:11.350+0000] {logging_mixin.py:188} INFO - [2025-11-18T05:29:11.350+0000] {dagbag.py:538} INFO - Filling up the DagBag from /opt/airflow/dags/02_demo_advanced_patterns.py
[2025-11-18T05:29:11.469+0000] {logging_mixin.py:188} WARNING - /home/airflow/.local/lib/python3.10/site-packages/airflow/models/baseoperator.py:437 RemovedInAirflow3Warning: provide_context is deprecated as of 2.0 and is no longer required
[2025-11-18T05:29:11.470+0000] {logging_mixin.py:188} WARNING - /home/airflow/.local/lib/python3.10/site-packages/airflow/models/baseoperator.py:437 RemovedInAirflow3Warning: none_failed_or_skipped Trigger Rule is deprecated. Please use `none_failed_min_one_success`.
[2025-11-18T05:29:11.473+0000] {processor.py:840} INFO - DAG(s) '02_demo_advanced_patterns' retrieved from /opt/airflow/dags/02_demo_advanced_patterns.py
[2025-11-18T05:29:11.483+0000] {logging_mixin.py:188} INFO - [2025-11-18T05:29:11.483+0000] {dag.py:3033} INFO - Sync 1 DAGs
[2025-11-18T05:29:11.492+0000] {logging_mixin.py:188} INFO - [2025-11-18T05:29:11.492+0000] {dag.py:3820} INFO - Setting next_dagrun for 02_demo_advanced_patterns to 2025-11-17T00:00:00+00:00, run_after=2025-11-18T00:00:00+00:00
[2025-11-18T05:29:11.499+0000] {processor.py:183} INFO - Processing /opt/airflow/dags/02_demo_advanced_patterns.py took 0.153 seconds
[2025-11-18T05:29:41.644+0000] {processor.py:161} INFO - Started process (PID=526) to work on /opt/airflow/dags/02_demo_advanced_patterns.py
[2025-11-18T05:29:41.644+0000] {processor.py:830} INFO - Processing file /opt/airflow/dags/02_demo_advanced_patterns.py for tasks to queue
[2025-11-18T05:29:41.645+0000] {logging_mixin.py:188} INFO - [2025-11-18T05:29:41.645+0000] {dagbag.py:538} INFO - Filling up the DagBag from /opt/airflow/dags/02_demo_advanced_patterns.py
[2025-11-18T05:29:41.752+0000] {logging_mixin.py:188} WARNING - /home/airflow/.local/lib/python3.10/site-packages/airflow/models/baseoperator.py:437 RemovedInAirflow3Warning: provide_context is deprecated as of 2.0 and is no longer required
[2025-11-18T05:29:41.753+0000] {logging_mixin.py:188} WARNING - /home/airflow/.local/lib/python3.10/site-packages/airflow/models/baseoperator.py:437 RemovedInAirflow3Warning: none_failed_or_skipped Trigger Rule is deprecated. Please use `none_failed_min_one_success`.
[2025-11-18T05:29:41.756+0000] {processor.py:840} INFO - DAG(s) '02_demo_advanced_patterns' retrieved from /opt/airflow/dags/02_demo_advanced_patterns.py
[2025-11-18T05:29:41.767+0000] {logging_mixin.py:188} INFO - [2025-11-18T05:29:41.767+0000] {dag.py:3033} INFO - Sync 1 DAGs
[2025-11-18T05:29:41.776+0000] {logging_mixin.py:188} INFO - [2025-11-18T05:29:41.776+0000] {dag.py:3820} INFO - Setting next_dagrun for 02_demo_advanced_patterns to 2025-11-17T00:00:00+00:00, run_after=2025-11-18T00:00:00+00:00
[2025-11-18T05:29:41.784+0000] {processor.py:183} INFO - Processing /opt/airflow/dags/02_demo_advanced_patterns.py took 0.142 seconds
[2025-11-18T05:30:11.937+0000] {processor.py:161} INFO - Started process (PID=529) to work on /opt/airflow/dags/02_demo_advanced_patterns.py
[2025-11-18T05:30:11.938+0000] {processor.py:830} INFO - Processing file /opt/airflow/dags/02_demo_advanced_patterns.py for tasks to queue
[2025-11-18T05:30:11.939+0000] {logging_mixin.py:188} INFO - [2025-11-18T05:30:11.939+0000] {dagbag.py:538} INFO - Filling up the DagBag from /opt/airflow/dags/02_demo_advanced_patterns.py
[2025-11-18T05:30:12.050+0000] {logging_mixin.py:188} WARNING - /home/airflow/.local/lib/python3.10/site-packages/airflow/models/baseoperator.py:437 RemovedInAirflow3Warning: provide_context is deprecated as of 2.0 and is no longer required
[2025-11-18T05:30:12.051+0000] {logging_mixin.py:188} WARNING - /home/airflow/.local/lib/python3.10/site-packages/airflow/models/baseoperator.py:437 RemovedInAirflow3Warning: none_failed_or_skipped Trigger Rule is deprecated. Please use `none_failed_min_one_success`.
[2025-11-18T05:30:12.053+0000] {processor.py:840} INFO - DAG(s) '02_demo_advanced_patterns' retrieved from /opt/airflow/dags/02_demo_advanced_patterns.py
[2025-11-18T05:30:12.063+0000] {logging_mixin.py:188} INFO - [2025-11-18T05:30:12.063+0000] {dag.py:3033} INFO - Sync 1 DAGs
[2025-11-18T05:30:12.072+0000] {logging_mixin.py:188} INFO - [2025-11-18T05:30:12.072+0000] {dag.py:3820} INFO - Setting next_dagrun for 02_demo_advanced_patterns to 2025-11-17T00:00:00+00:00, run_after=2025-11-18T00:00:00+00:00
[2025-11-18T05:30:12.080+0000] {processor.py:183} INFO - Processing /opt/airflow/dags/02_demo_advanced_patterns.py took 0.145 seconds
[2025-11-18T05:30:42.229+0000] {processor.py:161} INFO - Started process (PID=532) to work on /opt/airflow/dags/02_demo_advanced_patterns.py
[2025-11-18T05:30:42.229+0000] {processor.py:830} INFO - Processing file /opt/airflow/dags/02_demo_advanced_patterns.py for tasks to queue
[2025-11-18T05:30:42.231+0000] {logging_mixin.py:188} INFO - [2025-11-18T05:30:42.230+0000] {dagbag.py:538} INFO - Filling up the DagBag from /opt/airflow/dags/02_demo_advanced_patterns.py
[2025-11-18T05:30:42.338+0000] {logging_mixin.py:188} WARNING - /home/airflow/.local/lib/python3.10/site-packages/airflow/models/baseoperator.py:437 RemovedInAirflow3Warning: provide_context is deprecated as of 2.0 and is no longer required
[2025-11-18T05:30:42.339+0000] {logging_mixin.py:188} WARNING - /home/airflow/.local/lib/python3.10/site-packages/airflow/models/baseoperator.py:437 RemovedInAirflow3Warning: none_failed_or_skipped Trigger Rule is deprecated. Please use `none_failed_min_one_success`.
[2025-11-18T05:30:42.342+0000] {processor.py:840} INFO - DAG(s) '02_demo_advanced_patterns' retrieved from /opt/airflow/dags/02_demo_advanced_patterns.py
[2025-11-18T05:30:42.355+0000] {logging_mixin.py:188} INFO - [2025-11-18T05:30:42.355+0000] {dag.py:3033} INFO - Sync 1 DAGs
[2025-11-18T05:30:42.363+0000] {logging_mixin.py:188} INFO - [2025-11-18T05:30:42.363+0000] {dag.py:3820} INFO - Setting next_dagrun for 02_demo_advanced_patterns to 2025-11-17T00:00:00+00:00, run_after=2025-11-18T00:00:00+00:00
[2025-11-18T05:30:42.370+0000] {processor.py:183} INFO - Processing /opt/airflow/dags/02_demo_advanced_patterns.py took 0.144 seconds
[2025-11-18T05:31:12.513+0000] {processor.py:161} INFO - Started process (PID=535) to work on /opt/airflow/dags/02_demo_advanced_patterns.py
[2025-11-18T05:31:12.514+0000] {processor.py:830} INFO - Processing file /opt/airflow/dags/02_demo_advanced_patterns.py for tasks to queue
[2025-11-18T05:31:12.515+0000] {logging_mixin.py:188} INFO - [2025-11-18T05:31:12.515+0000] {dagbag.py:538} INFO - Filling up the DagBag from /opt/airflow/dags/02_demo_advanced_patterns.py
[2025-11-18T05:31:12.622+0000] {logging_mixin.py:188} WARNING - /home/airflow/.local/lib/python3.10/site-packages/airflow/models/baseoperator.py:437 RemovedInAirflow3Warning: provide_context is deprecated as of 2.0 and is no longer required
[2025-11-18T05:31:12.623+0000] {logging_mixin.py:188} WARNING - /home/airflow/.local/lib/python3.10/site-packages/airflow/models/baseoperator.py:437 RemovedInAirflow3Warning: none_failed_or_skipped Trigger Rule is deprecated. Please use `none_failed_min_one_success`.
[2025-11-18T05:31:12.625+0000] {processor.py:840} INFO - DAG(s) '02_demo_advanced_patterns' retrieved from /opt/airflow/dags/02_demo_advanced_patterns.py
[2025-11-18T05:31:12.636+0000] {logging_mixin.py:188} INFO - [2025-11-18T05:31:12.636+0000] {dag.py:3033} INFO - Sync 1 DAGs
[2025-11-18T05:31:12.644+0000] {logging_mixin.py:188} INFO - [2025-11-18T05:31:12.644+0000] {dag.py:3820} INFO - Setting next_dagrun for 02_demo_advanced_patterns to 2025-11-17T00:00:00+00:00, run_after=2025-11-18T00:00:00+00:00
[2025-11-18T05:31:12.650+0000] {processor.py:183} INFO - Processing /opt/airflow/dags/02_demo_advanced_patterns.py took 0.139 seconds
[2025-11-18T05:31:42.778+0000] {processor.py:161} INFO - Started process (PID=538) to work on /opt/airflow/dags/02_demo_advanced_patterns.py
[2025-11-18T05:31:42.778+0000] {processor.py:830} INFO - Processing file /opt/airflow/dags/02_demo_advanced_patterns.py for tasks to queue
[2025-11-18T05:31:42.780+0000] {logging_mixin.py:188} INFO - [2025-11-18T05:31:42.779+0000] {dagbag.py:538} INFO - Filling up the DagBag from /opt/airflow/dags/02_demo_advanced_patterns.py
[2025-11-18T05:31:42.889+0000] {logging_mixin.py:188} WARNING - /home/airflow/.local/lib/python3.10/site-packages/airflow/models/baseoperator.py:437 RemovedInAirflow3Warning: provide_context is deprecated as of 2.0 and is no longer required
[2025-11-18T05:31:42.890+0000] {logging_mixin.py:188} WARNING - /home/airflow/.local/lib/python3.10/site-packages/airflow/models/baseoperator.py:437 RemovedInAirflow3Warning: none_failed_or_skipped Trigger Rule is deprecated. Please use `none_failed_min_one_success`.
[2025-11-18T05:31:42.892+0000] {processor.py:840} INFO - DAG(s) '02_demo_advanced_patterns' retrieved from /opt/airflow/dags/02_demo_advanced_patterns.py
[2025-11-18T05:31:42.903+0000] {logging_mixin.py:188} INFO - [2025-11-18T05:31:42.902+0000] {dag.py:3033} INFO - Sync 1 DAGs
[2025-11-18T05:31:42.912+0000] {logging_mixin.py:188} INFO - [2025-11-18T05:31:42.911+0000] {dag.py:3820} INFO - Setting next_dagrun for 02_demo_advanced_patterns to 2025-11-17T00:00:00+00:00, run_after=2025-11-18T00:00:00+00:00
[2025-11-18T05:31:42.919+0000] {processor.py:183} INFO - Processing /opt/airflow/dags/02_demo_advanced_patterns.py took 0.143 seconds
[2025-11-18T05:32:13.070+0000] {processor.py:161} INFO - Started process (PID=541) to work on /opt/airflow/dags/02_demo_advanced_patterns.py
[2025-11-18T05:32:13.071+0000] {processor.py:830} INFO - Processing file /opt/airflow/dags/02_demo_advanced_patterns.py for tasks to queue
[2025-11-18T05:32:13.072+0000] {logging_mixin.py:188} INFO - [2025-11-18T05:32:13.072+0000] {dagbag.py:538} INFO - Filling up the DagBag from /opt/airflow/dags/02_demo_advanced_patterns.py
[2025-11-18T05:32:13.178+0000] {logging_mixin.py:188} WARNING - /home/airflow/.local/lib/python3.10/site-packages/airflow/models/baseoperator.py:437 RemovedInAirflow3Warning: provide_context is deprecated as of 2.0 and is no longer required
[2025-11-18T05:32:13.179+0000] {logging_mixin.py:188} WARNING - /home/airflow/.local/lib/python3.10/site-packages/airflow/models/baseoperator.py:437 RemovedInAirflow3Warning: none_failed_or_skipped Trigger Rule is deprecated. Please use `none_failed_min_one_success`.
[2025-11-18T05:32:13.181+0000] {processor.py:840} INFO - DAG(s) '02_demo_advanced_patterns' retrieved from /opt/airflow/dags/02_demo_advanced_patterns.py
[2025-11-18T05:32:13.191+0000] {logging_mixin.py:188} INFO - [2025-11-18T05:32:13.191+0000] {dag.py:3033} INFO - Sync 1 DAGs
[2025-11-18T05:32:13.199+0000] {logging_mixin.py:188} INFO - [2025-11-18T05:32:13.199+0000] {dag.py:3820} INFO - Setting next_dagrun for 02_demo_advanced_patterns to 2025-11-17T00:00:00+00:00, run_after=2025-11-18T00:00:00+00:00
[2025-11-18T05:32:13.206+0000] {processor.py:183} INFO - Processing /opt/airflow/dags/02_demo_advanced_patterns.py took 0.137 seconds
[2025-11-18T05:32:43.380+0000] {processor.py:161} INFO - Started process (PID=544) to work on /opt/airflow/dags/02_demo_advanced_patterns.py
[2025-11-18T05:32:43.380+0000] {processor.py:830} INFO - Processing file /opt/airflow/dags/02_demo_advanced_patterns.py for tasks to queue
[2025-11-18T05:32:43.381+0000] {logging_mixin.py:188} INFO - [2025-11-18T05:32:43.381+0000] {dagbag.py:538} INFO - Filling up the DagBag from /opt/airflow/dags/02_demo_advanced_patterns.py
[2025-11-18T05:32:43.502+0000] {logging_mixin.py:188} WARNING - /home/airflow/.local/lib/python3.10/site-packages/airflow/models/baseoperator.py:437 RemovedInAirflow3Warning: provide_context is deprecated as of 2.0 and is no longer required
[2025-11-18T05:32:43.503+0000] {logging_mixin.py:188} WARNING - /home/airflow/.local/lib/python3.10/site-packages/airflow/models/baseoperator.py:437 RemovedInAirflow3Warning: none_failed_or_skipped Trigger Rule is deprecated. Please use `none_failed_min_one_success`.
[2025-11-18T05:32:43.506+0000] {processor.py:840} INFO - DAG(s) '02_demo_advanced_patterns' retrieved from /opt/airflow/dags/02_demo_advanced_patterns.py
[2025-11-18T05:32:43.518+0000] {logging_mixin.py:188} INFO - [2025-11-18T05:32:43.518+0000] {dag.py:3033} INFO - Sync 1 DAGs
[2025-11-18T05:32:43.528+0000] {logging_mixin.py:188} INFO - [2025-11-18T05:32:43.528+0000] {dag.py:3820} INFO - Setting next_dagrun for 02_demo_advanced_patterns to 2025-11-17T00:00:00+00:00, run_after=2025-11-18T00:00:00+00:00
[2025-11-18T05:32:43.535+0000] {processor.py:183} INFO - Processing /opt/airflow/dags/02_demo_advanced_patterns.py took 0.157 seconds
[2025-11-18T05:33:13.672+0000] {processor.py:161} INFO - Started process (PID=547) to work on /opt/airflow/dags/02_demo_advanced_patterns.py
[2025-11-18T05:33:13.672+0000] {processor.py:830} INFO - Processing file /opt/airflow/dags/02_demo_advanced_patterns.py for tasks to queue
[2025-11-18T05:33:13.673+0000] {logging_mixin.py:188} INFO - [2025-11-18T05:33:13.673+0000] {dagbag.py:538} INFO - Filling up the DagBag from /opt/airflow/dags/02_demo_advanced_patterns.py
[2025-11-18T05:33:13.784+0000] {logging_mixin.py:188} WARNING - /home/airflow/.local/lib/python3.10/site-packages/airflow/models/baseoperator.py:437 RemovedInAirflow3Warning: provide_context is deprecated as of 2.0 and is no longer required
[2025-11-18T05:33:13.785+0000] {logging_mixin.py:188} WARNING - /home/airflow/.local/lib/python3.10/site-packages/airflow/models/baseoperator.py:437 RemovedInAirflow3Warning: none_failed_or_skipped Trigger Rule is deprecated. Please use `none_failed_min_one_success`.
[2025-11-18T05:33:13.787+0000] {processor.py:840} INFO - DAG(s) '02_demo_advanced_patterns' retrieved from /opt/airflow/dags/02_demo_advanced_patterns.py
[2025-11-18T05:33:13.799+0000] {logging_mixin.py:188} INFO - [2025-11-18T05:33:13.799+0000] {dag.py:3033} INFO - Sync 1 DAGs
[2025-11-18T05:33:13.807+0000] {logging_mixin.py:188} INFO - [2025-11-18T05:33:13.807+0000] {dag.py:3820} INFO - Setting next_dagrun for 02_demo_advanced_patterns to 2025-11-17T00:00:00+00:00, run_after=2025-11-18T00:00:00+00:00
[2025-11-18T05:33:13.814+0000] {processor.py:183} INFO - Processing /opt/airflow/dags/02_demo_advanced_patterns.py took 0.144 seconds
[2025-11-18T05:33:44.006+0000] {processor.py:161} INFO - Started process (PID=550) to work on /opt/airflow/dags/02_demo_advanced_patterns.py
[2025-11-18T05:33:44.006+0000] {processor.py:830} INFO - Processing file /opt/airflow/dags/02_demo_advanced_patterns.py for tasks to queue
[2025-11-18T05:33:44.007+0000] {logging_mixin.py:188} INFO - [2025-11-18T05:33:44.007+0000] {dagbag.py:538} INFO - Filling up the DagBag from /opt/airflow/dags/02_demo_advanced_patterns.py
[2025-11-18T05:33:44.120+0000] {logging_mixin.py:188} WARNING - /home/airflow/.local/lib/python3.10/site-packages/airflow/models/baseoperator.py:437 RemovedInAirflow3Warning: provide_context is deprecated as of 2.0 and is no longer required
[2025-11-18T05:33:44.120+0000] {logging_mixin.py:188} WARNING - /home/airflow/.local/lib/python3.10/site-packages/airflow/models/baseoperator.py:437 RemovedInAirflow3Warning: none_failed_or_skipped Trigger Rule is deprecated. Please use `none_failed_min_one_success`.
[2025-11-18T05:33:44.123+0000] {processor.py:840} INFO - DAG(s) '02_demo_advanced_patterns' retrieved from /opt/airflow/dags/02_demo_advanced_patterns.py
[2025-11-18T05:33:44.133+0000] {logging_mixin.py:188} INFO - [2025-11-18T05:33:44.133+0000] {dag.py:3033} INFO - Sync 1 DAGs
[2025-11-18T05:33:44.142+0000] {logging_mixin.py:188} INFO - [2025-11-18T05:33:44.142+0000] {dag.py:3820} INFO - Setting next_dagrun for 02_demo_advanced_patterns to 2025-11-17T00:00:00+00:00, run_after=2025-11-18T00:00:00+00:00
[2025-11-18T05:33:44.149+0000] {processor.py:183} INFO - Processing /opt/airflow/dags/02_demo_advanced_patterns.py took 0.145 seconds
[2025-11-18T05:34:14.296+0000] {processor.py:161} INFO - Started process (PID=553) to work on /opt/airflow/dags/02_demo_advanced_patterns.py
[2025-11-18T05:34:14.296+0000] {processor.py:830} INFO - Processing file /opt/airflow/dags/02_demo_advanced_patterns.py for tasks to queue
[2025-11-18T05:34:14.298+0000] {logging_mixin.py:188} INFO - [2025-11-18T05:34:14.298+0000] {dagbag.py:538} INFO - Filling up the DagBag from /opt/airflow/dags/02_demo_advanced_patterns.py
[2025-11-18T05:34:14.414+0000] {logging_mixin.py:188} WARNING - /home/airflow/.local/lib/python3.10/site-packages/airflow/models/baseoperator.py:437 RemovedInAirflow3Warning: provide_context is deprecated as of 2.0 and is no longer required
[2025-11-18T05:34:14.415+0000] {logging_mixin.py:188} WARNING - /home/airflow/.local/lib/python3.10/site-packages/airflow/models/baseoperator.py:437 RemovedInAirflow3Warning: none_failed_or_skipped Trigger Rule is deprecated. Please use `none_failed_min_one_success`.
[2025-11-18T05:34:14.417+0000] {processor.py:840} INFO - DAG(s) '02_demo_advanced_patterns' retrieved from /opt/airflow/dags/02_demo_advanced_patterns.py
[2025-11-18T05:34:14.429+0000] {logging_mixin.py:188} INFO - [2025-11-18T05:34:14.429+0000] {dag.py:3033} INFO - Sync 1 DAGs
[2025-11-18T05:34:14.438+0000] {logging_mixin.py:188} INFO - [2025-11-18T05:34:14.438+0000] {dag.py:3820} INFO - Setting next_dagrun for 02_demo_advanced_patterns to 2025-11-17T00:00:00+00:00, run_after=2025-11-18T00:00:00+00:00
[2025-11-18T05:34:14.445+0000] {processor.py:183} INFO - Processing /opt/airflow/dags/02_demo_advanced_patterns.py took 0.152 seconds
[2025-11-18T05:34:44.574+0000] {processor.py:161} INFO - Started process (PID=556) to work on /opt/airflow/dags/02_demo_advanced_patterns.py
[2025-11-18T05:34:44.575+0000] {processor.py:830} INFO - Processing file /opt/airflow/dags/02_demo_advanced_patterns.py for tasks to queue
[2025-11-18T05:34:44.576+0000] {logging_mixin.py:188} INFO - [2025-11-18T05:34:44.576+0000] {dagbag.py:538} INFO - Filling up the DagBag from /opt/airflow/dags/02_demo_advanced_patterns.py
[2025-11-18T05:34:44.688+0000] {logging_mixin.py:188} WARNING - /home/airflow/.local/lib/python3.10/site-packages/airflow/models/baseoperator.py:437 RemovedInAirflow3Warning: provide_context is deprecated as of 2.0 and is no longer required
[2025-11-18T05:34:44.689+0000] {logging_mixin.py:188} WARNING - /home/airflow/.local/lib/python3.10/site-packages/airflow/models/baseoperator.py:437 RemovedInAirflow3Warning: none_failed_or_skipped Trigger Rule is deprecated. Please use `none_failed_min_one_success`.
[2025-11-18T05:34:44.691+0000] {processor.py:840} INFO - DAG(s) '02_demo_advanced_patterns' retrieved from /opt/airflow/dags/02_demo_advanced_patterns.py
[2025-11-18T05:34:44.702+0000] {logging_mixin.py:188} INFO - [2025-11-18T05:34:44.702+0000] {dag.py:3033} INFO - Sync 1 DAGs
[2025-11-18T05:34:44.712+0000] {logging_mixin.py:188} INFO - [2025-11-18T05:34:44.712+0000] {dag.py:3820} INFO - Setting next_dagrun for 02_demo_advanced_patterns to 2025-11-17T00:00:00+00:00, run_after=2025-11-18T00:00:00+00:00
[2025-11-18T05:34:44.720+0000] {processor.py:183} INFO - Processing /opt/airflow/dags/02_demo_advanced_patterns.py took 0.147 seconds
[2025-11-18T05:35:14.845+0000] {processor.py:161} INFO - Started process (PID=559) to work on /opt/airflow/dags/02_demo_advanced_patterns.py
[2025-11-18T05:35:14.846+0000] {processor.py:830} INFO - Processing file /opt/airflow/dags/02_demo_advanced_patterns.py for tasks to queue
[2025-11-18T05:35:14.848+0000] {logging_mixin.py:188} INFO - [2025-11-18T05:35:14.848+0000] {dagbag.py:538} INFO - Filling up the DagBag from /opt/airflow/dags/02_demo_advanced_patterns.py
[2025-11-18T05:35:14.965+0000] {logging_mixin.py:188} WARNING - /home/airflow/.local/lib/python3.10/site-packages/airflow/models/baseoperator.py:437 RemovedInAirflow3Warning: provide_context is deprecated as of 2.0 and is no longer required
[2025-11-18T05:35:14.966+0000] {logging_mixin.py:188} WARNING - /home/airflow/.local/lib/python3.10/site-packages/airflow/models/baseoperator.py:437 RemovedInAirflow3Warning: none_failed_or_skipped Trigger Rule is deprecated. Please use `none_failed_min_one_success`.
[2025-11-18T05:35:14.968+0000] {processor.py:840} INFO - DAG(s) '02_demo_advanced_patterns' retrieved from /opt/airflow/dags/02_demo_advanced_patterns.py
[2025-11-18T05:35:14.982+0000] {logging_mixin.py:188} INFO - [2025-11-18T05:35:14.982+0000] {dag.py:3033} INFO - Sync 1 DAGs
[2025-11-18T05:35:14.992+0000] {logging_mixin.py:188} INFO - [2025-11-18T05:35:14.992+0000] {dag.py:3820} INFO - Setting next_dagrun for 02_demo_advanced_patterns to 2025-11-17T00:00:00+00:00, run_after=2025-11-18T00:00:00+00:00
[2025-11-18T05:35:14.999+0000] {processor.py:183} INFO - Processing /opt/airflow/dags/02_demo_advanced_patterns.py took 0.157 seconds
[2025-11-18T05:35:45.148+0000] {processor.py:161} INFO - Started process (PID=562) to work on /opt/airflow/dags/02_demo_advanced_patterns.py
[2025-11-18T05:35:45.149+0000] {processor.py:830} INFO - Processing file /opt/airflow/dags/02_demo_advanced_patterns.py for tasks to queue
[2025-11-18T05:35:45.150+0000] {logging_mixin.py:188} INFO - [2025-11-18T05:35:45.150+0000] {dagbag.py:538} INFO - Filling up the DagBag from /opt/airflow/dags/02_demo_advanced_patterns.py
[2025-11-18T05:35:45.260+0000] {logging_mixin.py:188} WARNING - /home/airflow/.local/lib/python3.10/site-packages/airflow/models/baseoperator.py:437 RemovedInAirflow3Warning: provide_context is deprecated as of 2.0 and is no longer required
[2025-11-18T05:35:45.261+0000] {logging_mixin.py:188} WARNING - /home/airflow/.local/lib/python3.10/site-packages/airflow/models/baseoperator.py:437 RemovedInAirflow3Warning: none_failed_or_skipped Trigger Rule is deprecated. Please use `none_failed_min_one_success`.
[2025-11-18T05:35:45.264+0000] {processor.py:840} INFO - DAG(s) '02_demo_advanced_patterns' retrieved from /opt/airflow/dags/02_demo_advanced_patterns.py
[2025-11-18T05:35:45.274+0000] {logging_mixin.py:188} INFO - [2025-11-18T05:35:45.274+0000] {dag.py:3033} INFO - Sync 1 DAGs
[2025-11-18T05:35:45.282+0000] {logging_mixin.py:188} INFO - [2025-11-18T05:35:45.282+0000] {dag.py:3820} INFO - Setting next_dagrun for 02_demo_advanced_patterns to 2025-11-17T00:00:00+00:00, run_after=2025-11-18T00:00:00+00:00
[2025-11-18T05:35:45.289+0000] {processor.py:183} INFO - Processing /opt/airflow/dags/02_demo_advanced_patterns.py took 0.143 seconds
[2025-11-18T05:36:15.440+0000] {processor.py:161} INFO - Started process (PID=565) to work on /opt/airflow/dags/02_demo_advanced_patterns.py
[2025-11-18T05:36:15.441+0000] {processor.py:830} INFO - Processing file /opt/airflow/dags/02_demo_advanced_patterns.py for tasks to queue
[2025-11-18T05:36:15.442+0000] {logging_mixin.py:188} INFO - [2025-11-18T05:36:15.442+0000] {dagbag.py:538} INFO - Filling up the DagBag from /opt/airflow/dags/02_demo_advanced_patterns.py
[2025-11-18T05:36:15.555+0000] {logging_mixin.py:188} WARNING - /home/airflow/.local/lib/python3.10/site-packages/airflow/models/baseoperator.py:437 RemovedInAirflow3Warning: provide_context is deprecated as of 2.0 and is no longer required
[2025-11-18T05:36:15.556+0000] {logging_mixin.py:188} WARNING - /home/airflow/.local/lib/python3.10/site-packages/airflow/models/baseoperator.py:437 RemovedInAirflow3Warning: none_failed_or_skipped Trigger Rule is deprecated. Please use `none_failed_min_one_success`.
[2025-11-18T05:36:15.558+0000] {processor.py:840} INFO - DAG(s) '02_demo_advanced_patterns' retrieved from /opt/airflow/dags/02_demo_advanced_patterns.py
[2025-11-18T05:36:15.571+0000] {logging_mixin.py:188} INFO - [2025-11-18T05:36:15.571+0000] {dag.py:3033} INFO - Sync 1 DAGs
[2025-11-18T05:36:15.580+0000] {logging_mixin.py:188} INFO - [2025-11-18T05:36:15.580+0000] {dag.py:3820} INFO - Setting next_dagrun for 02_demo_advanced_patterns to 2025-11-17T00:00:00+00:00, run_after=2025-11-18T00:00:00+00:00
[2025-11-18T05:36:15.587+0000] {processor.py:183} INFO - Processing /opt/airflow/dags/02_demo_advanced_patterns.py took 0.150 seconds
[2025-11-18T05:36:45.719+0000] {processor.py:161} INFO - Started process (PID=568) to work on /opt/airflow/dags/02_demo_advanced_patterns.py
[2025-11-18T05:36:45.719+0000] {processor.py:830} INFO - Processing file /opt/airflow/dags/02_demo_advanced_patterns.py for tasks to queue
[2025-11-18T05:36:45.720+0000] {logging_mixin.py:188} INFO - [2025-11-18T05:36:45.720+0000] {dagbag.py:538} INFO - Filling up the DagBag from /opt/airflow/dags/02_demo_advanced_patterns.py
[2025-11-18T05:36:45.842+0000] {logging_mixin.py:188} WARNING - /home/airflow/.local/lib/python3.10/site-packages/airflow/models/baseoperator.py:437 RemovedInAirflow3Warning: provide_context is deprecated as of 2.0 and is no longer required
[2025-11-18T05:36:45.843+0000] {logging_mixin.py:188} WARNING - /home/airflow/.local/lib/python3.10/site-packages/airflow/models/baseoperator.py:437 RemovedInAirflow3Warning: none_failed_or_skipped Trigger Rule is deprecated. Please use `none_failed_min_one_success`.
[2025-11-18T05:36:45.845+0000] {processor.py:840} INFO - DAG(s) '02_demo_advanced_patterns' retrieved from /opt/airflow/dags/02_demo_advanced_patterns.py
[2025-11-18T05:36:45.857+0000] {logging_mixin.py:188} INFO - [2025-11-18T05:36:45.857+0000] {dag.py:3033} INFO - Sync 1 DAGs
[2025-11-18T05:36:45.867+0000] {logging_mixin.py:188} INFO - [2025-11-18T05:36:45.867+0000] {dag.py:3820} INFO - Setting next_dagrun for 02_demo_advanced_patterns to 2025-11-17T00:00:00+00:00, run_after=2025-11-18T00:00:00+00:00
[2025-11-18T05:36:45.875+0000] {processor.py:183} INFO - Processing /opt/airflow/dags/02_demo_advanced_patterns.py took 0.159 seconds
[2025-11-18T05:37:15.996+0000] {processor.py:161} INFO - Started process (PID=571) to work on /opt/airflow/dags/02_demo_advanced_patterns.py
[2025-11-18T05:37:15.997+0000] {processor.py:830} INFO - Processing file /opt/airflow/dags/02_demo_advanced_patterns.py for tasks to queue
[2025-11-18T05:37:15.998+0000] {logging_mixin.py:188} INFO - [2025-11-18T05:37:15.998+0000] {dagbag.py:538} INFO - Filling up the DagBag from /opt/airflow/dags/02_demo_advanced_patterns.py
[2025-11-18T05:37:16.109+0000] {logging_mixin.py:188} WARNING - /home/airflow/.local/lib/python3.10/site-packages/airflow/models/baseoperator.py:437 RemovedInAirflow3Warning: provide_context is deprecated as of 2.0 and is no longer required
[2025-11-18T05:37:16.110+0000] {logging_mixin.py:188} WARNING - /home/airflow/.local/lib/python3.10/site-packages/airflow/models/baseoperator.py:437 RemovedInAirflow3Warning: none_failed_or_skipped Trigger Rule is deprecated. Please use `none_failed_min_one_success`.
[2025-11-18T05:37:16.112+0000] {processor.py:840} INFO - DAG(s) '02_demo_advanced_patterns' retrieved from /opt/airflow/dags/02_demo_advanced_patterns.py
[2025-11-18T05:37:16.123+0000] {logging_mixin.py:188} INFO - [2025-11-18T05:37:16.123+0000] {dag.py:3033} INFO - Sync 1 DAGs
[2025-11-18T05:37:16.132+0000] {logging_mixin.py:188} INFO - [2025-11-18T05:37:16.132+0000] {dag.py:3820} INFO - Setting next_dagrun for 02_demo_advanced_patterns to 2025-11-17T00:00:00+00:00, run_after=2025-11-18T00:00:00+00:00
[2025-11-18T05:37:16.139+0000] {processor.py:183} INFO - Processing /opt/airflow/dags/02_demo_advanced_patterns.py took 0.145 seconds
[2025-11-18T05:37:46.308+0000] {processor.py:161} INFO - Started process (PID=574) to work on /opt/airflow/dags/02_demo_advanced_patterns.py
[2025-11-18T05:37:46.309+0000] {processor.py:830} INFO - Processing file /opt/airflow/dags/02_demo_advanced_patterns.py for tasks to queue
[2025-11-18T05:37:46.310+0000] {logging_mixin.py:188} INFO - [2025-11-18T05:37:46.310+0000] {dagbag.py:538} INFO - Filling up the DagBag from /opt/airflow/dags/02_demo_advanced_patterns.py
[2025-11-18T05:37:46.417+0000] {logging_mixin.py:188} WARNING - /home/airflow/.local/lib/python3.10/site-packages/airflow/models/baseoperator.py:437 RemovedInAirflow3Warning: provide_context is deprecated as of 2.0 and is no longer required
[2025-11-18T05:37:46.418+0000] {logging_mixin.py:188} WARNING - /home/airflow/.local/lib/python3.10/site-packages/airflow/models/baseoperator.py:437 RemovedInAirflow3Warning: none_failed_or_skipped Trigger Rule is deprecated. Please use `none_failed_min_one_success`.
[2025-11-18T05:37:46.420+0000] {processor.py:840} INFO - DAG(s) '02_demo_advanced_patterns' retrieved from /opt/airflow/dags/02_demo_advanced_patterns.py
[2025-11-18T05:37:46.430+0000] {logging_mixin.py:188} INFO - [2025-11-18T05:37:46.430+0000] {dag.py:3033} INFO - Sync 1 DAGs
[2025-11-18T05:37:46.439+0000] {logging_mixin.py:188} INFO - [2025-11-18T05:37:46.439+0000] {dag.py:3820} INFO - Setting next_dagrun for 02_demo_advanced_patterns to 2025-11-17T00:00:00+00:00, run_after=2025-11-18T00:00:00+00:00
[2025-11-18T05:37:46.446+0000] {processor.py:183} INFO - Processing /opt/airflow/dags/02_demo_advanced_patterns.py took 0.140 seconds
[2025-11-18T05:38:16.615+0000] {processor.py:161} INFO - Started process (PID=577) to work on /opt/airflow/dags/02_demo_advanced_patterns.py
[2025-11-18T05:38:16.616+0000] {processor.py:830} INFO - Processing file /opt/airflow/dags/02_demo_advanced_patterns.py for tasks to queue
[2025-11-18T05:38:16.617+0000] {logging_mixin.py:188} INFO - [2025-11-18T05:38:16.617+0000] {dagbag.py:538} INFO - Filling up the DagBag from /opt/airflow/dags/02_demo_advanced_patterns.py
[2025-11-18T05:38:16.726+0000] {logging_mixin.py:188} WARNING - /home/airflow/.local/lib/python3.10/site-packages/airflow/models/baseoperator.py:437 RemovedInAirflow3Warning: provide_context is deprecated as of 2.0 and is no longer required
[2025-11-18T05:38:16.726+0000] {logging_mixin.py:188} WARNING - /home/airflow/.local/lib/python3.10/site-packages/airflow/models/baseoperator.py:437 RemovedInAirflow3Warning: none_failed_or_skipped Trigger Rule is deprecated. Please use `none_failed_min_one_success`.
[2025-11-18T05:38:16.729+0000] {processor.py:840} INFO - DAG(s) '02_demo_advanced_patterns' retrieved from /opt/airflow/dags/02_demo_advanced_patterns.py
[2025-11-18T05:38:16.739+0000] {logging_mixin.py:188} INFO - [2025-11-18T05:38:16.739+0000] {dag.py:3033} INFO - Sync 1 DAGs
[2025-11-18T05:38:16.747+0000] {logging_mixin.py:188} INFO - [2025-11-18T05:38:16.747+0000] {dag.py:3820} INFO - Setting next_dagrun for 02_demo_advanced_patterns to 2025-11-17T00:00:00+00:00, run_after=2025-11-18T00:00:00+00:00
[2025-11-18T05:38:16.754+0000] {processor.py:183} INFO - Processing /opt/airflow/dags/02_demo_advanced_patterns.py took 0.140 seconds
[2025-11-18T05:38:46.900+0000] {processor.py:161} INFO - Started process (PID=580) to work on /opt/airflow/dags/02_demo_advanced_patterns.py
[2025-11-18T05:38:46.900+0000] {processor.py:830} INFO - Processing file /opt/airflow/dags/02_demo_advanced_patterns.py for tasks to queue
[2025-11-18T05:38:46.902+0000] {logging_mixin.py:188} INFO - [2025-11-18T05:38:46.901+0000] {dagbag.py:538} INFO - Filling up the DagBag from /opt/airflow/dags/02_demo_advanced_patterns.py
[2025-11-18T05:38:47.024+0000] {logging_mixin.py:188} WARNING - /home/airflow/.local/lib/python3.10/site-packages/airflow/models/baseoperator.py:437 RemovedInAirflow3Warning: provide_context is deprecated as of 2.0 and is no longer required
[2025-11-18T05:38:47.025+0000] {logging_mixin.py:188} WARNING - /home/airflow/.local/lib/python3.10/site-packages/airflow/models/baseoperator.py:437 RemovedInAirflow3Warning: none_failed_or_skipped Trigger Rule is deprecated. Please use `none_failed_min_one_success`.
[2025-11-18T05:38:47.028+0000] {processor.py:840} INFO - DAG(s) '02_demo_advanced_patterns' retrieved from /opt/airflow/dags/02_demo_advanced_patterns.py
[2025-11-18T05:38:47.038+0000] {logging_mixin.py:188} INFO - [2025-11-18T05:38:47.038+0000] {dag.py:3033} INFO - Sync 1 DAGs
[2025-11-18T05:38:47.047+0000] {logging_mixin.py:188} INFO - [2025-11-18T05:38:47.047+0000] {dag.py:3820} INFO - Setting next_dagrun for 02_demo_advanced_patterns to 2025-11-17T00:00:00+00:00, run_after=2025-11-18T00:00:00+00:00
[2025-11-18T05:38:47.054+0000] {processor.py:183} INFO - Processing /opt/airflow/dags/02_demo_advanced_patterns.py took 0.156 seconds
[2025-11-18T05:39:17.190+0000] {processor.py:161} INFO - Started process (PID=583) to work on /opt/airflow/dags/02_demo_advanced_patterns.py
[2025-11-18T05:39:17.190+0000] {processor.py:830} INFO - Processing file /opt/airflow/dags/02_demo_advanced_patterns.py for tasks to queue
[2025-11-18T05:39:17.191+0000] {logging_mixin.py:188} INFO - [2025-11-18T05:39:17.191+0000] {dagbag.py:538} INFO - Filling up the DagBag from /opt/airflow/dags/02_demo_advanced_patterns.py
[2025-11-18T05:39:17.308+0000] {logging_mixin.py:188} WARNING - /home/airflow/.local/lib/python3.10/site-packages/airflow/models/baseoperator.py:437 RemovedInAirflow3Warning: provide_context is deprecated as of 2.0 and is no longer required
[2025-11-18T05:39:17.309+0000] {logging_mixin.py:188} WARNING - /home/airflow/.local/lib/python3.10/site-packages/airflow/models/baseoperator.py:437 RemovedInAirflow3Warning: none_failed_or_skipped Trigger Rule is deprecated. Please use `none_failed_min_one_success`.
[2025-11-18T05:39:17.311+0000] {processor.py:840} INFO - DAG(s) '02_demo_advanced_patterns' retrieved from /opt/airflow/dags/02_demo_advanced_patterns.py
[2025-11-18T05:39:17.323+0000] {logging_mixin.py:188} INFO - [2025-11-18T05:39:17.322+0000] {dag.py:3033} INFO - Sync 1 DAGs
[2025-11-18T05:39:17.331+0000] {logging_mixin.py:188} INFO - [2025-11-18T05:39:17.330+0000] {dag.py:3820} INFO - Setting next_dagrun for 02_demo_advanced_patterns to 2025-11-17T00:00:00+00:00, run_after=2025-11-18T00:00:00+00:00
[2025-11-18T05:39:17.337+0000] {processor.py:183} INFO - Processing /opt/airflow/dags/02_demo_advanced_patterns.py took 0.150 seconds
[2025-11-18T05:39:47.470+0000] {processor.py:161} INFO - Started process (PID=586) to work on /opt/airflow/dags/02_demo_advanced_patterns.py
[2025-11-18T05:39:47.471+0000] {processor.py:830} INFO - Processing file /opt/airflow/dags/02_demo_advanced_patterns.py for tasks to queue
[2025-11-18T05:39:47.472+0000] {logging_mixin.py:188} INFO - [2025-11-18T05:39:47.472+0000] {dagbag.py:538} INFO - Filling up the DagBag from /opt/airflow/dags/02_demo_advanced_patterns.py
[2025-11-18T05:39:47.579+0000] {logging_mixin.py:188} WARNING - /home/airflow/.local/lib/python3.10/site-packages/airflow/models/baseoperator.py:437 RemovedInAirflow3Warning: provide_context is deprecated as of 2.0 and is no longer required
[2025-11-18T05:39:47.579+0000] {logging_mixin.py:188} WARNING - /home/airflow/.local/lib/python3.10/site-packages/airflow/models/baseoperator.py:437 RemovedInAirflow3Warning: none_failed_or_skipped Trigger Rule is deprecated. Please use `none_failed_min_one_success`.
[2025-11-18T05:39:47.582+0000] {processor.py:840} INFO - DAG(s) '02_demo_advanced_patterns' retrieved from /opt/airflow/dags/02_demo_advanced_patterns.py
[2025-11-18T05:39:47.592+0000] {logging_mixin.py:188} INFO - [2025-11-18T05:39:47.592+0000] {dag.py:3033} INFO - Sync 1 DAGs
[2025-11-18T05:39:47.600+0000] {logging_mixin.py:188} INFO - [2025-11-18T05:39:47.600+0000] {dag.py:3820} INFO - Setting next_dagrun for 02_demo_advanced_patterns to 2025-11-17T00:00:00+00:00, run_after=2025-11-18T00:00:00+00:00
[2025-11-18T05:39:47.608+0000] {processor.py:183} INFO - Processing /opt/airflow/dags/02_demo_advanced_patterns.py took 0.140 seconds
[2025-11-18T05:40:17.750+0000] {processor.py:161} INFO - Started process (PID=589) to work on /opt/airflow/dags/02_demo_advanced_patterns.py
[2025-11-18T05:40:17.750+0000] {processor.py:830} INFO - Processing file /opt/airflow/dags/02_demo_advanced_patterns.py for tasks to queue
[2025-11-18T05:40:17.751+0000] {logging_mixin.py:188} INFO - [2025-11-18T05:40:17.751+0000] {dagbag.py:538} INFO - Filling up the DagBag from /opt/airflow/dags/02_demo_advanced_patterns.py
[2025-11-18T05:40:17.874+0000] {logging_mixin.py:188} WARNING - /home/airflow/.local/lib/python3.10/site-packages/airflow/models/baseoperator.py:437 RemovedInAirflow3Warning: provide_context is deprecated as of 2.0 and is no longer required
[2025-11-18T05:40:17.875+0000] {logging_mixin.py:188} WARNING - /home/airflow/.local/lib/python3.10/site-packages/airflow/models/baseoperator.py:437 RemovedInAirflow3Warning: none_failed_or_skipped Trigger Rule is deprecated. Please use `none_failed_min_one_success`.
[2025-11-18T05:40:17.877+0000] {processor.py:840} INFO - DAG(s) '02_demo_advanced_patterns' retrieved from /opt/airflow/dags/02_demo_advanced_patterns.py
[2025-11-18T05:40:17.889+0000] {logging_mixin.py:188} INFO - [2025-11-18T05:40:17.889+0000] {dag.py:3033} INFO - Sync 1 DAGs
[2025-11-18T05:40:17.898+0000] {logging_mixin.py:188} INFO - [2025-11-18T05:40:17.898+0000] {dag.py:3820} INFO - Setting next_dagrun for 02_demo_advanced_patterns to 2025-11-17T00:00:00+00:00, run_after=2025-11-18T00:00:00+00:00
[2025-11-18T05:40:17.905+0000] {processor.py:183} INFO - Processing /opt/airflow/dags/02_demo_advanced_patterns.py took 0.158 seconds
[2025-11-18T05:40:48.042+0000] {processor.py:161} INFO - Started process (PID=592) to work on /opt/airflow/dags/02_demo_advanced_patterns.py
[2025-11-18T05:40:48.043+0000] {processor.py:830} INFO - Processing file /opt/airflow/dags/02_demo_advanced_patterns.py for tasks to queue
[2025-11-18T05:40:48.044+0000] {logging_mixin.py:188} INFO - [2025-11-18T05:40:48.044+0000] {dagbag.py:538} INFO - Filling up the DagBag from /opt/airflow/dags/02_demo_advanced_patterns.py
[2025-11-18T05:40:48.159+0000] {logging_mixin.py:188} WARNING - /home/airflow/.local/lib/python3.10/site-packages/airflow/models/baseoperator.py:437 RemovedInAirflow3Warning: provide_context is deprecated as of 2.0 and is no longer required
[2025-11-18T05:40:48.160+0000] {logging_mixin.py:188} WARNING - /home/airflow/.local/lib/python3.10/site-packages/airflow/models/baseoperator.py:437 RemovedInAirflow3Warning: none_failed_or_skipped Trigger Rule is deprecated. Please use `none_failed_min_one_success`.
[2025-11-18T05:40:48.162+0000] {processor.py:840} INFO - DAG(s) '02_demo_advanced_patterns' retrieved from /opt/airflow/dags/02_demo_advanced_patterns.py
[2025-11-18T05:40:48.174+0000] {logging_mixin.py:188} INFO - [2025-11-18T05:40:48.173+0000] {dag.py:3033} INFO - Sync 1 DAGs
[2025-11-18T05:40:48.182+0000] {logging_mixin.py:188} INFO - [2025-11-18T05:40:48.182+0000] {dag.py:3820} INFO - Setting next_dagrun for 02_demo_advanced_patterns to 2025-11-17T00:00:00+00:00, run_after=2025-11-18T00:00:00+00:00
[2025-11-18T05:40:48.189+0000] {processor.py:183} INFO - Processing /opt/airflow/dags/02_demo_advanced_patterns.py took 0.150 seconds
[2025-11-18T05:41:18.290+0000] {processor.py:161} INFO - Started process (PID=595) to work on /opt/airflow/dags/02_demo_advanced_patterns.py
[2025-11-18T05:41:18.290+0000] {processor.py:830} INFO - Processing file /opt/airflow/dags/02_demo_advanced_patterns.py for tasks to queue
[2025-11-18T05:41:18.292+0000] {logging_mixin.py:188} INFO - [2025-11-18T05:41:18.292+0000] {dagbag.py:538} INFO - Filling up the DagBag from /opt/airflow/dags/02_demo_advanced_patterns.py
[2025-11-18T05:41:18.411+0000] {logging_mixin.py:188} WARNING - /home/airflow/.local/lib/python3.10/site-packages/airflow/models/baseoperator.py:437 RemovedInAirflow3Warning: provide_context is deprecated as of 2.0 and is no longer required
[2025-11-18T05:41:18.411+0000] {logging_mixin.py:188} WARNING - /home/airflow/.local/lib/python3.10/site-packages/airflow/models/baseoperator.py:437 RemovedInAirflow3Warning: none_failed_or_skipped Trigger Rule is deprecated. Please use `none_failed_min_one_success`.
[2025-11-18T05:41:18.414+0000] {processor.py:840} INFO - DAG(s) '02_demo_advanced_patterns' retrieved from /opt/airflow/dags/02_demo_advanced_patterns.py
[2025-11-18T05:41:18.426+0000] {logging_mixin.py:188} INFO - [2025-11-18T05:41:18.426+0000] {dag.py:3033} INFO - Sync 1 DAGs
[2025-11-18T05:41:18.436+0000] {logging_mixin.py:188} INFO - [2025-11-18T05:41:18.436+0000] {dag.py:3820} INFO - Setting next_dagrun for 02_demo_advanced_patterns to 2025-11-17T00:00:00+00:00, run_after=2025-11-18T00:00:00+00:00
[2025-11-18T05:41:18.443+0000] {processor.py:183} INFO - Processing /opt/airflow/dags/02_demo_advanced_patterns.py took 0.155 seconds
[2025-11-18T05:41:48.534+0000] {processor.py:161} INFO - Started process (PID=598) to work on /opt/airflow/dags/02_demo_advanced_patterns.py
[2025-11-18T05:41:48.535+0000] {processor.py:830} INFO - Processing file /opt/airflow/dags/02_demo_advanced_patterns.py for tasks to queue
[2025-11-18T05:41:48.536+0000] {logging_mixin.py:188} INFO - [2025-11-18T05:41:48.536+0000] {dagbag.py:538} INFO - Filling up the DagBag from /opt/airflow/dags/02_demo_advanced_patterns.py
[2025-11-18T05:41:48.646+0000] {logging_mixin.py:188} WARNING - /home/airflow/.local/lib/python3.10/site-packages/airflow/models/baseoperator.py:437 RemovedInAirflow3Warning: provide_context is deprecated as of 2.0 and is no longer required
[2025-11-18T05:41:48.647+0000] {logging_mixin.py:188} WARNING - /home/airflow/.local/lib/python3.10/site-packages/airflow/models/baseoperator.py:437 RemovedInAirflow3Warning: none_failed_or_skipped Trigger Rule is deprecated. Please use `none_failed_min_one_success`.
[2025-11-18T05:41:48.649+0000] {processor.py:840} INFO - DAG(s) '02_demo_advanced_patterns' retrieved from /opt/airflow/dags/02_demo_advanced_patterns.py
[2025-11-18T05:41:48.661+0000] {logging_mixin.py:188} INFO - [2025-11-18T05:41:48.660+0000] {dag.py:3033} INFO - Sync 1 DAGs
[2025-11-18T05:41:48.669+0000] {logging_mixin.py:188} INFO - [2025-11-18T05:41:48.669+0000] {dag.py:3820} INFO - Setting next_dagrun for 02_demo_advanced_patterns to 2025-11-17T00:00:00+00:00, run_after=2025-11-18T00:00:00+00:00
[2025-11-18T05:41:48.676+0000] {processor.py:183} INFO - Processing /opt/airflow/dags/02_demo_advanced_patterns.py took 0.144 seconds
[2025-11-18T05:42:18.806+0000] {processor.py:161} INFO - Started process (PID=601) to work on /opt/airflow/dags/02_demo_advanced_patterns.py
[2025-11-18T05:42:18.807+0000] {processor.py:830} INFO - Processing file /opt/airflow/dags/02_demo_advanced_patterns.py for tasks to queue
[2025-11-18T05:42:18.808+0000] {logging_mixin.py:188} INFO - [2025-11-18T05:42:18.808+0000] {dagbag.py:538} INFO - Filling up the DagBag from /opt/airflow/dags/02_demo_advanced_patterns.py
[2025-11-18T05:42:18.927+0000] {logging_mixin.py:188} WARNING - /home/airflow/.local/lib/python3.10/site-packages/airflow/models/baseoperator.py:437 RemovedInAirflow3Warning: provide_context is deprecated as of 2.0 and is no longer required
[2025-11-18T05:42:18.928+0000] {logging_mixin.py:188} WARNING - /home/airflow/.local/lib/python3.10/site-packages/airflow/models/baseoperator.py:437 RemovedInAirflow3Warning: none_failed_or_skipped Trigger Rule is deprecated. Please use `none_failed_min_one_success`.
[2025-11-18T05:42:18.930+0000] {processor.py:840} INFO - DAG(s) '02_demo_advanced_patterns' retrieved from /opt/airflow/dags/02_demo_advanced_patterns.py
[2025-11-18T05:42:18.941+0000] {logging_mixin.py:188} INFO - [2025-11-18T05:42:18.941+0000] {dag.py:3033} INFO - Sync 1 DAGs
[2025-11-18T05:42:18.950+0000] {logging_mixin.py:188} INFO - [2025-11-18T05:42:18.950+0000] {dag.py:3820} INFO - Setting next_dagrun for 02_demo_advanced_patterns to 2025-11-17T00:00:00+00:00, run_after=2025-11-18T00:00:00+00:00
[2025-11-18T05:42:18.958+0000] {processor.py:183} INFO - Processing /opt/airflow/dags/02_demo_advanced_patterns.py took 0.154 seconds
[2025-11-18T05:42:49.114+0000] {processor.py:161} INFO - Started process (PID=604) to work on /opt/airflow/dags/02_demo_advanced_patterns.py
[2025-11-18T05:42:49.115+0000] {processor.py:830} INFO - Processing file /opt/airflow/dags/02_demo_advanced_patterns.py for tasks to queue
[2025-11-18T05:42:49.116+0000] {logging_mixin.py:188} INFO - [2025-11-18T05:42:49.116+0000] {dagbag.py:538} INFO - Filling up the DagBag from /opt/airflow/dags/02_demo_advanced_patterns.py
[2025-11-18T05:42:49.230+0000] {logging_mixin.py:188} WARNING - /home/airflow/.local/lib/python3.10/site-packages/airflow/models/baseoperator.py:437 RemovedInAirflow3Warning: provide_context is deprecated as of 2.0 and is no longer required
[2025-11-18T05:42:49.231+0000] {logging_mixin.py:188} WARNING - /home/airflow/.local/lib/python3.10/site-packages/airflow/models/baseoperator.py:437 RemovedInAirflow3Warning: none_failed_or_skipped Trigger Rule is deprecated. Please use `none_failed_min_one_success`.
[2025-11-18T05:42:49.233+0000] {processor.py:840} INFO - DAG(s) '02_demo_advanced_patterns' retrieved from /opt/airflow/dags/02_demo_advanced_patterns.py
[2025-11-18T05:42:49.245+0000] {logging_mixin.py:188} INFO - [2025-11-18T05:42:49.245+0000] {dag.py:3033} INFO - Sync 1 DAGs
[2025-11-18T05:42:49.253+0000] {logging_mixin.py:188} INFO - [2025-11-18T05:42:49.253+0000] {dag.py:3820} INFO - Setting next_dagrun for 02_demo_advanced_patterns to 2025-11-17T00:00:00+00:00, run_after=2025-11-18T00:00:00+00:00
[2025-11-18T05:42:49.260+0000] {processor.py:183} INFO - Processing /opt/airflow/dags/02_demo_advanced_patterns.py took 0.148 seconds
[2025-11-18T05:43:19.413+0000] {processor.py:161} INFO - Started process (PID=607) to work on /opt/airflow/dags/02_demo_advanced_patterns.py
[2025-11-18T05:43:19.414+0000] {processor.py:830} INFO - Processing file /opt/airflow/dags/02_demo_advanced_patterns.py for tasks to queue
[2025-11-18T05:43:19.415+0000] {logging_mixin.py:188} INFO - [2025-11-18T05:43:19.415+0000] {dagbag.py:538} INFO - Filling up the DagBag from /opt/airflow/dags/02_demo_advanced_patterns.py
[2025-11-18T05:43:19.529+0000] {logging_mixin.py:188} WARNING - /home/airflow/.local/lib/python3.10/site-packages/airflow/models/baseoperator.py:437 RemovedInAirflow3Warning: provide_context is deprecated as of 2.0 and is no longer required
[2025-11-18T05:43:19.530+0000] {logging_mixin.py:188} WARNING - /home/airflow/.local/lib/python3.10/site-packages/airflow/models/baseoperator.py:437 RemovedInAirflow3Warning: none_failed_or_skipped Trigger Rule is deprecated. Please use `none_failed_min_one_success`.
[2025-11-18T05:43:19.532+0000] {processor.py:840} INFO - DAG(s) '02_demo_advanced_patterns' retrieved from /opt/airflow/dags/02_demo_advanced_patterns.py
[2025-11-18T05:43:19.544+0000] {logging_mixin.py:188} INFO - [2025-11-18T05:43:19.544+0000] {dag.py:3033} INFO - Sync 1 DAGs
[2025-11-18T05:43:19.552+0000] {logging_mixin.py:188} INFO - [2025-11-18T05:43:19.552+0000] {dag.py:3820} INFO - Setting next_dagrun for 02_demo_advanced_patterns to 2025-11-17T00:00:00+00:00, run_after=2025-11-18T00:00:00+00:00
[2025-11-18T05:43:19.559+0000] {processor.py:183} INFO - Processing /opt/airflow/dags/02_demo_advanced_patterns.py took 0.148 seconds
[2025-11-18T05:43:49.703+0000] {processor.py:161} INFO - Started process (PID=610) to work on /opt/airflow/dags/02_demo_advanced_patterns.py
[2025-11-18T05:43:49.704+0000] {processor.py:830} INFO - Processing file /opt/airflow/dags/02_demo_advanced_patterns.py for tasks to queue
[2025-11-18T05:43:49.705+0000] {logging_mixin.py:188} INFO - [2025-11-18T05:43:49.705+0000] {dagbag.py:538} INFO - Filling up the DagBag from /opt/airflow/dags/02_demo_advanced_patterns.py
[2025-11-18T05:43:49.822+0000] {logging_mixin.py:188} WARNING - /home/airflow/.local/lib/python3.10/site-packages/airflow/models/baseoperator.py:437 RemovedInAirflow3Warning: provide_context is deprecated as of 2.0 and is no longer required
[2025-11-18T05:43:49.823+0000] {logging_mixin.py:188} WARNING - /home/airflow/.local/lib/python3.10/site-packages/airflow/models/baseoperator.py:437 RemovedInAirflow3Warning: none_failed_or_skipped Trigger Rule is deprecated. Please use `none_failed_min_one_success`.
[2025-11-18T05:43:49.826+0000] {processor.py:840} INFO - DAG(s) '02_demo_advanced_patterns' retrieved from /opt/airflow/dags/02_demo_advanced_patterns.py
[2025-11-18T05:43:49.838+0000] {logging_mixin.py:188} INFO - [2025-11-18T05:43:49.838+0000] {dag.py:3033} INFO - Sync 1 DAGs
[2025-11-18T05:43:49.848+0000] {logging_mixin.py:188} INFO - [2025-11-18T05:43:49.847+0000] {dag.py:3820} INFO - Setting next_dagrun for 02_demo_advanced_patterns to 2025-11-17T00:00:00+00:00, run_after=2025-11-18T00:00:00+00:00
[2025-11-18T05:43:49.856+0000] {processor.py:183} INFO - Processing /opt/airflow/dags/02_demo_advanced_patterns.py took 0.154 seconds
[2025-11-18T05:44:20.019+0000] {processor.py:161} INFO - Started process (PID=613) to work on /opt/airflow/dags/02_demo_advanced_patterns.py
[2025-11-18T05:44:20.019+0000] {processor.py:830} INFO - Processing file /opt/airflow/dags/02_demo_advanced_patterns.py for tasks to queue
[2025-11-18T05:44:20.020+0000] {logging_mixin.py:188} INFO - [2025-11-18T05:44:20.020+0000] {dagbag.py:538} INFO - Filling up the DagBag from /opt/airflow/dags/02_demo_advanced_patterns.py
[2025-11-18T05:44:20.130+0000] {logging_mixin.py:188} WARNING - /home/airflow/.local/lib/python3.10/site-packages/airflow/models/baseoperator.py:437 RemovedInAirflow3Warning: provide_context is deprecated as of 2.0 and is no longer required
[2025-11-18T05:44:20.131+0000] {logging_mixin.py:188} WARNING - /home/airflow/.local/lib/python3.10/site-packages/airflow/models/baseoperator.py:437 RemovedInAirflow3Warning: none_failed_or_skipped Trigger Rule is deprecated. Please use `none_failed_min_one_success`.
[2025-11-18T05:44:20.134+0000] {processor.py:840} INFO - DAG(s) '02_demo_advanced_patterns' retrieved from /opt/airflow/dags/02_demo_advanced_patterns.py
[2025-11-18T05:44:20.144+0000] {logging_mixin.py:188} INFO - [2025-11-18T05:44:20.144+0000] {dag.py:3033} INFO - Sync 1 DAGs
[2025-11-18T05:44:20.152+0000] {logging_mixin.py:188} INFO - [2025-11-18T05:44:20.152+0000] {dag.py:3820} INFO - Setting next_dagrun for 02_demo_advanced_patterns to 2025-11-17T00:00:00+00:00, run_after=2025-11-18T00:00:00+00:00
[2025-11-18T05:44:20.159+0000] {processor.py:183} INFO - Processing /opt/airflow/dags/02_demo_advanced_patterns.py took 0.142 seconds
[2025-11-18T05:44:50.309+0000] {processor.py:161} INFO - Started process (PID=616) to work on /opt/airflow/dags/02_demo_advanced_patterns.py
[2025-11-18T05:44:50.310+0000] {processor.py:830} INFO - Processing file /opt/airflow/dags/02_demo_advanced_patterns.py for tasks to queue
[2025-11-18T05:44:50.311+0000] {logging_mixin.py:188} INFO - [2025-11-18T05:44:50.311+0000] {dagbag.py:538} INFO - Filling up the DagBag from /opt/airflow/dags/02_demo_advanced_patterns.py
[2025-11-18T05:44:50.422+0000] {logging_mixin.py:188} WARNING - /home/airflow/.local/lib/python3.10/site-packages/airflow/models/baseoperator.py:437 RemovedInAirflow3Warning: provide_context is deprecated as of 2.0 and is no longer required
[2025-11-18T05:44:50.423+0000] {logging_mixin.py:188} WARNING - /home/airflow/.local/lib/python3.10/site-packages/airflow/models/baseoperator.py:437 RemovedInAirflow3Warning: none_failed_or_skipped Trigger Rule is deprecated. Please use `none_failed_min_one_success`.
[2025-11-18T05:44:50.426+0000] {processor.py:840} INFO - DAG(s) '02_demo_advanced_patterns' retrieved from /opt/airflow/dags/02_demo_advanced_patterns.py
[2025-11-18T05:44:50.436+0000] {logging_mixin.py:188} INFO - [2025-11-18T05:44:50.436+0000] {dag.py:3033} INFO - Sync 1 DAGs
[2025-11-18T05:44:50.445+0000] {logging_mixin.py:188} INFO - [2025-11-18T05:44:50.445+0000] {dag.py:3820} INFO - Setting next_dagrun for 02_demo_advanced_patterns to 2025-11-17T00:00:00+00:00, run_after=2025-11-18T00:00:00+00:00
[2025-11-18T05:44:50.452+0000] {processor.py:183} INFO - Processing /opt/airflow/dags/02_demo_advanced_patterns.py took 0.145 seconds
[2025-11-18T05:45:20.562+0000] {processor.py:161} INFO - Started process (PID=619) to work on /opt/airflow/dags/02_demo_advanced_patterns.py
[2025-11-18T05:45:20.563+0000] {processor.py:830} INFO - Processing file /opt/airflow/dags/02_demo_advanced_patterns.py for tasks to queue
[2025-11-18T05:45:20.564+0000] {logging_mixin.py:188} INFO - [2025-11-18T05:45:20.564+0000] {dagbag.py:538} INFO - Filling up the DagBag from /opt/airflow/dags/02_demo_advanced_patterns.py
[2025-11-18T05:45:20.677+0000] {logging_mixin.py:188} WARNING - /home/airflow/.local/lib/python3.10/site-packages/airflow/models/baseoperator.py:437 RemovedInAirflow3Warning: provide_context is deprecated as of 2.0 and is no longer required
[2025-11-18T05:45:20.677+0000] {logging_mixin.py:188} WARNING - /home/airflow/.local/lib/python3.10/site-packages/airflow/models/baseoperator.py:437 RemovedInAirflow3Warning: none_failed_or_skipped Trigger Rule is deprecated. Please use `none_failed_min_one_success`.
[2025-11-18T05:45:20.680+0000] {processor.py:840} INFO - DAG(s) '02_demo_advanced_patterns' retrieved from /opt/airflow/dags/02_demo_advanced_patterns.py
[2025-11-18T05:45:20.692+0000] {logging_mixin.py:188} INFO - [2025-11-18T05:45:20.692+0000] {dag.py:3033} INFO - Sync 1 DAGs
[2025-11-18T05:45:20.701+0000] {logging_mixin.py:188} INFO - [2025-11-18T05:45:20.701+0000] {dag.py:3820} INFO - Setting next_dagrun for 02_demo_advanced_patterns to 2025-11-17T00:00:00+00:00, run_after=2025-11-18T00:00:00+00:00
[2025-11-18T05:45:20.708+0000] {processor.py:183} INFO - Processing /opt/airflow/dags/02_demo_advanced_patterns.py took 0.148 seconds
[2025-11-18T05:45:50.855+0000] {processor.py:161} INFO - Started process (PID=622) to work on /opt/airflow/dags/02_demo_advanced_patterns.py
[2025-11-18T05:45:50.856+0000] {processor.py:830} INFO - Processing file /opt/airflow/dags/02_demo_advanced_patterns.py for tasks to queue
[2025-11-18T05:45:50.857+0000] {logging_mixin.py:188} INFO - [2025-11-18T05:45:50.857+0000] {dagbag.py:538} INFO - Filling up the DagBag from /opt/airflow/dags/02_demo_advanced_patterns.py
[2025-11-18T05:45:50.967+0000] {logging_mixin.py:188} WARNING - /home/airflow/.local/lib/python3.10/site-packages/airflow/models/baseoperator.py:437 RemovedInAirflow3Warning: provide_context is deprecated as of 2.0 and is no longer required
[2025-11-18T05:45:50.968+0000] {logging_mixin.py:188} WARNING - /home/airflow/.local/lib/python3.10/site-packages/airflow/models/baseoperator.py:437 RemovedInAirflow3Warning: none_failed_or_skipped Trigger Rule is deprecated. Please use `none_failed_min_one_success`.
[2025-11-18T05:45:50.970+0000] {processor.py:840} INFO - DAG(s) '02_demo_advanced_patterns' retrieved from /opt/airflow/dags/02_demo_advanced_patterns.py
[2025-11-18T05:45:50.981+0000] {logging_mixin.py:188} INFO - [2025-11-18T05:45:50.981+0000] {dag.py:3033} INFO - Sync 1 DAGs
[2025-11-18T05:45:50.990+0000] {logging_mixin.py:188} INFO - [2025-11-18T05:45:50.989+0000] {dag.py:3820} INFO - Setting next_dagrun for 02_demo_advanced_patterns to 2025-11-17T00:00:00+00:00, run_after=2025-11-18T00:00:00+00:00
[2025-11-18T05:45:50.997+0000] {processor.py:183} INFO - Processing /opt/airflow/dags/02_demo_advanced_patterns.py took 0.144 seconds
[2025-11-18T05:46:21.146+0000] {processor.py:161} INFO - Started process (PID=625) to work on /opt/airflow/dags/02_demo_advanced_patterns.py
[2025-11-18T05:46:21.147+0000] {processor.py:830} INFO - Processing file /opt/airflow/dags/02_demo_advanced_patterns.py for tasks to queue
[2025-11-18T05:46:21.148+0000] {logging_mixin.py:188} INFO - [2025-11-18T05:46:21.148+0000] {dagbag.py:538} INFO - Filling up the DagBag from /opt/airflow/dags/02_demo_advanced_patterns.py
[2025-11-18T05:46:21.260+0000] {logging_mixin.py:188} WARNING - /home/airflow/.local/lib/python3.10/site-packages/airflow/models/baseoperator.py:437 RemovedInAirflow3Warning: provide_context is deprecated as of 2.0 and is no longer required
[2025-11-18T05:46:21.260+0000] {logging_mixin.py:188} WARNING - /home/airflow/.local/lib/python3.10/site-packages/airflow/models/baseoperator.py:437 RemovedInAirflow3Warning: none_failed_or_skipped Trigger Rule is deprecated. Please use `none_failed_min_one_success`.
[2025-11-18T05:46:21.263+0000] {processor.py:840} INFO - DAG(s) '02_demo_advanced_patterns' retrieved from /opt/airflow/dags/02_demo_advanced_patterns.py
[2025-11-18T05:46:21.273+0000] {logging_mixin.py:188} INFO - [2025-11-18T05:46:21.273+0000] {dag.py:3033} INFO - Sync 1 DAGs
[2025-11-18T05:46:21.282+0000] {logging_mixin.py:188} INFO - [2025-11-18T05:46:21.282+0000] {dag.py:3820} INFO - Setting next_dagrun for 02_demo_advanced_patterns to 2025-11-17T00:00:00+00:00, run_after=2025-11-18T00:00:00+00:00
[2025-11-18T05:46:21.289+0000] {processor.py:183} INFO - Processing /opt/airflow/dags/02_demo_advanced_patterns.py took 0.145 seconds
[2025-11-18T05:46:51.439+0000] {processor.py:161} INFO - Started process (PID=628) to work on /opt/airflow/dags/02_demo_advanced_patterns.py
[2025-11-18T05:46:51.440+0000] {processor.py:830} INFO - Processing file /opt/airflow/dags/02_demo_advanced_patterns.py for tasks to queue
[2025-11-18T05:46:51.441+0000] {logging_mixin.py:188} INFO - [2025-11-18T05:46:51.441+0000] {dagbag.py:538} INFO - Filling up the DagBag from /opt/airflow/dags/02_demo_advanced_patterns.py
[2025-11-18T05:46:51.551+0000] {logging_mixin.py:188} WARNING - /home/airflow/.local/lib/python3.10/site-packages/airflow/models/baseoperator.py:437 RemovedInAirflow3Warning: provide_context is deprecated as of 2.0 and is no longer required
[2025-11-18T05:46:51.552+0000] {logging_mixin.py:188} WARNING - /home/airflow/.local/lib/python3.10/site-packages/airflow/models/baseoperator.py:437 RemovedInAirflow3Warning: none_failed_or_skipped Trigger Rule is deprecated. Please use `none_failed_min_one_success`.
[2025-11-18T05:46:51.554+0000] {processor.py:840} INFO - DAG(s) '02_demo_advanced_patterns' retrieved from /opt/airflow/dags/02_demo_advanced_patterns.py
[2025-11-18T05:46:51.565+0000] {logging_mixin.py:188} INFO - [2025-11-18T05:46:51.565+0000] {dag.py:3033} INFO - Sync 1 DAGs
[2025-11-18T05:46:51.574+0000] {logging_mixin.py:188} INFO - [2025-11-18T05:46:51.573+0000] {dag.py:3820} INFO - Setting next_dagrun for 02_demo_advanced_patterns to 2025-11-17T00:00:00+00:00, run_after=2025-11-18T00:00:00+00:00
[2025-11-18T05:46:51.581+0000] {processor.py:183} INFO - Processing /opt/airflow/dags/02_demo_advanced_patterns.py took 0.143 seconds
[2025-11-18T05:47:21.731+0000] {processor.py:161} INFO - Started process (PID=631) to work on /opt/airflow/dags/02_demo_advanced_patterns.py
[2025-11-18T05:47:21.731+0000] {processor.py:830} INFO - Processing file /opt/airflow/dags/02_demo_advanced_patterns.py for tasks to queue
[2025-11-18T05:47:21.732+0000] {logging_mixin.py:188} INFO - [2025-11-18T05:47:21.732+0000] {dagbag.py:538} INFO - Filling up the DagBag from /opt/airflow/dags/02_demo_advanced_patterns.py
[2025-11-18T05:47:21.844+0000] {logging_mixin.py:188} WARNING - /home/airflow/.local/lib/python3.10/site-packages/airflow/models/baseoperator.py:437 RemovedInAirflow3Warning: provide_context is deprecated as of 2.0 and is no longer required
[2025-11-18T05:47:21.845+0000] {logging_mixin.py:188} WARNING - /home/airflow/.local/lib/python3.10/site-packages/airflow/models/baseoperator.py:437 RemovedInAirflow3Warning: none_failed_or_skipped Trigger Rule is deprecated. Please use `none_failed_min_one_success`.
[2025-11-18T05:47:21.847+0000] {processor.py:840} INFO - DAG(s) '02_demo_advanced_patterns' retrieved from /opt/airflow/dags/02_demo_advanced_patterns.py
[2025-11-18T05:47:21.859+0000] {logging_mixin.py:188} INFO - [2025-11-18T05:47:21.859+0000] {dag.py:3033} INFO - Sync 1 DAGs
[2025-11-18T05:47:21.868+0000] {logging_mixin.py:188} INFO - [2025-11-18T05:47:21.868+0000] {dag.py:3820} INFO - Setting next_dagrun for 02_demo_advanced_patterns to 2025-11-17T00:00:00+00:00, run_after=2025-11-18T00:00:00+00:00
[2025-11-18T05:47:21.875+0000] {processor.py:183} INFO - Processing /opt/airflow/dags/02_demo_advanced_patterns.py took 0.146 seconds
[2025-11-18T05:47:52.000+0000] {processor.py:161} INFO - Started process (PID=634) to work on /opt/airflow/dags/02_demo_advanced_patterns.py
[2025-11-18T05:47:52.000+0000] {processor.py:830} INFO - Processing file /opt/airflow/dags/02_demo_advanced_patterns.py for tasks to queue
[2025-11-18T05:47:52.002+0000] {logging_mixin.py:188} INFO - [2025-11-18T05:47:52.001+0000] {dagbag.py:538} INFO - Filling up the DagBag from /opt/airflow/dags/02_demo_advanced_patterns.py
[2025-11-18T05:47:52.113+0000] {logging_mixin.py:188} WARNING - /home/airflow/.local/lib/python3.10/site-packages/airflow/models/baseoperator.py:437 RemovedInAirflow3Warning: provide_context is deprecated as of 2.0 and is no longer required
[2025-11-18T05:47:52.114+0000] {logging_mixin.py:188} WARNING - /home/airflow/.local/lib/python3.10/site-packages/airflow/models/baseoperator.py:437 RemovedInAirflow3Warning: none_failed_or_skipped Trigger Rule is deprecated. Please use `none_failed_min_one_success`.
[2025-11-18T05:47:52.117+0000] {processor.py:840} INFO - DAG(s) '02_demo_advanced_patterns' retrieved from /opt/airflow/dags/02_demo_advanced_patterns.py
[2025-11-18T05:47:52.128+0000] {logging_mixin.py:188} INFO - [2025-11-18T05:47:52.128+0000] {dag.py:3033} INFO - Sync 1 DAGs
[2025-11-18T05:47:52.136+0000] {logging_mixin.py:188} INFO - [2025-11-18T05:47:52.136+0000] {dag.py:3820} INFO - Setting next_dagrun for 02_demo_advanced_patterns to 2025-11-17T00:00:00+00:00, run_after=2025-11-18T00:00:00+00:00
[2025-11-18T05:47:52.143+0000] {processor.py:183} INFO - Processing /opt/airflow/dags/02_demo_advanced_patterns.py took 0.146 seconds
[2025-11-18T05:48:22.296+0000] {processor.py:161} INFO - Started process (PID=637) to work on /opt/airflow/dags/02_demo_advanced_patterns.py
[2025-11-18T05:48:22.297+0000] {processor.py:830} INFO - Processing file /opt/airflow/dags/02_demo_advanced_patterns.py for tasks to queue
[2025-11-18T05:48:22.298+0000] {logging_mixin.py:188} INFO - [2025-11-18T05:48:22.298+0000] {dagbag.py:538} INFO - Filling up the DagBag from /opt/airflow/dags/02_demo_advanced_patterns.py
[2025-11-18T05:48:22.416+0000] {logging_mixin.py:188} WARNING - /home/airflow/.local/lib/python3.10/site-packages/airflow/models/baseoperator.py:437 RemovedInAirflow3Warning: provide_context is deprecated as of 2.0 and is no longer required
[2025-11-18T05:48:22.417+0000] {logging_mixin.py:188} WARNING - /home/airflow/.local/lib/python3.10/site-packages/airflow/models/baseoperator.py:437 RemovedInAirflow3Warning: none_failed_or_skipped Trigger Rule is deprecated. Please use `none_failed_min_one_success`.
[2025-11-18T05:48:22.419+0000] {processor.py:840} INFO - DAG(s) '02_demo_advanced_patterns' retrieved from /opt/airflow/dags/02_demo_advanced_patterns.py
[2025-11-18T05:48:22.430+0000] {logging_mixin.py:188} INFO - [2025-11-18T05:48:22.430+0000] {dag.py:3033} INFO - Sync 1 DAGs
[2025-11-18T05:48:22.438+0000] {logging_mixin.py:188} INFO - [2025-11-18T05:48:22.438+0000] {dag.py:3820} INFO - Setting next_dagrun for 02_demo_advanced_patterns to 2025-11-17T00:00:00+00:00, run_after=2025-11-18T00:00:00+00:00
[2025-11-18T05:48:22.445+0000] {processor.py:183} INFO - Processing /opt/airflow/dags/02_demo_advanced_patterns.py took 0.151 seconds
[2025-11-18T05:48:52.613+0000] {processor.py:161} INFO - Started process (PID=640) to work on /opt/airflow/dags/02_demo_advanced_patterns.py
[2025-11-18T05:48:52.615+0000] {processor.py:830} INFO - Processing file /opt/airflow/dags/02_demo_advanced_patterns.py for tasks to queue
[2025-11-18T05:48:52.616+0000] {logging_mixin.py:188} INFO - [2025-11-18T05:48:52.616+0000] {dagbag.py:538} INFO - Filling up the DagBag from /opt/airflow/dags/02_demo_advanced_patterns.py
[2025-11-18T05:48:52.736+0000] {logging_mixin.py:188} WARNING - /home/airflow/.local/lib/python3.10/site-packages/airflow/models/baseoperator.py:437 RemovedInAirflow3Warning: provide_context is deprecated as of 2.0 and is no longer required
[2025-11-18T05:48:52.737+0000] {logging_mixin.py:188} WARNING - /home/airflow/.local/lib/python3.10/site-packages/airflow/models/baseoperator.py:437 RemovedInAirflow3Warning: none_failed_or_skipped Trigger Rule is deprecated. Please use `none_failed_min_one_success`.
[2025-11-18T05:48:52.740+0000] {processor.py:840} INFO - DAG(s) '02_demo_advanced_patterns' retrieved from /opt/airflow/dags/02_demo_advanced_patterns.py
[2025-11-18T05:48:52.752+0000] {logging_mixin.py:188} INFO - [2025-11-18T05:48:52.752+0000] {dag.py:3033} INFO - Sync 1 DAGs
[2025-11-18T05:48:52.761+0000] {logging_mixin.py:188} INFO - [2025-11-18T05:48:52.761+0000] {dag.py:3820} INFO - Setting next_dagrun for 02_demo_advanced_patterns to 2025-11-17T00:00:00+00:00, run_after=2025-11-18T00:00:00+00:00
[2025-11-18T05:48:52.769+0000] {processor.py:183} INFO - Processing /opt/airflow/dags/02_demo_advanced_patterns.py took 0.157 seconds
[2025-11-18T05:49:22.900+0000] {processor.py:161} INFO - Started process (PID=643) to work on /opt/airflow/dags/02_demo_advanced_patterns.py
[2025-11-18T05:49:22.901+0000] {processor.py:830} INFO - Processing file /opt/airflow/dags/02_demo_advanced_patterns.py for tasks to queue
[2025-11-18T05:49:22.902+0000] {logging_mixin.py:188} INFO - [2025-11-18T05:49:22.902+0000] {dagbag.py:538} INFO - Filling up the DagBag from /opt/airflow/dags/02_demo_advanced_patterns.py
[2025-11-18T05:49:23.013+0000] {logging_mixin.py:188} WARNING - /home/airflow/.local/lib/python3.10/site-packages/airflow/models/baseoperator.py:437 RemovedInAirflow3Warning: provide_context is deprecated as of 2.0 and is no longer required
[2025-11-18T05:49:23.014+0000] {logging_mixin.py:188} WARNING - /home/airflow/.local/lib/python3.10/site-packages/airflow/models/baseoperator.py:437 RemovedInAirflow3Warning: none_failed_or_skipped Trigger Rule is deprecated. Please use `none_failed_min_one_success`.
[2025-11-18T05:49:23.016+0000] {processor.py:840} INFO - DAG(s) '02_demo_advanced_patterns' retrieved from /opt/airflow/dags/02_demo_advanced_patterns.py
[2025-11-18T05:49:23.026+0000] {logging_mixin.py:188} INFO - [2025-11-18T05:49:23.026+0000] {dag.py:3033} INFO - Sync 1 DAGs
[2025-11-18T05:49:23.035+0000] {logging_mixin.py:188} INFO - [2025-11-18T05:49:23.035+0000] {dag.py:3820} INFO - Setting next_dagrun for 02_demo_advanced_patterns to 2025-11-17T00:00:00+00:00, run_after=2025-11-18T00:00:00+00:00
[2025-11-18T05:49:23.041+0000] {processor.py:183} INFO - Processing /opt/airflow/dags/02_demo_advanced_patterns.py took 0.143 seconds
[2025-11-18T05:49:53.195+0000] {processor.py:161} INFO - Started process (PID=646) to work on /opt/airflow/dags/02_demo_advanced_patterns.py
[2025-11-18T05:49:53.195+0000] {processor.py:830} INFO - Processing file /opt/airflow/dags/02_demo_advanced_patterns.py for tasks to queue
[2025-11-18T05:49:53.197+0000] {logging_mixin.py:188} INFO - [2025-11-18T05:49:53.196+0000] {dagbag.py:538} INFO - Filling up the DagBag from /opt/airflow/dags/02_demo_advanced_patterns.py
[2025-11-18T05:49:53.310+0000] {logging_mixin.py:188} WARNING - /home/airflow/.local/lib/python3.10/site-packages/airflow/models/baseoperator.py:437 RemovedInAirflow3Warning: provide_context is deprecated as of 2.0 and is no longer required
[2025-11-18T05:49:53.311+0000] {logging_mixin.py:188} WARNING - /home/airflow/.local/lib/python3.10/site-packages/airflow/models/baseoperator.py:437 RemovedInAirflow3Warning: none_failed_or_skipped Trigger Rule is deprecated. Please use `none_failed_min_one_success`.
[2025-11-18T05:49:53.313+0000] {processor.py:840} INFO - DAG(s) '02_demo_advanced_patterns' retrieved from /opt/airflow/dags/02_demo_advanced_patterns.py
[2025-11-18T05:49:53.326+0000] {logging_mixin.py:188} INFO - [2025-11-18T05:49:53.326+0000] {dag.py:3033} INFO - Sync 1 DAGs
[2025-11-18T05:49:53.335+0000] {logging_mixin.py:188} INFO - [2025-11-18T05:49:53.335+0000] {dag.py:3820} INFO - Setting next_dagrun for 02_demo_advanced_patterns to 2025-11-17T00:00:00+00:00, run_after=2025-11-18T00:00:00+00:00
[2025-11-18T05:49:53.343+0000] {processor.py:183} INFO - Processing /opt/airflow/dags/02_demo_advanced_patterns.py took 0.150 seconds
[2025-11-18T05:50:23.450+0000] {processor.py:161} INFO - Started process (PID=649) to work on /opt/airflow/dags/02_demo_advanced_patterns.py
[2025-11-18T05:50:23.450+0000] {processor.py:830} INFO - Processing file /opt/airflow/dags/02_demo_advanced_patterns.py for tasks to queue
[2025-11-18T05:50:23.452+0000] {logging_mixin.py:188} INFO - [2025-11-18T05:50:23.452+0000] {dagbag.py:538} INFO - Filling up the DagBag from /opt/airflow/dags/02_demo_advanced_patterns.py
[2025-11-18T05:50:23.570+0000] {logging_mixin.py:188} WARNING - /home/airflow/.local/lib/python3.10/site-packages/airflow/models/baseoperator.py:437 RemovedInAirflow3Warning: provide_context is deprecated as of 2.0 and is no longer required
[2025-11-18T05:50:23.571+0000] {logging_mixin.py:188} WARNING - /home/airflow/.local/lib/python3.10/site-packages/airflow/models/baseoperator.py:437 RemovedInAirflow3Warning: none_failed_or_skipped Trigger Rule is deprecated. Please use `none_failed_min_one_success`.
[2025-11-18T05:50:23.573+0000] {processor.py:840} INFO - DAG(s) '02_demo_advanced_patterns' retrieved from /opt/airflow/dags/02_demo_advanced_patterns.py
[2025-11-18T05:50:23.584+0000] {logging_mixin.py:188} INFO - [2025-11-18T05:50:23.584+0000] {dag.py:3033} INFO - Sync 1 DAGs
[2025-11-18T05:50:23.593+0000] {logging_mixin.py:188} INFO - [2025-11-18T05:50:23.593+0000] {dag.py:3820} INFO - Setting next_dagrun for 02_demo_advanced_patterns to 2025-11-17T00:00:00+00:00, run_after=2025-11-18T00:00:00+00:00
[2025-11-18T05:50:23.600+0000] {processor.py:183} INFO - Processing /opt/airflow/dags/02_demo_advanced_patterns.py took 0.152 seconds
[2025-11-18T05:50:53.753+0000] {processor.py:161} INFO - Started process (PID=652) to work on /opt/airflow/dags/02_demo_advanced_patterns.py
[2025-11-18T05:50:53.757+0000] {processor.py:830} INFO - Processing file /opt/airflow/dags/02_demo_advanced_patterns.py for tasks to queue
[2025-11-18T05:50:53.758+0000] {logging_mixin.py:188} INFO - [2025-11-18T05:50:53.758+0000] {dagbag.py:538} INFO - Filling up the DagBag from /opt/airflow/dags/02_demo_advanced_patterns.py
[2025-11-18T05:50:53.876+0000] {logging_mixin.py:188} WARNING - /home/airflow/.local/lib/python3.10/site-packages/airflow/models/baseoperator.py:437 RemovedInAirflow3Warning: provide_context is deprecated as of 2.0 and is no longer required
[2025-11-18T05:50:53.876+0000] {logging_mixin.py:188} WARNING - /home/airflow/.local/lib/python3.10/site-packages/airflow/models/baseoperator.py:437 RemovedInAirflow3Warning: none_failed_or_skipped Trigger Rule is deprecated. Please use `none_failed_min_one_success`.
[2025-11-18T05:50:53.879+0000] {processor.py:840} INFO - DAG(s) '02_demo_advanced_patterns' retrieved from /opt/airflow/dags/02_demo_advanced_patterns.py
[2025-11-18T05:50:53.889+0000] {logging_mixin.py:188} INFO - [2025-11-18T05:50:53.889+0000] {dag.py:3033} INFO - Sync 1 DAGs
[2025-11-18T05:50:53.899+0000] {logging_mixin.py:188} INFO - [2025-11-18T05:50:53.898+0000] {dag.py:3820} INFO - Setting next_dagrun for 02_demo_advanced_patterns to 2025-11-17T00:00:00+00:00, run_after=2025-11-18T00:00:00+00:00
[2025-11-18T05:50:53.906+0000] {processor.py:183} INFO - Processing /opt/airflow/dags/02_demo_advanced_patterns.py took 0.155 seconds
[2025-11-18T05:51:24.037+0000] {processor.py:161} INFO - Started process (PID=655) to work on /opt/airflow/dags/02_demo_advanced_patterns.py
[2025-11-18T05:51:24.038+0000] {processor.py:830} INFO - Processing file /opt/airflow/dags/02_demo_advanced_patterns.py for tasks to queue
[2025-11-18T05:51:24.039+0000] {logging_mixin.py:188} INFO - [2025-11-18T05:51:24.039+0000] {dagbag.py:538} INFO - Filling up the DagBag from /opt/airflow/dags/02_demo_advanced_patterns.py
[2025-11-18T05:51:24.155+0000] {logging_mixin.py:188} WARNING - /home/airflow/.local/lib/python3.10/site-packages/airflow/models/baseoperator.py:437 RemovedInAirflow3Warning: provide_context is deprecated as of 2.0 and is no longer required
[2025-11-18T05:51:24.156+0000] {logging_mixin.py:188} WARNING - /home/airflow/.local/lib/python3.10/site-packages/airflow/models/baseoperator.py:437 RemovedInAirflow3Warning: none_failed_or_skipped Trigger Rule is deprecated. Please use `none_failed_min_one_success`.
[2025-11-18T05:51:24.158+0000] {processor.py:840} INFO - DAG(s) '02_demo_advanced_patterns' retrieved from /opt/airflow/dags/02_demo_advanced_patterns.py
[2025-11-18T05:51:24.171+0000] {logging_mixin.py:188} INFO - [2025-11-18T05:51:24.170+0000] {dag.py:3033} INFO - Sync 1 DAGs
[2025-11-18T05:51:24.180+0000] {logging_mixin.py:188} INFO - [2025-11-18T05:51:24.180+0000] {dag.py:3820} INFO - Setting next_dagrun for 02_demo_advanced_patterns to 2025-11-17T00:00:00+00:00, run_after=2025-11-18T00:00:00+00:00
[2025-11-18T05:51:24.187+0000] {processor.py:183} INFO - Processing /opt/airflow/dags/02_demo_advanced_patterns.py took 0.152 seconds
[2025-11-18T05:51:54.330+0000] {processor.py:161} INFO - Started process (PID=658) to work on /opt/airflow/dags/02_demo_advanced_patterns.py
[2025-11-18T05:51:54.331+0000] {processor.py:830} INFO - Processing file /opt/airflow/dags/02_demo_advanced_patterns.py for tasks to queue
[2025-11-18T05:51:54.332+0000] {logging_mixin.py:188} INFO - [2025-11-18T05:51:54.332+0000] {dagbag.py:538} INFO - Filling up the DagBag from /opt/airflow/dags/02_demo_advanced_patterns.py
[2025-11-18T05:51:54.451+0000] {logging_mixin.py:188} WARNING - /home/airflow/.local/lib/python3.10/site-packages/airflow/models/baseoperator.py:437 RemovedInAirflow3Warning: provide_context is deprecated as of 2.0 and is no longer required
[2025-11-18T05:51:54.452+0000] {logging_mixin.py:188} WARNING - /home/airflow/.local/lib/python3.10/site-packages/airflow/models/baseoperator.py:437 RemovedInAirflow3Warning: none_failed_or_skipped Trigger Rule is deprecated. Please use `none_failed_min_one_success`.
[2025-11-18T05:51:54.455+0000] {processor.py:840} INFO - DAG(s) '02_demo_advanced_patterns' retrieved from /opt/airflow/dags/02_demo_advanced_patterns.py
[2025-11-18T05:51:54.466+0000] {logging_mixin.py:188} INFO - [2025-11-18T05:51:54.466+0000] {dag.py:3033} INFO - Sync 1 DAGs
[2025-11-18T05:51:54.475+0000] {logging_mixin.py:188} INFO - [2025-11-18T05:51:54.475+0000] {dag.py:3820} INFO - Setting next_dagrun for 02_demo_advanced_patterns to 2025-11-17T00:00:00+00:00, run_after=2025-11-18T00:00:00+00:00
[2025-11-18T05:51:54.484+0000] {processor.py:183} INFO - Processing /opt/airflow/dags/02_demo_advanced_patterns.py took 0.156 seconds
[2025-11-18T05:52:24.625+0000] {processor.py:161} INFO - Started process (PID=661) to work on /opt/airflow/dags/02_demo_advanced_patterns.py
[2025-11-18T05:52:24.626+0000] {processor.py:830} INFO - Processing file /opt/airflow/dags/02_demo_advanced_patterns.py for tasks to queue
[2025-11-18T05:52:24.627+0000] {logging_mixin.py:188} INFO - [2025-11-18T05:52:24.627+0000] {dagbag.py:538} INFO - Filling up the DagBag from /opt/airflow/dags/02_demo_advanced_patterns.py
[2025-11-18T05:52:24.738+0000] {logging_mixin.py:188} WARNING - /home/airflow/.local/lib/python3.10/site-packages/airflow/models/baseoperator.py:437 RemovedInAirflow3Warning: provide_context is deprecated as of 2.0 and is no longer required
[2025-11-18T05:52:24.739+0000] {logging_mixin.py:188} WARNING - /home/airflow/.local/lib/python3.10/site-packages/airflow/models/baseoperator.py:437 RemovedInAirflow3Warning: none_failed_or_skipped Trigger Rule is deprecated. Please use `none_failed_min_one_success`.
[2025-11-18T05:52:24.741+0000] {processor.py:840} INFO - DAG(s) '02_demo_advanced_patterns' retrieved from /opt/airflow/dags/02_demo_advanced_patterns.py
[2025-11-18T05:52:24.752+0000] {logging_mixin.py:188} INFO - [2025-11-18T05:52:24.752+0000] {dag.py:3033} INFO - Sync 1 DAGs
[2025-11-18T05:52:24.762+0000] {logging_mixin.py:188} INFO - [2025-11-18T05:52:24.762+0000] {dag.py:3820} INFO - Setting next_dagrun for 02_demo_advanced_patterns to 2025-11-17T00:00:00+00:00, run_after=2025-11-18T00:00:00+00:00
[2025-11-18T05:52:24.769+0000] {processor.py:183} INFO - Processing /opt/airflow/dags/02_demo_advanced_patterns.py took 0.146 seconds
[2025-11-18T05:52:54.924+0000] {processor.py:161} INFO - Started process (PID=664) to work on /opt/airflow/dags/02_demo_advanced_patterns.py
[2025-11-18T05:52:54.925+0000] {processor.py:830} INFO - Processing file /opt/airflow/dags/02_demo_advanced_patterns.py for tasks to queue
[2025-11-18T05:52:54.926+0000] {logging_mixin.py:188} INFO - [2025-11-18T05:52:54.926+0000] {dagbag.py:538} INFO - Filling up the DagBag from /opt/airflow/dags/02_demo_advanced_patterns.py
[2025-11-18T05:52:55.039+0000] {logging_mixin.py:188} WARNING - /home/airflow/.local/lib/python3.10/site-packages/airflow/models/baseoperator.py:437 RemovedInAirflow3Warning: provide_context is deprecated as of 2.0 and is no longer required
[2025-11-18T05:52:55.040+0000] {logging_mixin.py:188} WARNING - /home/airflow/.local/lib/python3.10/site-packages/airflow/models/baseoperator.py:437 RemovedInAirflow3Warning: none_failed_or_skipped Trigger Rule is deprecated. Please use `none_failed_min_one_success`.
[2025-11-18T05:52:55.042+0000] {processor.py:840} INFO - DAG(s) '02_demo_advanced_patterns' retrieved from /opt/airflow/dags/02_demo_advanced_patterns.py
[2025-11-18T05:52:55.053+0000] {logging_mixin.py:188} INFO - [2025-11-18T05:52:55.053+0000] {dag.py:3033} INFO - Sync 1 DAGs
[2025-11-18T05:52:55.062+0000] {logging_mixin.py:188} INFO - [2025-11-18T05:52:55.062+0000] {dag.py:3820} INFO - Setting next_dagrun for 02_demo_advanced_patterns to 2025-11-17T00:00:00+00:00, run_after=2025-11-18T00:00:00+00:00
[2025-11-18T05:52:55.069+0000] {processor.py:183} INFO - Processing /opt/airflow/dags/02_demo_advanced_patterns.py took 0.147 seconds
[2025-11-18T05:53:25.204+0000] {processor.py:161} INFO - Started process (PID=667) to work on /opt/airflow/dags/02_demo_advanced_patterns.py
[2025-11-18T05:53:25.204+0000] {processor.py:830} INFO - Processing file /opt/airflow/dags/02_demo_advanced_patterns.py for tasks to queue
[2025-11-18T05:53:25.206+0000] {logging_mixin.py:188} INFO - [2025-11-18T05:53:25.205+0000] {dagbag.py:538} INFO - Filling up the DagBag from /opt/airflow/dags/02_demo_advanced_patterns.py
[2025-11-18T05:53:25.317+0000] {logging_mixin.py:188} WARNING - /home/airflow/.local/lib/python3.10/site-packages/airflow/models/baseoperator.py:437 RemovedInAirflow3Warning: provide_context is deprecated as of 2.0 and is no longer required
[2025-11-18T05:53:25.318+0000] {logging_mixin.py:188} WARNING - /home/airflow/.local/lib/python3.10/site-packages/airflow/models/baseoperator.py:437 RemovedInAirflow3Warning: none_failed_or_skipped Trigger Rule is deprecated. Please use `none_failed_min_one_success`.
[2025-11-18T05:53:25.320+0000] {processor.py:840} INFO - DAG(s) '02_demo_advanced_patterns' retrieved from /opt/airflow/dags/02_demo_advanced_patterns.py
[2025-11-18T05:53:25.331+0000] {logging_mixin.py:188} INFO - [2025-11-18T05:53:25.331+0000] {dag.py:3033} INFO - Sync 1 DAGs
[2025-11-18T05:53:25.339+0000] {logging_mixin.py:188} INFO - [2025-11-18T05:53:25.339+0000] {dag.py:3820} INFO - Setting next_dagrun for 02_demo_advanced_patterns to 2025-11-17T00:00:00+00:00, run_after=2025-11-18T00:00:00+00:00
[2025-11-18T05:53:25.346+0000] {processor.py:183} INFO - Processing /opt/airflow/dags/02_demo_advanced_patterns.py took 0.144 seconds
[2025-11-18T05:53:55.505+0000] {processor.py:161} INFO - Started process (PID=670) to work on /opt/airflow/dags/02_demo_advanced_patterns.py
[2025-11-18T05:53:55.505+0000] {processor.py:830} INFO - Processing file /opt/airflow/dags/02_demo_advanced_patterns.py for tasks to queue
[2025-11-18T05:53:55.507+0000] {logging_mixin.py:188} INFO - [2025-11-18T05:53:55.506+0000] {dagbag.py:538} INFO - Filling up the DagBag from /opt/airflow/dags/02_demo_advanced_patterns.py
[2025-11-18T05:53:55.617+0000] {logging_mixin.py:188} WARNING - /home/airflow/.local/lib/python3.10/site-packages/airflow/models/baseoperator.py:437 RemovedInAirflow3Warning: provide_context is deprecated as of 2.0 and is no longer required
[2025-11-18T05:53:55.617+0000] {logging_mixin.py:188} WARNING - /home/airflow/.local/lib/python3.10/site-packages/airflow/models/baseoperator.py:437 RemovedInAirflow3Warning: none_failed_or_skipped Trigger Rule is deprecated. Please use `none_failed_min_one_success`.
[2025-11-18T05:53:55.620+0000] {processor.py:840} INFO - DAG(s) '02_demo_advanced_patterns' retrieved from /opt/airflow/dags/02_demo_advanced_patterns.py
[2025-11-18T05:53:55.631+0000] {logging_mixin.py:188} INFO - [2025-11-18T05:53:55.630+0000] {dag.py:3033} INFO - Sync 1 DAGs
[2025-11-18T05:53:55.639+0000] {logging_mixin.py:188} INFO - [2025-11-18T05:53:55.639+0000] {dag.py:3820} INFO - Setting next_dagrun for 02_demo_advanced_patterns to 2025-11-17T00:00:00+00:00, run_after=2025-11-18T00:00:00+00:00
[2025-11-18T05:53:55.645+0000] {processor.py:183} INFO - Processing /opt/airflow/dags/02_demo_advanced_patterns.py took 0.143 seconds
[2025-11-18T05:54:25.774+0000] {processor.py:161} INFO - Started process (PID=673) to work on /opt/airflow/dags/02_demo_advanced_patterns.py
[2025-11-18T05:54:25.774+0000] {processor.py:830} INFO - Processing file /opt/airflow/dags/02_demo_advanced_patterns.py for tasks to queue
[2025-11-18T05:54:25.776+0000] {logging_mixin.py:188} INFO - [2025-11-18T05:54:25.775+0000] {dagbag.py:538} INFO - Filling up the DagBag from /opt/airflow/dags/02_demo_advanced_patterns.py
[2025-11-18T05:54:25.894+0000] {logging_mixin.py:188} WARNING - /home/airflow/.local/lib/python3.10/site-packages/airflow/models/baseoperator.py:437 RemovedInAirflow3Warning: provide_context is deprecated as of 2.0 and is no longer required
[2025-11-18T05:54:25.895+0000] {logging_mixin.py:188} WARNING - /home/airflow/.local/lib/python3.10/site-packages/airflow/models/baseoperator.py:437 RemovedInAirflow3Warning: none_failed_or_skipped Trigger Rule is deprecated. Please use `none_failed_min_one_success`.
[2025-11-18T05:54:25.897+0000] {processor.py:840} INFO - DAG(s) '02_demo_advanced_patterns' retrieved from /opt/airflow/dags/02_demo_advanced_patterns.py
[2025-11-18T05:54:25.908+0000] {logging_mixin.py:188} INFO - [2025-11-18T05:54:25.908+0000] {dag.py:3033} INFO - Sync 1 DAGs
[2025-11-18T05:54:25.918+0000] {logging_mixin.py:188} INFO - [2025-11-18T05:54:25.918+0000] {dag.py:3820} INFO - Setting next_dagrun for 02_demo_advanced_patterns to 2025-11-17T00:00:00+00:00, run_after=2025-11-18T00:00:00+00:00
[2025-11-18T05:54:25.924+0000] {processor.py:183} INFO - Processing /opt/airflow/dags/02_demo_advanced_patterns.py took 0.153 seconds
[2025-11-18T05:54:56.078+0000] {processor.py:161} INFO - Started process (PID=676) to work on /opt/airflow/dags/02_demo_advanced_patterns.py
[2025-11-18T05:54:56.078+0000] {processor.py:830} INFO - Processing file /opt/airflow/dags/02_demo_advanced_patterns.py for tasks to queue
[2025-11-18T05:54:56.080+0000] {logging_mixin.py:188} INFO - [2025-11-18T05:54:56.080+0000] {dagbag.py:538} INFO - Filling up the DagBag from /opt/airflow/dags/02_demo_advanced_patterns.py
[2025-11-18T05:54:56.199+0000] {logging_mixin.py:188} WARNING - /home/airflow/.local/lib/python3.10/site-packages/airflow/models/baseoperator.py:437 RemovedInAirflow3Warning: provide_context is deprecated as of 2.0 and is no longer required
[2025-11-18T05:54:56.200+0000] {logging_mixin.py:188} WARNING - /home/airflow/.local/lib/python3.10/site-packages/airflow/models/baseoperator.py:437 RemovedInAirflow3Warning: none_failed_or_skipped Trigger Rule is deprecated. Please use `none_failed_min_one_success`.
[2025-11-18T05:54:56.202+0000] {processor.py:840} INFO - DAG(s) '02_demo_advanced_patterns' retrieved from /opt/airflow/dags/02_demo_advanced_patterns.py
[2025-11-18T05:54:56.214+0000] {logging_mixin.py:188} INFO - [2025-11-18T05:54:56.214+0000] {dag.py:3033} INFO - Sync 1 DAGs
[2025-11-18T05:54:56.223+0000] {logging_mixin.py:188} INFO - [2025-11-18T05:54:56.223+0000] {dag.py:3820} INFO - Setting next_dagrun for 02_demo_advanced_patterns to 2025-11-17T00:00:00+00:00, run_after=2025-11-18T00:00:00+00:00
[2025-11-18T05:54:56.230+0000] {processor.py:183} INFO - Processing /opt/airflow/dags/02_demo_advanced_patterns.py took 0.155 seconds
[2025-11-18T05:55:26.378+0000] {processor.py:161} INFO - Started process (PID=679) to work on /opt/airflow/dags/02_demo_advanced_patterns.py
[2025-11-18T05:55:26.378+0000] {processor.py:830} INFO - Processing file /opt/airflow/dags/02_demo_advanced_patterns.py for tasks to queue
[2025-11-18T05:55:26.380+0000] {logging_mixin.py:188} INFO - [2025-11-18T05:55:26.380+0000] {dagbag.py:538} INFO - Filling up the DagBag from /opt/airflow/dags/02_demo_advanced_patterns.py
[2025-11-18T05:55:26.491+0000] {logging_mixin.py:188} WARNING - /home/airflow/.local/lib/python3.10/site-packages/airflow/models/baseoperator.py:437 RemovedInAirflow3Warning: provide_context is deprecated as of 2.0 and is no longer required
[2025-11-18T05:55:26.491+0000] {logging_mixin.py:188} WARNING - /home/airflow/.local/lib/python3.10/site-packages/airflow/models/baseoperator.py:437 RemovedInAirflow3Warning: none_failed_or_skipped Trigger Rule is deprecated. Please use `none_failed_min_one_success`.
[2025-11-18T05:55:26.494+0000] {processor.py:840} INFO - DAG(s) '02_demo_advanced_patterns' retrieved from /opt/airflow/dags/02_demo_advanced_patterns.py
[2025-11-18T05:55:26.504+0000] {logging_mixin.py:188} INFO - [2025-11-18T05:55:26.504+0000] {dag.py:3033} INFO - Sync 1 DAGs
[2025-11-18T05:55:26.512+0000] {logging_mixin.py:188} INFO - [2025-11-18T05:55:26.512+0000] {dag.py:3820} INFO - Setting next_dagrun for 02_demo_advanced_patterns to 2025-11-17T00:00:00+00:00, run_after=2025-11-18T00:00:00+00:00
[2025-11-18T05:55:26.519+0000] {processor.py:183} INFO - Processing /opt/airflow/dags/02_demo_advanced_patterns.py took 0.143 seconds
[2025-11-18T05:55:56.672+0000] {processor.py:161} INFO - Started process (PID=682) to work on /opt/airflow/dags/02_demo_advanced_patterns.py
[2025-11-18T05:55:56.672+0000] {processor.py:830} INFO - Processing file /opt/airflow/dags/02_demo_advanced_patterns.py for tasks to queue
[2025-11-18T05:55:56.673+0000] {logging_mixin.py:188} INFO - [2025-11-18T05:55:56.673+0000] {dagbag.py:538} INFO - Filling up the DagBag from /opt/airflow/dags/02_demo_advanced_patterns.py
[2025-11-18T05:55:56.786+0000] {logging_mixin.py:188} WARNING - /home/airflow/.local/lib/python3.10/site-packages/airflow/models/baseoperator.py:437 RemovedInAirflow3Warning: provide_context is deprecated as of 2.0 and is no longer required
[2025-11-18T05:55:56.787+0000] {logging_mixin.py:188} WARNING - /home/airflow/.local/lib/python3.10/site-packages/airflow/models/baseoperator.py:437 RemovedInAirflow3Warning: none_failed_or_skipped Trigger Rule is deprecated. Please use `none_failed_min_one_success`.
[2025-11-18T05:55:56.789+0000] {processor.py:840} INFO - DAG(s) '02_demo_advanced_patterns' retrieved from /opt/airflow/dags/02_demo_advanced_patterns.py
[2025-11-18T05:55:56.800+0000] {logging_mixin.py:188} INFO - [2025-11-18T05:55:56.799+0000] {dag.py:3033} INFO - Sync 1 DAGs
[2025-11-18T05:55:56.808+0000] {logging_mixin.py:188} INFO - [2025-11-18T05:55:56.808+0000] {dag.py:3820} INFO - Setting next_dagrun for 02_demo_advanced_patterns to 2025-11-17T00:00:00+00:00, run_after=2025-11-18T00:00:00+00:00
[2025-11-18T05:55:56.815+0000] {processor.py:183} INFO - Processing /opt/airflow/dags/02_demo_advanced_patterns.py took 0.146 seconds
[2025-11-18T06:44:25.773+0000] {processor.py:161} INFO - Started process (PID=685) to work on /opt/airflow/dags/02_demo_advanced_patterns.py
[2025-11-18T06:44:25.774+0000] {processor.py:830} INFO - Processing file /opt/airflow/dags/02_demo_advanced_patterns.py for tasks to queue
[2025-11-18T06:44:25.776+0000] {logging_mixin.py:188} INFO - [2025-11-18T06:44:25.776+0000] {dagbag.py:538} INFO - Filling up the DagBag from /opt/airflow/dags/02_demo_advanced_patterns.py
[2025-11-18T06:44:25.901+0000] {logging_mixin.py:188} WARNING - /home/airflow/.local/lib/python3.10/site-packages/airflow/models/baseoperator.py:437 RemovedInAirflow3Warning: provide_context is deprecated as of 2.0 and is no longer required
[2025-11-18T06:44:25.902+0000] {logging_mixin.py:188} WARNING - /home/airflow/.local/lib/python3.10/site-packages/airflow/models/baseoperator.py:437 RemovedInAirflow3Warning: none_failed_or_skipped Trigger Rule is deprecated. Please use `none_failed_min_one_success`.
[2025-11-18T06:44:25.905+0000] {processor.py:840} INFO - DAG(s) '02_demo_advanced_patterns' retrieved from /opt/airflow/dags/02_demo_advanced_patterns.py
[2025-11-18T06:44:25.917+0000] {logging_mixin.py:188} INFO - [2025-11-18T06:44:25.917+0000] {dag.py:3033} INFO - Sync 1 DAGs
[2025-11-18T06:44:25.929+0000] {logging_mixin.py:188} INFO - [2025-11-18T06:44:25.929+0000] {dag.py:3820} INFO - Setting next_dagrun for 02_demo_advanced_patterns to 2025-11-17T00:00:00+00:00, run_after=2025-11-18T00:00:00+00:00
[2025-11-18T06:44:25.938+0000] {processor.py:183} INFO - Processing /opt/airflow/dags/02_demo_advanced_patterns.py took 0.167 seconds
[2025-11-18T07:53:41.498+0000] {processor.py:161} INFO - Started process (PID=688) to work on /opt/airflow/dags/02_demo_advanced_patterns.py
[2025-11-18T07:53:41.500+0000] {processor.py:830} INFO - Processing file /opt/airflow/dags/02_demo_advanced_patterns.py for tasks to queue
[2025-11-18T07:53:41.504+0000] {logging_mixin.py:188} INFO - [2025-11-18T07:53:41.504+0000] {dagbag.py:538} INFO - Filling up the DagBag from /opt/airflow/dags/02_demo_advanced_patterns.py
[2025-11-18T07:53:41.649+0000] {logging_mixin.py:188} WARNING - /home/airflow/.local/lib/python3.10/site-packages/airflow/models/baseoperator.py:437 RemovedInAirflow3Warning: provide_context is deprecated as of 2.0 and is no longer required
[2025-11-18T07:53:41.650+0000] {logging_mixin.py:188} WARNING - /home/airflow/.local/lib/python3.10/site-packages/airflow/models/baseoperator.py:437 RemovedInAirflow3Warning: none_failed_or_skipped Trigger Rule is deprecated. Please use `none_failed_min_one_success`.
[2025-11-18T07:53:41.652+0000] {processor.py:840} INFO - DAG(s) '02_demo_advanced_patterns' retrieved from /opt/airflow/dags/02_demo_advanced_patterns.py
[2025-11-18T07:53:41.667+0000] {logging_mixin.py:188} INFO - [2025-11-18T07:53:41.667+0000] {dag.py:3033} INFO - Sync 1 DAGs
[2025-11-18T07:53:41.679+0000] {logging_mixin.py:188} INFO - [2025-11-18T07:53:41.679+0000] {dag.py:3820} INFO - Setting next_dagrun for 02_demo_advanced_patterns to 2025-11-17T00:00:00+00:00, run_after=2025-11-18T00:00:00+00:00
[2025-11-18T07:53:41.687+0000] {processor.py:183} INFO - Processing /opt/airflow/dags/02_demo_advanced_patterns.py took 0.191 seconds
[2025-11-18T08:57:46.390+0000] {processor.py:161} INFO - Started process (PID=691) to work on /opt/airflow/dags/02_demo_advanced_patterns.py
[2025-11-18T08:57:46.404+0000] {processor.py:830} INFO - Processing file /opt/airflow/dags/02_demo_advanced_patterns.py for tasks to queue
[2025-11-18T08:57:46.411+0000] {logging_mixin.py:188} INFO - [2025-11-18T08:57:46.409+0000] {dagbag.py:538} INFO - Filling up the DagBag from /opt/airflow/dags/02_demo_advanced_patterns.py
[2025-11-18T08:57:47.155+0000] {logging_mixin.py:188} WARNING - /home/airflow/.local/lib/python3.10/site-packages/airflow/models/baseoperator.py:437 RemovedInAirflow3Warning: provide_context is deprecated as of 2.0 and is no longer required
[2025-11-18T08:57:47.159+0000] {logging_mixin.py:188} WARNING - /home/airflow/.local/lib/python3.10/site-packages/airflow/models/baseoperator.py:437 RemovedInAirflow3Warning: none_failed_or_skipped Trigger Rule is deprecated. Please use `none_failed_min_one_success`.
[2025-11-18T08:57:47.169+0000] {processor.py:840} INFO - DAG(s) '02_demo_advanced_patterns' retrieved from /opt/airflow/dags/02_demo_advanced_patterns.py
[2025-11-18T08:57:47.237+0000] {logging_mixin.py:188} INFO - [2025-11-18T08:57:47.237+0000] {dag.py:3033} INFO - Sync 1 DAGs
[2025-11-18T08:57:47.273+0000] {logging_mixin.py:188} INFO - [2025-11-18T08:57:47.273+0000] {dag.py:3820} INFO - Setting next_dagrun for 02_demo_advanced_patterns to 2025-11-17T00:00:00+00:00, run_after=2025-11-18T00:00:00+00:00
[2025-11-18T08:57:47.327+0000] {processor.py:183} INFO - Processing /opt/airflow/dags/02_demo_advanced_patterns.py took 0.956 seconds
[2025-11-18T09:24:42.771+0000] {processor.py:161} INFO - Started process (PID=694) to work on /opt/airflow/dags/02_demo_advanced_patterns.py
[2025-11-18T09:24:42.772+0000] {processor.py:830} INFO - Processing file /opt/airflow/dags/02_demo_advanced_patterns.py for tasks to queue
[2025-11-18T09:24:42.774+0000] {logging_mixin.py:188} INFO - [2025-11-18T09:24:42.773+0000] {dagbag.py:538} INFO - Filling up the DagBag from /opt/airflow/dags/02_demo_advanced_patterns.py
[2025-11-18T09:24:42.886+0000] {logging_mixin.py:188} WARNING - /home/airflow/.local/lib/python3.10/site-packages/airflow/models/baseoperator.py:437 RemovedInAirflow3Warning: provide_context is deprecated as of 2.0 and is no longer required
[2025-11-18T09:24:42.887+0000] {logging_mixin.py:188} WARNING - /home/airflow/.local/lib/python3.10/site-packages/airflow/models/baseoperator.py:437 RemovedInAirflow3Warning: none_failed_or_skipped Trigger Rule is deprecated. Please use `none_failed_min_one_success`.
[2025-11-18T09:24:42.889+0000] {processor.py:840} INFO - DAG(s) '02_demo_advanced_patterns' retrieved from /opt/airflow/dags/02_demo_advanced_patterns.py
[2025-11-18T09:24:42.901+0000] {logging_mixin.py:188} INFO - [2025-11-18T09:24:42.901+0000] {dag.py:3033} INFO - Sync 1 DAGs
[2025-11-18T09:24:42.910+0000] {logging_mixin.py:188} INFO - [2025-11-18T09:24:42.910+0000] {dag.py:3820} INFO - Setting next_dagrun for 02_demo_advanced_patterns to 2025-11-17T00:00:00+00:00, run_after=2025-11-18T00:00:00+00:00
[2025-11-18T09:24:42.918+0000] {processor.py:183} INFO - Processing /opt/airflow/dags/02_demo_advanced_patterns.py took 0.148 seconds
[2025-11-18T09:25:13.089+0000] {processor.py:161} INFO - Started process (PID=697) to work on /opt/airflow/dags/02_demo_advanced_patterns.py
[2025-11-18T09:25:13.090+0000] {processor.py:830} INFO - Processing file /opt/airflow/dags/02_demo_advanced_patterns.py for tasks to queue
[2025-11-18T09:25:13.092+0000] {logging_mixin.py:188} INFO - [2025-11-18T09:25:13.091+0000] {dagbag.py:538} INFO - Filling up the DagBag from /opt/airflow/dags/02_demo_advanced_patterns.py
[2025-11-18T09:25:13.211+0000] {logging_mixin.py:188} WARNING - /home/airflow/.local/lib/python3.10/site-packages/airflow/models/baseoperator.py:437 RemovedInAirflow3Warning: provide_context is deprecated as of 2.0 and is no longer required
[2025-11-18T09:25:13.212+0000] {logging_mixin.py:188} WARNING - /home/airflow/.local/lib/python3.10/site-packages/airflow/models/baseoperator.py:437 RemovedInAirflow3Warning: none_failed_or_skipped Trigger Rule is deprecated. Please use `none_failed_min_one_success`.
[2025-11-18T09:25:13.215+0000] {processor.py:840} INFO - DAG(s) '02_demo_advanced_patterns' retrieved from /opt/airflow/dags/02_demo_advanced_patterns.py
[2025-11-18T09:25:13.228+0000] {logging_mixin.py:188} INFO - [2025-11-18T09:25:13.227+0000] {dag.py:3033} INFO - Sync 1 DAGs
[2025-11-18T09:25:13.237+0000] {logging_mixin.py:188} INFO - [2025-11-18T09:25:13.237+0000] {dag.py:3820} INFO - Setting next_dagrun for 02_demo_advanced_patterns to 2025-11-17T00:00:00+00:00, run_after=2025-11-18T00:00:00+00:00
[2025-11-18T09:25:13.244+0000] {processor.py:183} INFO - Processing /opt/airflow/dags/02_demo_advanced_patterns.py took 0.157 seconds
[2025-11-18T09:25:43.392+0000] {processor.py:161} INFO - Started process (PID=700) to work on /opt/airflow/dags/02_demo_advanced_patterns.py
[2025-11-18T09:25:43.392+0000] {processor.py:830} INFO - Processing file /opt/airflow/dags/02_demo_advanced_patterns.py for tasks to queue
[2025-11-18T09:25:43.394+0000] {logging_mixin.py:188} INFO - [2025-11-18T09:25:43.394+0000] {dagbag.py:538} INFO - Filling up the DagBag from /opt/airflow/dags/02_demo_advanced_patterns.py
[2025-11-18T09:25:43.504+0000] {logging_mixin.py:188} WARNING - /home/airflow/.local/lib/python3.10/site-packages/airflow/models/baseoperator.py:437 RemovedInAirflow3Warning: provide_context is deprecated as of 2.0 and is no longer required
[2025-11-18T09:25:43.505+0000] {logging_mixin.py:188} WARNING - /home/airflow/.local/lib/python3.10/site-packages/airflow/models/baseoperator.py:437 RemovedInAirflow3Warning: none_failed_or_skipped Trigger Rule is deprecated. Please use `none_failed_min_one_success`.
[2025-11-18T09:25:43.507+0000] {processor.py:840} INFO - DAG(s) '02_demo_advanced_patterns' retrieved from /opt/airflow/dags/02_demo_advanced_patterns.py
[2025-11-18T09:25:43.518+0000] {logging_mixin.py:188} INFO - [2025-11-18T09:25:43.518+0000] {dag.py:3033} INFO - Sync 1 DAGs
[2025-11-18T09:25:43.527+0000] {logging_mixin.py:188} INFO - [2025-11-18T09:25:43.527+0000] {dag.py:3820} INFO - Setting next_dagrun for 02_demo_advanced_patterns to 2025-11-17T00:00:00+00:00, run_after=2025-11-18T00:00:00+00:00
[2025-11-18T09:25:43.535+0000] {processor.py:183} INFO - Processing /opt/airflow/dags/02_demo_advanced_patterns.py took 0.145 seconds
[2025-11-18T09:26:13.682+0000] {processor.py:161} INFO - Started process (PID=703) to work on /opt/airflow/dags/02_demo_advanced_patterns.py
[2025-11-18T09:26:13.683+0000] {processor.py:830} INFO - Processing file /opt/airflow/dags/02_demo_advanced_patterns.py for tasks to queue
[2025-11-18T09:26:13.684+0000] {logging_mixin.py:188} INFO - [2025-11-18T09:26:13.684+0000] {dagbag.py:538} INFO - Filling up the DagBag from /opt/airflow/dags/02_demo_advanced_patterns.py
[2025-11-18T09:26:13.792+0000] {logging_mixin.py:188} WARNING - /home/airflow/.local/lib/python3.10/site-packages/airflow/models/baseoperator.py:437 RemovedInAirflow3Warning: provide_context is deprecated as of 2.0 and is no longer required
[2025-11-18T09:26:13.793+0000] {logging_mixin.py:188} WARNING - /home/airflow/.local/lib/python3.10/site-packages/airflow/models/baseoperator.py:437 RemovedInAirflow3Warning: none_failed_or_skipped Trigger Rule is deprecated. Please use `none_failed_min_one_success`.
[2025-11-18T09:26:13.796+0000] {processor.py:840} INFO - DAG(s) '02_demo_advanced_patterns' retrieved from /opt/airflow/dags/02_demo_advanced_patterns.py
[2025-11-18T09:26:13.807+0000] {logging_mixin.py:188} INFO - [2025-11-18T09:26:13.806+0000] {dag.py:3033} INFO - Sync 1 DAGs
[2025-11-18T09:26:13.816+0000] {logging_mixin.py:188} INFO - [2025-11-18T09:26:13.816+0000] {dag.py:3820} INFO - Setting next_dagrun for 02_demo_advanced_patterns to 2025-11-17T00:00:00+00:00, run_after=2025-11-18T00:00:00+00:00
[2025-11-18T09:26:13.822+0000] {processor.py:183} INFO - Processing /opt/airflow/dags/02_demo_advanced_patterns.py took 0.142 seconds
[2025-11-18T09:26:43.978+0000] {processor.py:161} INFO - Started process (PID=706) to work on /opt/airflow/dags/02_demo_advanced_patterns.py
[2025-11-18T09:26:43.979+0000] {processor.py:830} INFO - Processing file /opt/airflow/dags/02_demo_advanced_patterns.py for tasks to queue
[2025-11-18T09:26:43.981+0000] {logging_mixin.py:188} INFO - [2025-11-18T09:26:43.980+0000] {dagbag.py:538} INFO - Filling up the DagBag from /opt/airflow/dags/02_demo_advanced_patterns.py
[2025-11-18T09:26:44.101+0000] {logging_mixin.py:188} WARNING - /home/airflow/.local/lib/python3.10/site-packages/airflow/models/baseoperator.py:437 RemovedInAirflow3Warning: provide_context is deprecated as of 2.0 and is no longer required
[2025-11-18T09:26:44.101+0000] {logging_mixin.py:188} WARNING - /home/airflow/.local/lib/python3.10/site-packages/airflow/models/baseoperator.py:437 RemovedInAirflow3Warning: none_failed_or_skipped Trigger Rule is deprecated. Please use `none_failed_min_one_success`.
[2025-11-18T09:26:44.104+0000] {processor.py:840} INFO - DAG(s) '02_demo_advanced_patterns' retrieved from /opt/airflow/dags/02_demo_advanced_patterns.py
[2025-11-18T09:26:44.117+0000] {logging_mixin.py:188} INFO - [2025-11-18T09:26:44.117+0000] {dag.py:3033} INFO - Sync 1 DAGs
[2025-11-18T09:26:44.127+0000] {logging_mixin.py:188} INFO - [2025-11-18T09:26:44.127+0000] {dag.py:3820} INFO - Setting next_dagrun for 02_demo_advanced_patterns to 2025-11-17T00:00:00+00:00, run_after=2025-11-18T00:00:00+00:00
[2025-11-18T09:26:44.134+0000] {processor.py:183} INFO - Processing /opt/airflow/dags/02_demo_advanced_patterns.py took 0.158 seconds
[2025-11-18T09:27:14.251+0000] {processor.py:161} INFO - Started process (PID=709) to work on /opt/airflow/dags/02_demo_advanced_patterns.py
[2025-11-18T09:27:14.252+0000] {processor.py:830} INFO - Processing file /opt/airflow/dags/02_demo_advanced_patterns.py for tasks to queue
[2025-11-18T09:27:14.253+0000] {logging_mixin.py:188} INFO - [2025-11-18T09:27:14.253+0000] {dagbag.py:538} INFO - Filling up the DagBag from /opt/airflow/dags/02_demo_advanced_patterns.py
[2025-11-18T09:27:14.360+0000] {logging_mixin.py:188} WARNING - /home/airflow/.local/lib/python3.10/site-packages/airflow/models/baseoperator.py:437 RemovedInAirflow3Warning: provide_context is deprecated as of 2.0 and is no longer required
[2025-11-18T09:27:14.361+0000] {logging_mixin.py:188} WARNING - /home/airflow/.local/lib/python3.10/site-packages/airflow/models/baseoperator.py:437 RemovedInAirflow3Warning: none_failed_or_skipped Trigger Rule is deprecated. Please use `none_failed_min_one_success`.
[2025-11-18T09:27:14.363+0000] {processor.py:840} INFO - DAG(s) '02_demo_advanced_patterns' retrieved from /opt/airflow/dags/02_demo_advanced_patterns.py
[2025-11-18T09:27:14.373+0000] {logging_mixin.py:188} INFO - [2025-11-18T09:27:14.373+0000] {dag.py:3033} INFO - Sync 1 DAGs
[2025-11-18T09:27:14.381+0000] {logging_mixin.py:188} INFO - [2025-11-18T09:27:14.381+0000] {dag.py:3820} INFO - Setting next_dagrun for 02_demo_advanced_patterns to 2025-11-17T00:00:00+00:00, run_after=2025-11-18T00:00:00+00:00
[2025-11-18T09:27:14.388+0000] {processor.py:183} INFO - Processing /opt/airflow/dags/02_demo_advanced_patterns.py took 0.139 seconds
[2025-11-18T09:27:44.527+0000] {processor.py:161} INFO - Started process (PID=712) to work on /opt/airflow/dags/02_demo_advanced_patterns.py
[2025-11-18T09:27:44.527+0000] {processor.py:830} INFO - Processing file /opt/airflow/dags/02_demo_advanced_patterns.py for tasks to queue
[2025-11-18T09:27:44.528+0000] {logging_mixin.py:188} INFO - [2025-11-18T09:27:44.528+0000] {dagbag.py:538} INFO - Filling up the DagBag from /opt/airflow/dags/02_demo_advanced_patterns.py
[2025-11-18T09:27:44.639+0000] {logging_mixin.py:188} WARNING - /home/airflow/.local/lib/python3.10/site-packages/airflow/models/baseoperator.py:437 RemovedInAirflow3Warning: provide_context is deprecated as of 2.0 and is no longer required
[2025-11-18T09:27:44.640+0000] {logging_mixin.py:188} WARNING - /home/airflow/.local/lib/python3.10/site-packages/airflow/models/baseoperator.py:437 RemovedInAirflow3Warning: none_failed_or_skipped Trigger Rule is deprecated. Please use `none_failed_min_one_success`.
[2025-11-18T09:27:44.643+0000] {processor.py:840} INFO - DAG(s) '02_demo_advanced_patterns' retrieved from /opt/airflow/dags/02_demo_advanced_patterns.py
[2025-11-18T09:27:44.655+0000] {logging_mixin.py:188} INFO - [2025-11-18T09:27:44.655+0000] {dag.py:3033} INFO - Sync 1 DAGs
[2025-11-18T09:27:44.664+0000] {logging_mixin.py:188} INFO - [2025-11-18T09:27:44.664+0000] {dag.py:3820} INFO - Setting next_dagrun for 02_demo_advanced_patterns to 2025-11-17T00:00:00+00:00, run_after=2025-11-18T00:00:00+00:00
[2025-11-18T09:27:44.671+0000] {processor.py:183} INFO - Processing /opt/airflow/dags/02_demo_advanced_patterns.py took 0.146 seconds
[2025-11-18T09:28:14.816+0000] {processor.py:161} INFO - Started process (PID=715) to work on /opt/airflow/dags/02_demo_advanced_patterns.py
[2025-11-18T09:28:14.817+0000] {processor.py:830} INFO - Processing file /opt/airflow/dags/02_demo_advanced_patterns.py for tasks to queue
[2025-11-18T09:28:14.818+0000] {logging_mixin.py:188} INFO - [2025-11-18T09:28:14.818+0000] {dagbag.py:538} INFO - Filling up the DagBag from /opt/airflow/dags/02_demo_advanced_patterns.py
[2025-11-18T09:28:14.943+0000] {logging_mixin.py:188} WARNING - /home/airflow/.local/lib/python3.10/site-packages/airflow/models/baseoperator.py:437 RemovedInAirflow3Warning: provide_context is deprecated as of 2.0 and is no longer required
[2025-11-18T09:28:14.943+0000] {logging_mixin.py:188} WARNING - /home/airflow/.local/lib/python3.10/site-packages/airflow/models/baseoperator.py:437 RemovedInAirflow3Warning: none_failed_or_skipped Trigger Rule is deprecated. Please use `none_failed_min_one_success`.
[2025-11-18T09:28:14.946+0000] {processor.py:840} INFO - DAG(s) '02_demo_advanced_patterns' retrieved from /opt/airflow/dags/02_demo_advanced_patterns.py
[2025-11-18T09:28:14.958+0000] {logging_mixin.py:188} INFO - [2025-11-18T09:28:14.958+0000] {dag.py:3033} INFO - Sync 1 DAGs
[2025-11-18T09:28:14.968+0000] {logging_mixin.py:188} INFO - [2025-11-18T09:28:14.968+0000] {dag.py:3820} INFO - Setting next_dagrun for 02_demo_advanced_patterns to 2025-11-17T00:00:00+00:00, run_after=2025-11-18T00:00:00+00:00
[2025-11-18T09:28:14.976+0000] {processor.py:183} INFO - Processing /opt/airflow/dags/02_demo_advanced_patterns.py took 0.162 seconds
[2025-11-18T09:28:45.143+0000] {processor.py:161} INFO - Started process (PID=718) to work on /opt/airflow/dags/02_demo_advanced_patterns.py
[2025-11-18T09:28:45.144+0000] {processor.py:830} INFO - Processing file /opt/airflow/dags/02_demo_advanced_patterns.py for tasks to queue
[2025-11-18T09:28:45.145+0000] {logging_mixin.py:188} INFO - [2025-11-18T09:28:45.145+0000] {dagbag.py:538} INFO - Filling up the DagBag from /opt/airflow/dags/02_demo_advanced_patterns.py
[2025-11-18T09:28:45.268+0000] {logging_mixin.py:188} WARNING - /home/airflow/.local/lib/python3.10/site-packages/airflow/models/baseoperator.py:437 RemovedInAirflow3Warning: provide_context is deprecated as of 2.0 and is no longer required
[2025-11-18T09:28:45.269+0000] {logging_mixin.py:188} WARNING - /home/airflow/.local/lib/python3.10/site-packages/airflow/models/baseoperator.py:437 RemovedInAirflow3Warning: none_failed_or_skipped Trigger Rule is deprecated. Please use `none_failed_min_one_success`.
[2025-11-18T09:28:45.271+0000] {processor.py:840} INFO - DAG(s) '02_demo_advanced_patterns' retrieved from /opt/airflow/dags/02_demo_advanced_patterns.py
[2025-11-18T09:28:45.283+0000] {logging_mixin.py:188} INFO - [2025-11-18T09:28:45.283+0000] {dag.py:3033} INFO - Sync 1 DAGs
[2025-11-18T09:28:45.293+0000] {logging_mixin.py:188} INFO - [2025-11-18T09:28:45.293+0000] {dag.py:3820} INFO - Setting next_dagrun for 02_demo_advanced_patterns to 2025-11-17T00:00:00+00:00, run_after=2025-11-18T00:00:00+00:00
[2025-11-18T09:28:45.301+0000] {processor.py:183} INFO - Processing /opt/airflow/dags/02_demo_advanced_patterns.py took 0.159 seconds
[2025-11-18T09:29:15.432+0000] {processor.py:161} INFO - Started process (PID=721) to work on /opt/airflow/dags/02_demo_advanced_patterns.py
[2025-11-18T09:29:15.432+0000] {processor.py:830} INFO - Processing file /opt/airflow/dags/02_demo_advanced_patterns.py for tasks to queue
[2025-11-18T09:29:15.433+0000] {logging_mixin.py:188} INFO - [2025-11-18T09:29:15.433+0000] {dagbag.py:538} INFO - Filling up the DagBag from /opt/airflow/dags/02_demo_advanced_patterns.py
[2025-11-18T09:29:15.551+0000] {logging_mixin.py:188} WARNING - /home/airflow/.local/lib/python3.10/site-packages/airflow/models/baseoperator.py:437 RemovedInAirflow3Warning: provide_context is deprecated as of 2.0 and is no longer required
[2025-11-18T09:29:15.552+0000] {logging_mixin.py:188} WARNING - /home/airflow/.local/lib/python3.10/site-packages/airflow/models/baseoperator.py:437 RemovedInAirflow3Warning: none_failed_or_skipped Trigger Rule is deprecated. Please use `none_failed_min_one_success`.
[2025-11-18T09:29:15.555+0000] {processor.py:840} INFO - DAG(s) '02_demo_advanced_patterns' retrieved from /opt/airflow/dags/02_demo_advanced_patterns.py
[2025-11-18T09:29:15.566+0000] {logging_mixin.py:188} INFO - [2025-11-18T09:29:15.566+0000] {dag.py:3033} INFO - Sync 1 DAGs
[2025-11-18T09:29:15.575+0000] {logging_mixin.py:188} INFO - [2025-11-18T09:29:15.575+0000] {dag.py:3820} INFO - Setting next_dagrun for 02_demo_advanced_patterns to 2025-11-17T00:00:00+00:00, run_after=2025-11-18T00:00:00+00:00
[2025-11-18T09:29:15.582+0000] {processor.py:183} INFO - Processing /opt/airflow/dags/02_demo_advanced_patterns.py took 0.152 seconds
[2025-11-18T09:29:45.707+0000] {processor.py:161} INFO - Started process (PID=724) to work on /opt/airflow/dags/02_demo_advanced_patterns.py
[2025-11-18T09:29:45.707+0000] {processor.py:830} INFO - Processing file /opt/airflow/dags/02_demo_advanced_patterns.py for tasks to queue
[2025-11-18T09:29:45.709+0000] {logging_mixin.py:188} INFO - [2025-11-18T09:29:45.709+0000] {dagbag.py:538} INFO - Filling up the DagBag from /opt/airflow/dags/02_demo_advanced_patterns.py
[2025-11-18T09:29:45.831+0000] {logging_mixin.py:188} WARNING - /home/airflow/.local/lib/python3.10/site-packages/airflow/models/baseoperator.py:437 RemovedInAirflow3Warning: provide_context is deprecated as of 2.0 and is no longer required
[2025-11-18T09:29:45.832+0000] {logging_mixin.py:188} WARNING - /home/airflow/.local/lib/python3.10/site-packages/airflow/models/baseoperator.py:437 RemovedInAirflow3Warning: none_failed_or_skipped Trigger Rule is deprecated. Please use `none_failed_min_one_success`.
[2025-11-18T09:29:45.835+0000] {processor.py:840} INFO - DAG(s) '02_demo_advanced_patterns' retrieved from /opt/airflow/dags/02_demo_advanced_patterns.py
[2025-11-18T09:29:45.847+0000] {logging_mixin.py:188} INFO - [2025-11-18T09:29:45.847+0000] {dag.py:3033} INFO - Sync 1 DAGs
[2025-11-18T09:29:45.856+0000] {logging_mixin.py:188} INFO - [2025-11-18T09:29:45.856+0000] {dag.py:3820} INFO - Setting next_dagrun for 02_demo_advanced_patterns to 2025-11-17T00:00:00+00:00, run_after=2025-11-18T00:00:00+00:00
[2025-11-18T09:29:45.935+0000] {processor.py:183} INFO - Processing /opt/airflow/dags/02_demo_advanced_patterns.py took 0.230 seconds
[2025-11-18T09:30:16.013+0000] {processor.py:161} INFO - Started process (PID=727) to work on /opt/airflow/dags/02_demo_advanced_patterns.py
[2025-11-18T09:30:16.014+0000] {processor.py:830} INFO - Processing file /opt/airflow/dags/02_demo_advanced_patterns.py for tasks to queue
[2025-11-18T09:30:16.015+0000] {logging_mixin.py:188} INFO - [2025-11-18T09:30:16.015+0000] {dagbag.py:538} INFO - Filling up the DagBag from /opt/airflow/dags/02_demo_advanced_patterns.py
[2025-11-18T09:30:16.133+0000] {logging_mixin.py:188} WARNING - /home/airflow/.local/lib/python3.10/site-packages/airflow/models/baseoperator.py:437 RemovedInAirflow3Warning: provide_context is deprecated as of 2.0 and is no longer required
[2025-11-18T09:30:16.134+0000] {logging_mixin.py:188} WARNING - /home/airflow/.local/lib/python3.10/site-packages/airflow/models/baseoperator.py:437 RemovedInAirflow3Warning: none_failed_or_skipped Trigger Rule is deprecated. Please use `none_failed_min_one_success`.
[2025-11-18T09:30:16.137+0000] {processor.py:840} INFO - DAG(s) '02_demo_advanced_patterns' retrieved from /opt/airflow/dags/02_demo_advanced_patterns.py
[2025-11-18T09:30:16.149+0000] {logging_mixin.py:188} INFO - [2025-11-18T09:30:16.149+0000] {dag.py:3033} INFO - Sync 1 DAGs
[2025-11-18T09:30:16.159+0000] {logging_mixin.py:188} INFO - [2025-11-18T09:30:16.159+0000] {dag.py:3820} INFO - Setting next_dagrun for 02_demo_advanced_patterns to 2025-11-17T00:00:00+00:00, run_after=2025-11-18T00:00:00+00:00
[2025-11-18T09:30:16.167+0000] {processor.py:183} INFO - Processing /opt/airflow/dags/02_demo_advanced_patterns.py took 0.157 seconds
[2025-11-18T09:30:46.321+0000] {processor.py:161} INFO - Started process (PID=730) to work on /opt/airflow/dags/02_demo_advanced_patterns.py
[2025-11-18T09:30:46.322+0000] {processor.py:830} INFO - Processing file /opt/airflow/dags/02_demo_advanced_patterns.py for tasks to queue
[2025-11-18T09:30:46.323+0000] {logging_mixin.py:188} INFO - [2025-11-18T09:30:46.323+0000] {dagbag.py:538} INFO - Filling up the DagBag from /opt/airflow/dags/02_demo_advanced_patterns.py
[2025-11-18T09:30:46.430+0000] {logging_mixin.py:188} WARNING - /home/airflow/.local/lib/python3.10/site-packages/airflow/models/baseoperator.py:437 RemovedInAirflow3Warning: provide_context is deprecated as of 2.0 and is no longer required
[2025-11-18T09:30:46.431+0000] {logging_mixin.py:188} WARNING - /home/airflow/.local/lib/python3.10/site-packages/airflow/models/baseoperator.py:437 RemovedInAirflow3Warning: none_failed_or_skipped Trigger Rule is deprecated. Please use `none_failed_min_one_success`.
[2025-11-18T09:30:46.433+0000] {processor.py:840} INFO - DAG(s) '02_demo_advanced_patterns' retrieved from /opt/airflow/dags/02_demo_advanced_patterns.py
[2025-11-18T09:30:46.444+0000] {logging_mixin.py:188} INFO - [2025-11-18T09:30:46.444+0000] {dag.py:3033} INFO - Sync 1 DAGs
[2025-11-18T09:30:46.452+0000] {logging_mixin.py:188} INFO - [2025-11-18T09:30:46.452+0000] {dag.py:3820} INFO - Setting next_dagrun for 02_demo_advanced_patterns to 2025-11-17T00:00:00+00:00, run_after=2025-11-18T00:00:00+00:00
[2025-11-18T09:30:46.458+0000] {processor.py:183} INFO - Processing /opt/airflow/dags/02_demo_advanced_patterns.py took 0.139 seconds
[2025-11-18T09:31:16.632+0000] {processor.py:161} INFO - Started process (PID=733) to work on /opt/airflow/dags/02_demo_advanced_patterns.py
[2025-11-18T09:31:16.632+0000] {processor.py:830} INFO - Processing file /opt/airflow/dags/02_demo_advanced_patterns.py for tasks to queue
[2025-11-18T09:31:16.633+0000] {logging_mixin.py:188} INFO - [2025-11-18T09:31:16.633+0000] {dagbag.py:538} INFO - Filling up the DagBag from /opt/airflow/dags/02_demo_advanced_patterns.py
[2025-11-18T09:31:16.754+0000] {logging_mixin.py:188} WARNING - /home/airflow/.local/lib/python3.10/site-packages/airflow/models/baseoperator.py:437 RemovedInAirflow3Warning: provide_context is deprecated as of 2.0 and is no longer required
[2025-11-18T09:31:16.755+0000] {logging_mixin.py:188} WARNING - /home/airflow/.local/lib/python3.10/site-packages/airflow/models/baseoperator.py:437 RemovedInAirflow3Warning: none_failed_or_skipped Trigger Rule is deprecated. Please use `none_failed_min_one_success`.
[2025-11-18T09:31:16.757+0000] {processor.py:840} INFO - DAG(s) '02_demo_advanced_patterns' retrieved from /opt/airflow/dags/02_demo_advanced_patterns.py
[2025-11-18T09:31:16.768+0000] {logging_mixin.py:188} INFO - [2025-11-18T09:31:16.768+0000] {dag.py:3033} INFO - Sync 1 DAGs
[2025-11-18T09:31:16.777+0000] {logging_mixin.py:188} INFO - [2025-11-18T09:31:16.777+0000] {dag.py:3820} INFO - Setting next_dagrun for 02_demo_advanced_patterns to 2025-11-17T00:00:00+00:00, run_after=2025-11-18T00:00:00+00:00
[2025-11-18T09:31:16.784+0000] {processor.py:183} INFO - Processing /opt/airflow/dags/02_demo_advanced_patterns.py took 0.154 seconds
[2025-11-18T09:31:46.961+0000] {processor.py:161} INFO - Started process (PID=736) to work on /opt/airflow/dags/02_demo_advanced_patterns.py
[2025-11-18T09:31:46.962+0000] {processor.py:830} INFO - Processing file /opt/airflow/dags/02_demo_advanced_patterns.py for tasks to queue
[2025-11-18T09:31:46.963+0000] {logging_mixin.py:188} INFO - [2025-11-18T09:31:46.963+0000] {dagbag.py:538} INFO - Filling up the DagBag from /opt/airflow/dags/02_demo_advanced_patterns.py
[2025-11-18T09:31:47.077+0000] {logging_mixin.py:188} WARNING - /home/airflow/.local/lib/python3.10/site-packages/airflow/models/baseoperator.py:437 RemovedInAirflow3Warning: provide_context is deprecated as of 2.0 and is no longer required
[2025-11-18T09:31:47.078+0000] {logging_mixin.py:188} WARNING - /home/airflow/.local/lib/python3.10/site-packages/airflow/models/baseoperator.py:437 RemovedInAirflow3Warning: none_failed_or_skipped Trigger Rule is deprecated. Please use `none_failed_min_one_success`.
[2025-11-18T09:31:47.080+0000] {processor.py:840} INFO - DAG(s) '02_demo_advanced_patterns' retrieved from /opt/airflow/dags/02_demo_advanced_patterns.py
[2025-11-18T09:31:47.093+0000] {logging_mixin.py:188} INFO - [2025-11-18T09:31:47.093+0000] {dag.py:3033} INFO - Sync 1 DAGs
[2025-11-18T09:31:47.101+0000] {logging_mixin.py:188} INFO - [2025-11-18T09:31:47.101+0000] {dag.py:3820} INFO - Setting next_dagrun for 02_demo_advanced_patterns to 2025-11-17T00:00:00+00:00, run_after=2025-11-18T00:00:00+00:00
[2025-11-18T09:31:47.108+0000] {processor.py:183} INFO - Processing /opt/airflow/dags/02_demo_advanced_patterns.py took 0.148 seconds
[2025-11-18T09:32:17.247+0000] {processor.py:161} INFO - Started process (PID=739) to work on /opt/airflow/dags/02_demo_advanced_patterns.py
[2025-11-18T09:32:17.247+0000] {processor.py:830} INFO - Processing file /opt/airflow/dags/02_demo_advanced_patterns.py for tasks to queue
[2025-11-18T09:32:17.248+0000] {logging_mixin.py:188} INFO - [2025-11-18T09:32:17.248+0000] {dagbag.py:538} INFO - Filling up the DagBag from /opt/airflow/dags/02_demo_advanced_patterns.py
[2025-11-18T09:32:17.360+0000] {logging_mixin.py:188} WARNING - /home/airflow/.local/lib/python3.10/site-packages/airflow/models/baseoperator.py:437 RemovedInAirflow3Warning: provide_context is deprecated as of 2.0 and is no longer required
[2025-11-18T09:32:17.361+0000] {logging_mixin.py:188} WARNING - /home/airflow/.local/lib/python3.10/site-packages/airflow/models/baseoperator.py:437 RemovedInAirflow3Warning: none_failed_or_skipped Trigger Rule is deprecated. Please use `none_failed_min_one_success`.
[2025-11-18T09:32:17.363+0000] {processor.py:840} INFO - DAG(s) '02_demo_advanced_patterns' retrieved from /opt/airflow/dags/02_demo_advanced_patterns.py
[2025-11-18T09:32:17.373+0000] {logging_mixin.py:188} INFO - [2025-11-18T09:32:17.373+0000] {dag.py:3033} INFO - Sync 1 DAGs
[2025-11-18T09:32:17.440+0000] {logging_mixin.py:188} INFO - [2025-11-18T09:32:17.440+0000] {dag.py:3820} INFO - Setting next_dagrun for 02_demo_advanced_patterns to 2025-11-17T00:00:00+00:00, run_after=2025-11-18T00:00:00+00:00
[2025-11-18T09:32:17.446+0000] {processor.py:183} INFO - Processing /opt/airflow/dags/02_demo_advanced_patterns.py took 0.201 seconds
[2025-11-18T09:32:47.544+0000] {processor.py:161} INFO - Started process (PID=742) to work on /opt/airflow/dags/02_demo_advanced_patterns.py
[2025-11-18T09:32:47.544+0000] {processor.py:830} INFO - Processing file /opt/airflow/dags/02_demo_advanced_patterns.py for tasks to queue
[2025-11-18T09:32:47.546+0000] {logging_mixin.py:188} INFO - [2025-11-18T09:32:47.546+0000] {dagbag.py:538} INFO - Filling up the DagBag from /opt/airflow/dags/02_demo_advanced_patterns.py
[2025-11-18T09:32:47.671+0000] {logging_mixin.py:188} WARNING - /home/airflow/.local/lib/python3.10/site-packages/airflow/models/baseoperator.py:437 RemovedInAirflow3Warning: provide_context is deprecated as of 2.0 and is no longer required
[2025-11-18T09:32:47.672+0000] {logging_mixin.py:188} WARNING - /home/airflow/.local/lib/python3.10/site-packages/airflow/models/baseoperator.py:437 RemovedInAirflow3Warning: none_failed_or_skipped Trigger Rule is deprecated. Please use `none_failed_min_one_success`.
[2025-11-18T09:32:47.674+0000] {processor.py:840} INFO - DAG(s) '02_demo_advanced_patterns' retrieved from /opt/airflow/dags/02_demo_advanced_patterns.py
[2025-11-18T09:32:47.688+0000] {logging_mixin.py:188} INFO - [2025-11-18T09:32:47.688+0000] {dag.py:3033} INFO - Sync 1 DAGs
[2025-11-18T09:32:47.697+0000] {logging_mixin.py:188} INFO - [2025-11-18T09:32:47.697+0000] {dag.py:3820} INFO - Setting next_dagrun for 02_demo_advanced_patterns to 2025-11-17T00:00:00+00:00, run_after=2025-11-18T00:00:00+00:00
[2025-11-18T09:32:47.704+0000] {processor.py:183} INFO - Processing /opt/airflow/dags/02_demo_advanced_patterns.py took 0.162 seconds
[2025-11-18T09:33:17.864+0000] {processor.py:161} INFO - Started process (PID=745) to work on /opt/airflow/dags/02_demo_advanced_patterns.py
[2025-11-18T09:33:17.865+0000] {processor.py:830} INFO - Processing file /opt/airflow/dags/02_demo_advanced_patterns.py for tasks to queue
[2025-11-18T09:33:17.866+0000] {logging_mixin.py:188} INFO - [2025-11-18T09:33:17.866+0000] {dagbag.py:538} INFO - Filling up the DagBag from /opt/airflow/dags/02_demo_advanced_patterns.py
[2025-11-18T09:33:17.977+0000] {logging_mixin.py:188} WARNING - /home/airflow/.local/lib/python3.10/site-packages/airflow/models/baseoperator.py:437 RemovedInAirflow3Warning: provide_context is deprecated as of 2.0 and is no longer required
[2025-11-18T09:33:17.978+0000] {logging_mixin.py:188} WARNING - /home/airflow/.local/lib/python3.10/site-packages/airflow/models/baseoperator.py:437 RemovedInAirflow3Warning: none_failed_or_skipped Trigger Rule is deprecated. Please use `none_failed_min_one_success`.
[2025-11-18T09:33:17.980+0000] {processor.py:840} INFO - DAG(s) '02_demo_advanced_patterns' retrieved from /opt/airflow/dags/02_demo_advanced_patterns.py
[2025-11-18T09:33:17.991+0000] {logging_mixin.py:188} INFO - [2025-11-18T09:33:17.991+0000] {dag.py:3033} INFO - Sync 1 DAGs
[2025-11-18T09:33:17.999+0000] {logging_mixin.py:188} INFO - [2025-11-18T09:33:17.999+0000] {dag.py:3820} INFO - Setting next_dagrun for 02_demo_advanced_patterns to 2025-11-17T00:00:00+00:00, run_after=2025-11-18T00:00:00+00:00
[2025-11-18T09:33:18.007+0000] {processor.py:183} INFO - Processing /opt/airflow/dags/02_demo_advanced_patterns.py took 0.145 seconds
[2025-11-18T09:33:48.180+0000] {processor.py:161} INFO - Started process (PID=748) to work on /opt/airflow/dags/02_demo_advanced_patterns.py
[2025-11-18T09:33:48.180+0000] {processor.py:830} INFO - Processing file /opt/airflow/dags/02_demo_advanced_patterns.py for tasks to queue
[2025-11-18T09:33:48.181+0000] {logging_mixin.py:188} INFO - [2025-11-18T09:33:48.181+0000] {dagbag.py:538} INFO - Filling up the DagBag from /opt/airflow/dags/02_demo_advanced_patterns.py
[2025-11-18T09:33:48.287+0000] {logging_mixin.py:188} WARNING - /home/airflow/.local/lib/python3.10/site-packages/airflow/models/baseoperator.py:437 RemovedInAirflow3Warning: provide_context is deprecated as of 2.0 and is no longer required
[2025-11-18T09:33:48.288+0000] {logging_mixin.py:188} WARNING - /home/airflow/.local/lib/python3.10/site-packages/airflow/models/baseoperator.py:437 RemovedInAirflow3Warning: none_failed_or_skipped Trigger Rule is deprecated. Please use `none_failed_min_one_success`.
[2025-11-18T09:33:48.290+0000] {processor.py:840} INFO - DAG(s) '02_demo_advanced_patterns' retrieved from /opt/airflow/dags/02_demo_advanced_patterns.py
[2025-11-18T09:33:48.301+0000] {logging_mixin.py:188} INFO - [2025-11-18T09:33:48.301+0000] {dag.py:3033} INFO - Sync 1 DAGs
[2025-11-18T09:33:48.309+0000] {logging_mixin.py:188} INFO - [2025-11-18T09:33:48.309+0000] {dag.py:3820} INFO - Setting next_dagrun for 02_demo_advanced_patterns to 2025-11-17T00:00:00+00:00, run_after=2025-11-18T00:00:00+00:00
[2025-11-18T09:33:48.316+0000] {processor.py:183} INFO - Processing /opt/airflow/dags/02_demo_advanced_patterns.py took 0.138 seconds
[2025-11-18T09:34:18.504+0000] {processor.py:161} INFO - Started process (PID=751) to work on /opt/airflow/dags/02_demo_advanced_patterns.py
[2025-11-18T09:34:18.505+0000] {processor.py:830} INFO - Processing file /opt/airflow/dags/02_demo_advanced_patterns.py for tasks to queue
[2025-11-18T09:34:18.506+0000] {logging_mixin.py:188} INFO - [2025-11-18T09:34:18.506+0000] {dagbag.py:538} INFO - Filling up the DagBag from /opt/airflow/dags/02_demo_advanced_patterns.py
[2025-11-18T09:34:18.614+0000] {logging_mixin.py:188} WARNING - /home/airflow/.local/lib/python3.10/site-packages/airflow/models/baseoperator.py:437 RemovedInAirflow3Warning: provide_context is deprecated as of 2.0 and is no longer required
[2025-11-18T09:34:18.615+0000] {logging_mixin.py:188} WARNING - /home/airflow/.local/lib/python3.10/site-packages/airflow/models/baseoperator.py:437 RemovedInAirflow3Warning: none_failed_or_skipped Trigger Rule is deprecated. Please use `none_failed_min_one_success`.
[2025-11-18T09:34:18.617+0000] {processor.py:840} INFO - DAG(s) '02_demo_advanced_patterns' retrieved from /opt/airflow/dags/02_demo_advanced_patterns.py
[2025-11-18T09:34:18.627+0000] {logging_mixin.py:188} INFO - [2025-11-18T09:34:18.627+0000] {dag.py:3033} INFO - Sync 1 DAGs
[2025-11-18T09:34:18.635+0000] {logging_mixin.py:188} INFO - [2025-11-18T09:34:18.635+0000] {dag.py:3820} INFO - Setting next_dagrun for 02_demo_advanced_patterns to 2025-11-17T00:00:00+00:00, run_after=2025-11-18T00:00:00+00:00
[2025-11-18T09:34:18.642+0000] {processor.py:183} INFO - Processing /opt/airflow/dags/02_demo_advanced_patterns.py took 0.140 seconds
[2025-11-18T09:34:48.802+0000] {processor.py:161} INFO - Started process (PID=754) to work on /opt/airflow/dags/02_demo_advanced_patterns.py
[2025-11-18T09:34:48.802+0000] {processor.py:830} INFO - Processing file /opt/airflow/dags/02_demo_advanced_patterns.py for tasks to queue
[2025-11-18T09:34:48.803+0000] {logging_mixin.py:188} INFO - [2025-11-18T09:34:48.803+0000] {dagbag.py:538} INFO - Filling up the DagBag from /opt/airflow/dags/02_demo_advanced_patterns.py
[2025-11-18T09:34:48.912+0000] {logging_mixin.py:188} WARNING - /home/airflow/.local/lib/python3.10/site-packages/airflow/models/baseoperator.py:437 RemovedInAirflow3Warning: provide_context is deprecated as of 2.0 and is no longer required
[2025-11-18T09:34:48.912+0000] {logging_mixin.py:188} WARNING - /home/airflow/.local/lib/python3.10/site-packages/airflow/models/baseoperator.py:437 RemovedInAirflow3Warning: none_failed_or_skipped Trigger Rule is deprecated. Please use `none_failed_min_one_success`.
[2025-11-18T09:34:48.915+0000] {processor.py:840} INFO - DAG(s) '02_demo_advanced_patterns' retrieved from /opt/airflow/dags/02_demo_advanced_patterns.py
[2025-11-18T09:34:48.925+0000] {logging_mixin.py:188} INFO - [2025-11-18T09:34:48.925+0000] {dag.py:3033} INFO - Sync 1 DAGs
[2025-11-18T09:34:48.991+0000] {logging_mixin.py:188} INFO - [2025-11-18T09:34:48.991+0000] {dag.py:3820} INFO - Setting next_dagrun for 02_demo_advanced_patterns to 2025-11-17T00:00:00+00:00, run_after=2025-11-18T00:00:00+00:00
[2025-11-18T09:34:48.998+0000] {processor.py:183} INFO - Processing /opt/airflow/dags/02_demo_advanced_patterns.py took 0.199 seconds
[2025-11-18T09:35:19.126+0000] {processor.py:161} INFO - Started process (PID=757) to work on /opt/airflow/dags/02_demo_advanced_patterns.py
[2025-11-18T09:35:19.126+0000] {processor.py:830} INFO - Processing file /opt/airflow/dags/02_demo_advanced_patterns.py for tasks to queue
[2025-11-18T09:35:19.127+0000] {logging_mixin.py:188} INFO - [2025-11-18T09:35:19.127+0000] {dagbag.py:538} INFO - Filling up the DagBag from /opt/airflow/dags/02_demo_advanced_patterns.py
[2025-11-18T09:35:19.234+0000] {logging_mixin.py:188} WARNING - /home/airflow/.local/lib/python3.10/site-packages/airflow/models/baseoperator.py:437 RemovedInAirflow3Warning: provide_context is deprecated as of 2.0 and is no longer required
[2025-11-18T09:35:19.235+0000] {logging_mixin.py:188} WARNING - /home/airflow/.local/lib/python3.10/site-packages/airflow/models/baseoperator.py:437 RemovedInAirflow3Warning: none_failed_or_skipped Trigger Rule is deprecated. Please use `none_failed_min_one_success`.
[2025-11-18T09:35:19.238+0000] {processor.py:840} INFO - DAG(s) '02_demo_advanced_patterns' retrieved from /opt/airflow/dags/02_demo_advanced_patterns.py
[2025-11-18T09:35:19.248+0000] {logging_mixin.py:188} INFO - [2025-11-18T09:35:19.248+0000] {dag.py:3033} INFO - Sync 1 DAGs
[2025-11-18T09:35:19.256+0000] {logging_mixin.py:188} INFO - [2025-11-18T09:35:19.256+0000] {dag.py:3820} INFO - Setting next_dagrun for 02_demo_advanced_patterns to 2025-11-17T00:00:00+00:00, run_after=2025-11-18T00:00:00+00:00
[2025-11-18T09:35:19.263+0000] {processor.py:183} INFO - Processing /opt/airflow/dags/02_demo_advanced_patterns.py took 0.139 seconds
[2025-11-18T09:35:49.450+0000] {processor.py:161} INFO - Started process (PID=760) to work on /opt/airflow/dags/02_demo_advanced_patterns.py
[2025-11-18T09:35:49.451+0000] {processor.py:830} INFO - Processing file /opt/airflow/dags/02_demo_advanced_patterns.py for tasks to queue
[2025-11-18T09:35:49.453+0000] {logging_mixin.py:188} INFO - [2025-11-18T09:35:49.453+0000] {dagbag.py:538} INFO - Filling up the DagBag from /opt/airflow/dags/02_demo_advanced_patterns.py
[2025-11-18T09:35:49.569+0000] {logging_mixin.py:188} WARNING - /home/airflow/.local/lib/python3.10/site-packages/airflow/models/baseoperator.py:437 RemovedInAirflow3Warning: provide_context is deprecated as of 2.0 and is no longer required
[2025-11-18T09:35:49.570+0000] {logging_mixin.py:188} WARNING - /home/airflow/.local/lib/python3.10/site-packages/airflow/models/baseoperator.py:437 RemovedInAirflow3Warning: none_failed_or_skipped Trigger Rule is deprecated. Please use `none_failed_min_one_success`.
[2025-11-18T09:35:49.572+0000] {processor.py:840} INFO - DAG(s) '02_demo_advanced_patterns' retrieved from /opt/airflow/dags/02_demo_advanced_patterns.py
[2025-11-18T09:35:49.582+0000] {logging_mixin.py:188} INFO - [2025-11-18T09:35:49.582+0000] {dag.py:3033} INFO - Sync 1 DAGs
[2025-11-18T09:35:49.591+0000] {logging_mixin.py:188} INFO - [2025-11-18T09:35:49.591+0000] {dag.py:3820} INFO - Setting next_dagrun for 02_demo_advanced_patterns to 2025-11-17T00:00:00+00:00, run_after=2025-11-18T00:00:00+00:00
[2025-11-18T09:35:49.655+0000] {processor.py:183} INFO - Processing /opt/airflow/dags/02_demo_advanced_patterns.py took 0.207 seconds
[2025-11-18T09:36:19.767+0000] {processor.py:161} INFO - Started process (PID=763) to work on /opt/airflow/dags/02_demo_advanced_patterns.py
[2025-11-18T09:36:19.767+0000] {processor.py:830} INFO - Processing file /opt/airflow/dags/02_demo_advanced_patterns.py for tasks to queue
[2025-11-18T09:36:19.769+0000] {logging_mixin.py:188} INFO - [2025-11-18T09:36:19.769+0000] {dagbag.py:538} INFO - Filling up the DagBag from /opt/airflow/dags/02_demo_advanced_patterns.py
[2025-11-18T09:36:19.881+0000] {logging_mixin.py:188} WARNING - /home/airflow/.local/lib/python3.10/site-packages/airflow/models/baseoperator.py:437 RemovedInAirflow3Warning: provide_context is deprecated as of 2.0 and is no longer required
[2025-11-18T09:36:19.882+0000] {logging_mixin.py:188} WARNING - /home/airflow/.local/lib/python3.10/site-packages/airflow/models/baseoperator.py:437 RemovedInAirflow3Warning: none_failed_or_skipped Trigger Rule is deprecated. Please use `none_failed_min_one_success`.
[2025-11-18T09:36:19.884+0000] {processor.py:840} INFO - DAG(s) '02_demo_advanced_patterns' retrieved from /opt/airflow/dags/02_demo_advanced_patterns.py
[2025-11-18T09:36:19.896+0000] {logging_mixin.py:188} INFO - [2025-11-18T09:36:19.896+0000] {dag.py:3033} INFO - Sync 1 DAGs
[2025-11-18T09:36:19.969+0000] {logging_mixin.py:188} INFO - [2025-11-18T09:36:19.969+0000] {dag.py:3820} INFO - Setting next_dagrun for 02_demo_advanced_patterns to 2025-11-17T00:00:00+00:00, run_after=2025-11-18T00:00:00+00:00
[2025-11-18T09:36:19.975+0000] {processor.py:183} INFO - Processing /opt/airflow/dags/02_demo_advanced_patterns.py took 0.211 seconds
[2025-11-18T09:36:50.107+0000] {processor.py:161} INFO - Started process (PID=766) to work on /opt/airflow/dags/02_demo_advanced_patterns.py
[2025-11-18T09:36:50.107+0000] {processor.py:830} INFO - Processing file /opt/airflow/dags/02_demo_advanced_patterns.py for tasks to queue
[2025-11-18T09:36:50.109+0000] {logging_mixin.py:188} INFO - [2025-11-18T09:36:50.108+0000] {dagbag.py:538} INFO - Filling up the DagBag from /opt/airflow/dags/02_demo_advanced_patterns.py
[2025-11-18T09:36:50.219+0000] {logging_mixin.py:188} WARNING - /home/airflow/.local/lib/python3.10/site-packages/airflow/models/baseoperator.py:437 RemovedInAirflow3Warning: provide_context is deprecated as of 2.0 and is no longer required
[2025-11-18T09:36:50.220+0000] {logging_mixin.py:188} WARNING - /home/airflow/.local/lib/python3.10/site-packages/airflow/models/baseoperator.py:437 RemovedInAirflow3Warning: none_failed_or_skipped Trigger Rule is deprecated. Please use `none_failed_min_one_success`.
[2025-11-18T09:36:50.222+0000] {processor.py:840} INFO - DAG(s) '02_demo_advanced_patterns' retrieved from /opt/airflow/dags/02_demo_advanced_patterns.py
[2025-11-18T09:36:50.233+0000] {logging_mixin.py:188} INFO - [2025-11-18T09:36:50.233+0000] {dag.py:3033} INFO - Sync 1 DAGs
[2025-11-18T09:36:50.241+0000] {logging_mixin.py:188} INFO - [2025-11-18T09:36:50.241+0000] {dag.py:3820} INFO - Setting next_dagrun for 02_demo_advanced_patterns to 2025-11-17T00:00:00+00:00, run_after=2025-11-18T00:00:00+00:00
[2025-11-18T09:36:50.248+0000] {processor.py:183} INFO - Processing /opt/airflow/dags/02_demo_advanced_patterns.py took 0.143 seconds
[2025-11-18T09:37:20.447+0000] {processor.py:161} INFO - Started process (PID=769) to work on /opt/airflow/dags/02_demo_advanced_patterns.py
[2025-11-18T09:37:20.447+0000] {processor.py:830} INFO - Processing file /opt/airflow/dags/02_demo_advanced_patterns.py for tasks to queue
[2025-11-18T09:37:20.448+0000] {logging_mixin.py:188} INFO - [2025-11-18T09:37:20.448+0000] {dagbag.py:538} INFO - Filling up the DagBag from /opt/airflow/dags/02_demo_advanced_patterns.py
[2025-11-18T09:37:20.560+0000] {logging_mixin.py:188} WARNING - /home/airflow/.local/lib/python3.10/site-packages/airflow/models/baseoperator.py:437 RemovedInAirflow3Warning: provide_context is deprecated as of 2.0 and is no longer required
[2025-11-18T09:37:20.561+0000] {logging_mixin.py:188} WARNING - /home/airflow/.local/lib/python3.10/site-packages/airflow/models/baseoperator.py:437 RemovedInAirflow3Warning: none_failed_or_skipped Trigger Rule is deprecated. Please use `none_failed_min_one_success`.
[2025-11-18T09:37:20.563+0000] {processor.py:840} INFO - DAG(s) '02_demo_advanced_patterns' retrieved from /opt/airflow/dags/02_demo_advanced_patterns.py
[2025-11-18T09:37:20.574+0000] {logging_mixin.py:188} INFO - [2025-11-18T09:37:20.574+0000] {dag.py:3033} INFO - Sync 1 DAGs
[2025-11-18T09:37:20.645+0000] {logging_mixin.py:188} INFO - [2025-11-18T09:37:20.645+0000] {dag.py:3820} INFO - Setting next_dagrun for 02_demo_advanced_patterns to 2025-11-17T00:00:00+00:00, run_after=2025-11-18T00:00:00+00:00
[2025-11-18T09:37:20.652+0000] {processor.py:183} INFO - Processing /opt/airflow/dags/02_demo_advanced_patterns.py took 0.207 seconds
[2025-11-18T09:37:50.714+0000] {processor.py:161} INFO - Started process (PID=772) to work on /opt/airflow/dags/02_demo_advanced_patterns.py
[2025-11-18T09:37:50.714+0000] {processor.py:830} INFO - Processing file /opt/airflow/dags/02_demo_advanced_patterns.py for tasks to queue
[2025-11-18T09:37:50.715+0000] {logging_mixin.py:188} INFO - [2025-11-18T09:37:50.715+0000] {dagbag.py:538} INFO - Filling up the DagBag from /opt/airflow/dags/02_demo_advanced_patterns.py
[2025-11-18T09:37:50.828+0000] {logging_mixin.py:188} WARNING - /home/airflow/.local/lib/python3.10/site-packages/airflow/models/baseoperator.py:437 RemovedInAirflow3Warning: provide_context is deprecated as of 2.0 and is no longer required
[2025-11-18T09:37:50.829+0000] {logging_mixin.py:188} WARNING - /home/airflow/.local/lib/python3.10/site-packages/airflow/models/baseoperator.py:437 RemovedInAirflow3Warning: none_failed_or_skipped Trigger Rule is deprecated. Please use `none_failed_min_one_success`.
[2025-11-18T09:37:50.895+0000] {processor.py:840} INFO - DAG(s) '02_demo_advanced_patterns' retrieved from /opt/airflow/dags/02_demo_advanced_patterns.py
[2025-11-18T09:37:50.905+0000] {logging_mixin.py:188} INFO - [2025-11-18T09:37:50.905+0000] {dag.py:3033} INFO - Sync 1 DAGs
[2025-11-18T09:37:50.912+0000] {logging_mixin.py:188} INFO - [2025-11-18T09:37:50.912+0000] {dag.py:3820} INFO - Setting next_dagrun for 02_demo_advanced_patterns to 2025-11-17T00:00:00+00:00, run_after=2025-11-18T00:00:00+00:00
[2025-11-18T09:37:50.918+0000] {processor.py:183} INFO - Processing /opt/airflow/dags/02_demo_advanced_patterns.py took 0.207 seconds
[2025-11-18T09:45:02.167+0000] {processor.py:161} INFO - Started process (PID=775) to work on /opt/airflow/dags/02_demo_advanced_patterns.py
[2025-11-18T09:45:02.168+0000] {processor.py:830} INFO - Processing file /opt/airflow/dags/02_demo_advanced_patterns.py for tasks to queue
[2025-11-18T09:45:02.169+0000] {logging_mixin.py:188} INFO - [2025-11-18T09:45:02.169+0000] {dagbag.py:538} INFO - Filling up the DagBag from /opt/airflow/dags/02_demo_advanced_patterns.py
[2025-11-18T09:45:02.289+0000] {logging_mixin.py:188} WARNING - /home/airflow/.local/lib/python3.10/site-packages/airflow/models/baseoperator.py:437 RemovedInAirflow3Warning: provide_context is deprecated as of 2.0 and is no longer required
[2025-11-18T09:45:02.290+0000] {logging_mixin.py:188} WARNING - /home/airflow/.local/lib/python3.10/site-packages/airflow/models/baseoperator.py:437 RemovedInAirflow3Warning: none_failed_or_skipped Trigger Rule is deprecated. Please use `none_failed_min_one_success`.
[2025-11-18T09:45:02.293+0000] {processor.py:840} INFO - DAG(s) '02_demo_advanced_patterns' retrieved from /opt/airflow/dags/02_demo_advanced_patterns.py
[2025-11-18T09:45:02.305+0000] {logging_mixin.py:188} INFO - [2025-11-18T09:45:02.304+0000] {dag.py:3033} INFO - Sync 1 DAGs
[2025-11-18T09:45:02.412+0000] {logging_mixin.py:188} INFO - [2025-11-18T09:45:02.412+0000] {dag.py:3820} INFO - Setting next_dagrun for 02_demo_advanced_patterns to 2025-11-17T00:00:00+00:00, run_after=2025-11-18T00:00:00+00:00
[2025-11-18T09:45:02.423+0000] {processor.py:183} INFO - Processing /opt/airflow/dags/02_demo_advanced_patterns.py took 0.257 seconds
[2025-11-18T10:50:30.293+0000] {processor.py:161} INFO - Started process (PID=778) to work on /opt/airflow/dags/02_demo_advanced_patterns.py
[2025-11-18T10:50:30.294+0000] {processor.py:830} INFO - Processing file /opt/airflow/dags/02_demo_advanced_patterns.py for tasks to queue
[2025-11-18T10:50:30.296+0000] {logging_mixin.py:188} INFO - [2025-11-18T10:50:30.295+0000] {dagbag.py:538} INFO - Filling up the DagBag from /opt/airflow/dags/02_demo_advanced_patterns.py
[2025-11-18T10:50:30.426+0000] {logging_mixin.py:188} WARNING - /home/airflow/.local/lib/python3.10/site-packages/airflow/models/baseoperator.py:437 RemovedInAirflow3Warning: provide_context is deprecated as of 2.0 and is no longer required
[2025-11-18T10:50:30.427+0000] {logging_mixin.py:188} WARNING - /home/airflow/.local/lib/python3.10/site-packages/airflow/models/baseoperator.py:437 RemovedInAirflow3Warning: none_failed_or_skipped Trigger Rule is deprecated. Please use `none_failed_min_one_success`.
[2025-11-18T10:50:30.430+0000] {processor.py:840} INFO - DAG(s) '02_demo_advanced_patterns' retrieved from /opt/airflow/dags/02_demo_advanced_patterns.py
[2025-11-18T10:50:30.520+0000] {logging_mixin.py:188} INFO - [2025-11-18T10:50:30.520+0000] {dag.py:3033} INFO - Sync 1 DAGs
[2025-11-18T10:50:30.528+0000] {logging_mixin.py:188} INFO - [2025-11-18T10:50:30.528+0000] {dag.py:3820} INFO - Setting next_dagrun for 02_demo_advanced_patterns to 2025-11-17T00:00:00+00:00, run_after=2025-11-18T00:00:00+00:00
[2025-11-18T10:50:30.536+0000] {processor.py:183} INFO - Processing /opt/airflow/dags/02_demo_advanced_patterns.py took 0.245 seconds
[2025-11-18T10:51:00.564+0000] {processor.py:161} INFO - Started process (PID=781) to work on /opt/airflow/dags/02_demo_advanced_patterns.py
[2025-11-18T10:51:00.564+0000] {processor.py:830} INFO - Processing file /opt/airflow/dags/02_demo_advanced_patterns.py for tasks to queue
[2025-11-18T10:51:00.565+0000] {logging_mixin.py:188} INFO - [2025-11-18T10:51:00.565+0000] {dagbag.py:538} INFO - Filling up the DagBag from /opt/airflow/dags/02_demo_advanced_patterns.py
[2025-11-18T10:51:00.670+0000] {logging_mixin.py:188} WARNING - /home/airflow/.local/lib/python3.10/site-packages/airflow/models/baseoperator.py:437 RemovedInAirflow3Warning: provide_context is deprecated as of 2.0 and is no longer required
[2025-11-18T10:51:00.670+0000] {logging_mixin.py:188} WARNING - /home/airflow/.local/lib/python3.10/site-packages/airflow/models/baseoperator.py:437 RemovedInAirflow3Warning: none_failed_or_skipped Trigger Rule is deprecated. Please use `none_failed_min_one_success`.
[2025-11-18T10:51:00.673+0000] {processor.py:840} INFO - DAG(s) '02_demo_advanced_patterns' retrieved from /opt/airflow/dags/02_demo_advanced_patterns.py
[2025-11-18T10:51:00.683+0000] {logging_mixin.py:188} INFO - [2025-11-18T10:51:00.683+0000] {dag.py:3033} INFO - Sync 1 DAGs
[2025-11-18T10:51:00.690+0000] {logging_mixin.py:188} INFO - [2025-11-18T10:51:00.690+0000] {dag.py:3820} INFO - Setting next_dagrun for 02_demo_advanced_patterns to 2025-11-17T00:00:00+00:00, run_after=2025-11-18T00:00:00+00:00
[2025-11-18T10:51:00.697+0000] {processor.py:183} INFO - Processing /opt/airflow/dags/02_demo_advanced_patterns.py took 0.135 seconds
[2025-11-18T10:51:30.860+0000] {processor.py:161} INFO - Started process (PID=784) to work on /opt/airflow/dags/02_demo_advanced_patterns.py
[2025-11-18T10:51:30.861+0000] {processor.py:830} INFO - Processing file /opt/airflow/dags/02_demo_advanced_patterns.py for tasks to queue
[2025-11-18T10:51:30.862+0000] {logging_mixin.py:188} INFO - [2025-11-18T10:51:30.862+0000] {dagbag.py:538} INFO - Filling up the DagBag from /opt/airflow/dags/02_demo_advanced_patterns.py
[2025-11-18T10:51:30.969+0000] {logging_mixin.py:188} WARNING - /home/airflow/.local/lib/python3.10/site-packages/airflow/models/baseoperator.py:437 RemovedInAirflow3Warning: provide_context is deprecated as of 2.0 and is no longer required
[2025-11-18T10:51:30.969+0000] {logging_mixin.py:188} WARNING - /home/airflow/.local/lib/python3.10/site-packages/airflow/models/baseoperator.py:437 RemovedInAirflow3Warning: none_failed_or_skipped Trigger Rule is deprecated. Please use `none_failed_min_one_success`.
[2025-11-18T10:51:30.971+0000] {processor.py:840} INFO - DAG(s) '02_demo_advanced_patterns' retrieved from /opt/airflow/dags/02_demo_advanced_patterns.py
[2025-11-18T10:51:30.982+0000] {logging_mixin.py:188} INFO - [2025-11-18T10:51:30.982+0000] {dag.py:3033} INFO - Sync 1 DAGs
[2025-11-18T10:51:31.051+0000] {logging_mixin.py:188} INFO - [2025-11-18T10:51:31.051+0000] {dag.py:3820} INFO - Setting next_dagrun for 02_demo_advanced_patterns to 2025-11-17T00:00:00+00:00, run_after=2025-11-18T00:00:00+00:00
[2025-11-18T10:51:31.057+0000] {processor.py:183} INFO - Processing /opt/airflow/dags/02_demo_advanced_patterns.py took 0.199 seconds
[2025-11-18T10:52:01.153+0000] {processor.py:161} INFO - Started process (PID=787) to work on /opt/airflow/dags/02_demo_advanced_patterns.py
[2025-11-18T10:52:01.154+0000] {processor.py:830} INFO - Processing file /opt/airflow/dags/02_demo_advanced_patterns.py for tasks to queue
[2025-11-18T10:52:01.155+0000] {logging_mixin.py:188} INFO - [2025-11-18T10:52:01.155+0000] {dagbag.py:538} INFO - Filling up the DagBag from /opt/airflow/dags/02_demo_advanced_patterns.py
[2025-11-18T10:52:01.325+0000] {logging_mixin.py:188} WARNING - /home/airflow/.local/lib/python3.10/site-packages/airflow/models/baseoperator.py:437 RemovedInAirflow3Warning: provide_context is deprecated as of 2.0 and is no longer required
[2025-11-18T10:52:01.326+0000] {logging_mixin.py:188} WARNING - /home/airflow/.local/lib/python3.10/site-packages/airflow/models/baseoperator.py:437 RemovedInAirflow3Warning: none_failed_or_skipped Trigger Rule is deprecated. Please use `none_failed_min_one_success`.
[2025-11-18T10:52:01.328+0000] {processor.py:840} INFO - DAG(s) '02_demo_advanced_patterns' retrieved from /opt/airflow/dags/02_demo_advanced_patterns.py
[2025-11-18T10:52:01.337+0000] {logging_mixin.py:188} INFO - [2025-11-18T10:52:01.337+0000] {dag.py:3033} INFO - Sync 1 DAGs
[2025-11-18T10:52:01.345+0000] {logging_mixin.py:188} INFO - [2025-11-18T10:52:01.344+0000] {dag.py:3820} INFO - Setting next_dagrun for 02_demo_advanced_patterns to 2025-11-17T00:00:00+00:00, run_after=2025-11-18T00:00:00+00:00
[2025-11-18T10:52:01.351+0000] {processor.py:183} INFO - Processing /opt/airflow/dags/02_demo_advanced_patterns.py took 0.199 seconds
[2025-11-18T10:52:31.446+0000] {processor.py:161} INFO - Started process (PID=790) to work on /opt/airflow/dags/02_demo_advanced_patterns.py
[2025-11-18T10:52:31.447+0000] {processor.py:830} INFO - Processing file /opt/airflow/dags/02_demo_advanced_patterns.py for tasks to queue
[2025-11-18T10:52:31.448+0000] {logging_mixin.py:188} INFO - [2025-11-18T10:52:31.448+0000] {dagbag.py:538} INFO - Filling up the DagBag from /opt/airflow/dags/02_demo_advanced_patterns.py
[2025-11-18T10:52:31.559+0000] {logging_mixin.py:188} WARNING - /home/airflow/.local/lib/python3.10/site-packages/airflow/models/baseoperator.py:437 RemovedInAirflow3Warning: provide_context is deprecated as of 2.0 and is no longer required
[2025-11-18T10:52:31.560+0000] {logging_mixin.py:188} WARNING - /home/airflow/.local/lib/python3.10/site-packages/airflow/models/baseoperator.py:437 RemovedInAirflow3Warning: none_failed_or_skipped Trigger Rule is deprecated. Please use `none_failed_min_one_success`.
[2025-11-18T10:52:31.562+0000] {processor.py:840} INFO - DAG(s) '02_demo_advanced_patterns' retrieved from /opt/airflow/dags/02_demo_advanced_patterns.py
[2025-11-18T10:52:31.573+0000] {logging_mixin.py:188} INFO - [2025-11-18T10:52:31.573+0000] {dag.py:3033} INFO - Sync 1 DAGs
[2025-11-18T10:52:31.641+0000] {logging_mixin.py:188} INFO - [2025-11-18T10:52:31.641+0000] {dag.py:3820} INFO - Setting next_dagrun for 02_demo_advanced_patterns to 2025-11-17T00:00:00+00:00, run_after=2025-11-18T00:00:00+00:00
[2025-11-18T10:52:31.649+0000] {processor.py:183} INFO - Processing /opt/airflow/dags/02_demo_advanced_patterns.py took 0.204 seconds
[2025-11-18T10:53:01.725+0000] {processor.py:161} INFO - Started process (PID=793) to work on /opt/airflow/dags/02_demo_advanced_patterns.py
[2025-11-18T10:53:01.725+0000] {processor.py:830} INFO - Processing file /opt/airflow/dags/02_demo_advanced_patterns.py for tasks to queue
[2025-11-18T10:53:01.727+0000] {logging_mixin.py:188} INFO - [2025-11-18T10:53:01.726+0000] {dagbag.py:538} INFO - Filling up the DagBag from /opt/airflow/dags/02_demo_advanced_patterns.py
[2025-11-18T10:53:01.843+0000] {logging_mixin.py:188} WARNING - /home/airflow/.local/lib/python3.10/site-packages/airflow/models/baseoperator.py:437 RemovedInAirflow3Warning: provide_context is deprecated as of 2.0 and is no longer required
[2025-11-18T10:53:01.844+0000] {logging_mixin.py:188} WARNING - /home/airflow/.local/lib/python3.10/site-packages/airflow/models/baseoperator.py:437 RemovedInAirflow3Warning: none_failed_or_skipped Trigger Rule is deprecated. Please use `none_failed_min_one_success`.
[2025-11-18T10:53:01.847+0000] {processor.py:840} INFO - DAG(s) '02_demo_advanced_patterns' retrieved from /opt/airflow/dags/02_demo_advanced_patterns.py
[2025-11-18T10:53:01.929+0000] {logging_mixin.py:188} INFO - [2025-11-18T10:53:01.928+0000] {dag.py:3033} INFO - Sync 1 DAGs
[2025-11-18T10:53:01.936+0000] {logging_mixin.py:188} INFO - [2025-11-18T10:53:01.936+0000] {dag.py:3820} INFO - Setting next_dagrun for 02_demo_advanced_patterns to 2025-11-17T00:00:00+00:00, run_after=2025-11-18T00:00:00+00:00
[2025-11-18T10:53:01.944+0000] {processor.py:183} INFO - Processing /opt/airflow/dags/02_demo_advanced_patterns.py took 0.221 seconds
[2025-11-18T10:53:32.030+0000] {processor.py:161} INFO - Started process (PID=796) to work on /opt/airflow/dags/02_demo_advanced_patterns.py
[2025-11-18T10:53:32.030+0000] {processor.py:830} INFO - Processing file /opt/airflow/dags/02_demo_advanced_patterns.py for tasks to queue
[2025-11-18T10:53:32.031+0000] {logging_mixin.py:188} INFO - [2025-11-18T10:53:32.031+0000] {dagbag.py:538} INFO - Filling up the DagBag from /opt/airflow/dags/02_demo_advanced_patterns.py
[2025-11-18T10:53:32.199+0000] {logging_mixin.py:188} WARNING - /home/airflow/.local/lib/python3.10/site-packages/airflow/models/baseoperator.py:437 RemovedInAirflow3Warning: provide_context is deprecated as of 2.0 and is no longer required
[2025-11-18T10:53:32.200+0000] {logging_mixin.py:188} WARNING - /home/airflow/.local/lib/python3.10/site-packages/airflow/models/baseoperator.py:437 RemovedInAirflow3Warning: none_failed_or_skipped Trigger Rule is deprecated. Please use `none_failed_min_one_success`.
[2025-11-18T10:53:32.202+0000] {processor.py:840} INFO - DAG(s) '02_demo_advanced_patterns' retrieved from /opt/airflow/dags/02_demo_advanced_patterns.py
[2025-11-18T10:53:32.212+0000] {logging_mixin.py:188} INFO - [2025-11-18T10:53:32.211+0000] {dag.py:3033} INFO - Sync 1 DAGs
[2025-11-18T10:53:32.219+0000] {logging_mixin.py:188} INFO - [2025-11-18T10:53:32.218+0000] {dag.py:3820} INFO - Setting next_dagrun for 02_demo_advanced_patterns to 2025-11-17T00:00:00+00:00, run_after=2025-11-18T00:00:00+00:00
[2025-11-18T10:53:32.226+0000] {processor.py:183} INFO - Processing /opt/airflow/dags/02_demo_advanced_patterns.py took 0.198 seconds
[2025-11-18T10:54:02.302+0000] {processor.py:161} INFO - Started process (PID=799) to work on /opt/airflow/dags/02_demo_advanced_patterns.py
[2025-11-18T10:54:02.302+0000] {processor.py:830} INFO - Processing file /opt/airflow/dags/02_demo_advanced_patterns.py for tasks to queue
[2025-11-18T10:54:02.304+0000] {logging_mixin.py:188} INFO - [2025-11-18T10:54:02.304+0000] {dagbag.py:538} INFO - Filling up the DagBag from /opt/airflow/dags/02_demo_advanced_patterns.py
[2025-11-18T10:54:02.411+0000] {logging_mixin.py:188} WARNING - /home/airflow/.local/lib/python3.10/site-packages/airflow/models/baseoperator.py:437 RemovedInAirflow3Warning: provide_context is deprecated as of 2.0 and is no longer required
[2025-11-18T10:54:02.412+0000] {logging_mixin.py:188} WARNING - /home/airflow/.local/lib/python3.10/site-packages/airflow/models/baseoperator.py:437 RemovedInAirflow3Warning: none_failed_or_skipped Trigger Rule is deprecated. Please use `none_failed_min_one_success`.
[2025-11-18T10:54:02.414+0000] {processor.py:840} INFO - DAG(s) '02_demo_advanced_patterns' retrieved from /opt/airflow/dags/02_demo_advanced_patterns.py
[2025-11-18T10:54:02.425+0000] {logging_mixin.py:188} INFO - [2025-11-18T10:54:02.425+0000] {dag.py:3033} INFO - Sync 1 DAGs
[2025-11-18T10:54:02.491+0000] {logging_mixin.py:188} INFO - [2025-11-18T10:54:02.491+0000] {dag.py:3820} INFO - Setting next_dagrun for 02_demo_advanced_patterns to 2025-11-17T00:00:00+00:00, run_after=2025-11-18T00:00:00+00:00
[2025-11-18T10:54:02.498+0000] {processor.py:183} INFO - Processing /opt/airflow/dags/02_demo_advanced_patterns.py took 0.197 seconds
[2025-11-18T10:54:32.601+0000] {processor.py:161} INFO - Started process (PID=802) to work on /opt/airflow/dags/02_demo_advanced_patterns.py
[2025-11-18T10:54:32.601+0000] {processor.py:830} INFO - Processing file /opt/airflow/dags/02_demo_advanced_patterns.py for tasks to queue
[2025-11-18T10:54:32.603+0000] {logging_mixin.py:188} INFO - [2025-11-18T10:54:32.602+0000] {dagbag.py:538} INFO - Filling up the DagBag from /opt/airflow/dags/02_demo_advanced_patterns.py
[2025-11-18T10:54:32.771+0000] {logging_mixin.py:188} WARNING - /home/airflow/.local/lib/python3.10/site-packages/airflow/models/baseoperator.py:437 RemovedInAirflow3Warning: provide_context is deprecated as of 2.0 and is no longer required
[2025-11-18T10:54:32.772+0000] {logging_mixin.py:188} WARNING - /home/airflow/.local/lib/python3.10/site-packages/airflow/models/baseoperator.py:437 RemovedInAirflow3Warning: none_failed_or_skipped Trigger Rule is deprecated. Please use `none_failed_min_one_success`.
[2025-11-18T10:54:32.774+0000] {processor.py:840} INFO - DAG(s) '02_demo_advanced_patterns' retrieved from /opt/airflow/dags/02_demo_advanced_patterns.py
[2025-11-18T10:54:32.784+0000] {logging_mixin.py:188} INFO - [2025-11-18T10:54:32.784+0000] {dag.py:3033} INFO - Sync 1 DAGs
[2025-11-18T10:54:32.791+0000] {logging_mixin.py:188} INFO - [2025-11-18T10:54:32.791+0000] {dag.py:3820} INFO - Setting next_dagrun for 02_demo_advanced_patterns to 2025-11-17T00:00:00+00:00, run_after=2025-11-18T00:00:00+00:00
[2025-11-18T10:54:32.798+0000] {processor.py:183} INFO - Processing /opt/airflow/dags/02_demo_advanced_patterns.py took 0.199 seconds
[2025-11-18T10:55:02.909+0000] {processor.py:161} INFO - Started process (PID=805) to work on /opt/airflow/dags/02_demo_advanced_patterns.py
[2025-11-18T10:55:02.910+0000] {processor.py:830} INFO - Processing file /opt/airflow/dags/02_demo_advanced_patterns.py for tasks to queue
[2025-11-18T10:55:02.911+0000] {logging_mixin.py:188} INFO - [2025-11-18T10:55:02.911+0000] {dagbag.py:538} INFO - Filling up the DagBag from /opt/airflow/dags/02_demo_advanced_patterns.py
[2025-11-18T10:55:03.094+0000] {logging_mixin.py:188} WARNING - /home/airflow/.local/lib/python3.10/site-packages/airflow/models/baseoperator.py:437 RemovedInAirflow3Warning: provide_context is deprecated as of 2.0 and is no longer required
[2025-11-18T10:55:03.095+0000] {logging_mixin.py:188} WARNING - /home/airflow/.local/lib/python3.10/site-packages/airflow/models/baseoperator.py:437 RemovedInAirflow3Warning: none_failed_or_skipped Trigger Rule is deprecated. Please use `none_failed_min_one_success`.
[2025-11-18T10:55:03.097+0000] {processor.py:840} INFO - DAG(s) '02_demo_advanced_patterns' retrieved from /opt/airflow/dags/02_demo_advanced_patterns.py
[2025-11-18T10:55:03.107+0000] {logging_mixin.py:188} INFO - [2025-11-18T10:55:03.107+0000] {dag.py:3033} INFO - Sync 1 DAGs
[2025-11-18T10:55:03.116+0000] {logging_mixin.py:188} INFO - [2025-11-18T10:55:03.115+0000] {dag.py:3820} INFO - Setting next_dagrun for 02_demo_advanced_patterns to 2025-11-17T00:00:00+00:00, run_after=2025-11-18T00:00:00+00:00
[2025-11-18T10:55:03.123+0000] {processor.py:183} INFO - Processing /opt/airflow/dags/02_demo_advanced_patterns.py took 0.217 seconds
[2025-11-18T10:55:33.196+0000] {processor.py:161} INFO - Started process (PID=808) to work on /opt/airflow/dags/02_demo_advanced_patterns.py
[2025-11-18T10:55:33.196+0000] {processor.py:830} INFO - Processing file /opt/airflow/dags/02_demo_advanced_patterns.py for tasks to queue
[2025-11-18T10:55:33.198+0000] {logging_mixin.py:188} INFO - [2025-11-18T10:55:33.198+0000] {dagbag.py:538} INFO - Filling up the DagBag from /opt/airflow/dags/02_demo_advanced_patterns.py
[2025-11-18T10:55:33.370+0000] {logging_mixin.py:188} WARNING - /home/airflow/.local/lib/python3.10/site-packages/airflow/models/baseoperator.py:437 RemovedInAirflow3Warning: provide_context is deprecated as of 2.0 and is no longer required
[2025-11-18T10:55:33.371+0000] {logging_mixin.py:188} WARNING - /home/airflow/.local/lib/python3.10/site-packages/airflow/models/baseoperator.py:437 RemovedInAirflow3Warning: none_failed_or_skipped Trigger Rule is deprecated. Please use `none_failed_min_one_success`.
[2025-11-18T10:55:33.373+0000] {processor.py:840} INFO - DAG(s) '02_demo_advanced_patterns' retrieved from /opt/airflow/dags/02_demo_advanced_patterns.py
[2025-11-18T10:55:33.383+0000] {logging_mixin.py:188} INFO - [2025-11-18T10:55:33.383+0000] {dag.py:3033} INFO - Sync 1 DAGs
[2025-11-18T10:55:33.391+0000] {logging_mixin.py:188} INFO - [2025-11-18T10:55:33.391+0000] {dag.py:3820} INFO - Setting next_dagrun for 02_demo_advanced_patterns to 2025-11-17T00:00:00+00:00, run_after=2025-11-18T00:00:00+00:00
[2025-11-18T10:55:33.398+0000] {processor.py:183} INFO - Processing /opt/airflow/dags/02_demo_advanced_patterns.py took 0.204 seconds
[2025-11-18T10:56:03.467+0000] {processor.py:161} INFO - Started process (PID=811) to work on /opt/airflow/dags/02_demo_advanced_patterns.py
[2025-11-18T10:56:03.468+0000] {processor.py:830} INFO - Processing file /opt/airflow/dags/02_demo_advanced_patterns.py for tasks to queue
[2025-11-18T10:56:03.469+0000] {logging_mixin.py:188} INFO - [2025-11-18T10:56:03.469+0000] {dagbag.py:538} INFO - Filling up the DagBag from /opt/airflow/dags/02_demo_advanced_patterns.py
[2025-11-18T10:56:03.652+0000] {logging_mixin.py:188} WARNING - /home/airflow/.local/lib/python3.10/site-packages/airflow/models/baseoperator.py:437 RemovedInAirflow3Warning: provide_context is deprecated as of 2.0 and is no longer required
[2025-11-18T10:56:03.653+0000] {logging_mixin.py:188} WARNING - /home/airflow/.local/lib/python3.10/site-packages/airflow/models/baseoperator.py:437 RemovedInAirflow3Warning: none_failed_or_skipped Trigger Rule is deprecated. Please use `none_failed_min_one_success`.
[2025-11-18T10:56:03.655+0000] {processor.py:840} INFO - DAG(s) '02_demo_advanced_patterns' retrieved from /opt/airflow/dags/02_demo_advanced_patterns.py
[2025-11-18T10:56:03.665+0000] {logging_mixin.py:188} INFO - [2025-11-18T10:56:03.665+0000] {dag.py:3033} INFO - Sync 1 DAGs
[2025-11-18T10:56:03.674+0000] {logging_mixin.py:188} INFO - [2025-11-18T10:56:03.674+0000] {dag.py:3820} INFO - Setting next_dagrun for 02_demo_advanced_patterns to 2025-11-17T00:00:00+00:00, run_after=2025-11-18T00:00:00+00:00
[2025-11-18T10:56:03.681+0000] {processor.py:183} INFO - Processing /opt/airflow/dags/02_demo_advanced_patterns.py took 0.215 seconds
[2025-11-18T10:56:33.709+0000] {processor.py:161} INFO - Started process (PID=814) to work on /opt/airflow/dags/02_demo_advanced_patterns.py
[2025-11-18T10:56:33.710+0000] {processor.py:830} INFO - Processing file /opt/airflow/dags/02_demo_advanced_patterns.py for tasks to queue
[2025-11-18T10:56:33.711+0000] {logging_mixin.py:188} INFO - [2025-11-18T10:56:33.711+0000] {dagbag.py:538} INFO - Filling up the DagBag from /opt/airflow/dags/02_demo_advanced_patterns.py
[2025-11-18T10:56:33.898+0000] {logging_mixin.py:188} WARNING - /home/airflow/.local/lib/python3.10/site-packages/airflow/models/baseoperator.py:437 RemovedInAirflow3Warning: provide_context is deprecated as of 2.0 and is no longer required
[2025-11-18T10:56:33.899+0000] {logging_mixin.py:188} WARNING - /home/airflow/.local/lib/python3.10/site-packages/airflow/models/baseoperator.py:437 RemovedInAirflow3Warning: none_failed_or_skipped Trigger Rule is deprecated. Please use `none_failed_min_one_success`.
[2025-11-18T10:56:33.902+0000] {processor.py:840} INFO - DAG(s) '02_demo_advanced_patterns' retrieved from /opt/airflow/dags/02_demo_advanced_patterns.py
[2025-11-18T10:56:33.914+0000] {logging_mixin.py:188} INFO - [2025-11-18T10:56:33.914+0000] {dag.py:3033} INFO - Sync 1 DAGs
[2025-11-18T10:56:33.921+0000] {logging_mixin.py:188} INFO - [2025-11-18T10:56:33.921+0000] {dag.py:3820} INFO - Setting next_dagrun for 02_demo_advanced_patterns to 2025-11-17T00:00:00+00:00, run_after=2025-11-18T00:00:00+00:00
[2025-11-18T10:56:33.928+0000] {processor.py:183} INFO - Processing /opt/airflow/dags/02_demo_advanced_patterns.py took 0.221 seconds
[2025-11-18T10:57:03.981+0000] {processor.py:161} INFO - Started process (PID=817) to work on /opt/airflow/dags/02_demo_advanced_patterns.py
[2025-11-18T10:57:03.981+0000] {processor.py:830} INFO - Processing file /opt/airflow/dags/02_demo_advanced_patterns.py for tasks to queue
[2025-11-18T10:57:03.983+0000] {logging_mixin.py:188} INFO - [2025-11-18T10:57:03.983+0000] {dagbag.py:538} INFO - Filling up the DagBag from /opt/airflow/dags/02_demo_advanced_patterns.py
[2025-11-18T10:57:04.154+0000] {logging_mixin.py:188} WARNING - /home/airflow/.local/lib/python3.10/site-packages/airflow/models/baseoperator.py:437 RemovedInAirflow3Warning: provide_context is deprecated as of 2.0 and is no longer required
[2025-11-18T10:57:04.155+0000] {logging_mixin.py:188} WARNING - /home/airflow/.local/lib/python3.10/site-packages/airflow/models/baseoperator.py:437 RemovedInAirflow3Warning: none_failed_or_skipped Trigger Rule is deprecated. Please use `none_failed_min_one_success`.
[2025-11-18T10:57:04.157+0000] {processor.py:840} INFO - DAG(s) '02_demo_advanced_patterns' retrieved from /opt/airflow/dags/02_demo_advanced_patterns.py
[2025-11-18T10:57:04.166+0000] {logging_mixin.py:188} INFO - [2025-11-18T10:57:04.166+0000] {dag.py:3033} INFO - Sync 1 DAGs
[2025-11-18T10:57:04.173+0000] {logging_mixin.py:188} INFO - [2025-11-18T10:57:04.173+0000] {dag.py:3820} INFO - Setting next_dagrun for 02_demo_advanced_patterns to 2025-11-17T00:00:00+00:00, run_after=2025-11-18T00:00:00+00:00
[2025-11-18T10:57:04.180+0000] {processor.py:183} INFO - Processing /opt/airflow/dags/02_demo_advanced_patterns.py took 0.201 seconds
[2025-11-18T10:57:34.271+0000] {processor.py:161} INFO - Started process (PID=820) to work on /opt/airflow/dags/02_demo_advanced_patterns.py
[2025-11-18T10:57:34.272+0000] {processor.py:830} INFO - Processing file /opt/airflow/dags/02_demo_advanced_patterns.py for tasks to queue
[2025-11-18T10:57:34.274+0000] {logging_mixin.py:188} INFO - [2025-11-18T10:57:34.274+0000] {dagbag.py:538} INFO - Filling up the DagBag from /opt/airflow/dags/02_demo_advanced_patterns.py
[2025-11-18T10:57:34.449+0000] {logging_mixin.py:188} WARNING - /home/airflow/.local/lib/python3.10/site-packages/airflow/models/baseoperator.py:437 RemovedInAirflow3Warning: provide_context is deprecated as of 2.0 and is no longer required
[2025-11-18T10:57:34.450+0000] {logging_mixin.py:188} WARNING - /home/airflow/.local/lib/python3.10/site-packages/airflow/models/baseoperator.py:437 RemovedInAirflow3Warning: none_failed_or_skipped Trigger Rule is deprecated. Please use `none_failed_min_one_success`.
[2025-11-18T10:57:34.452+0000] {processor.py:840} INFO - DAG(s) '02_demo_advanced_patterns' retrieved from /opt/airflow/dags/02_demo_advanced_patterns.py
[2025-11-18T10:57:34.462+0000] {logging_mixin.py:188} INFO - [2025-11-18T10:57:34.462+0000] {dag.py:3033} INFO - Sync 1 DAGs
[2025-11-18T10:57:34.470+0000] {logging_mixin.py:188} INFO - [2025-11-18T10:57:34.470+0000] {dag.py:3820} INFO - Setting next_dagrun for 02_demo_advanced_patterns to 2025-11-17T00:00:00+00:00, run_after=2025-11-18T00:00:00+00:00
[2025-11-18T10:57:34.476+0000] {processor.py:183} INFO - Processing /opt/airflow/dags/02_demo_advanced_patterns.py took 0.208 seconds
[2025-11-18T10:58:04.563+0000] {processor.py:161} INFO - Started process (PID=823) to work on /opt/airflow/dags/02_demo_advanced_patterns.py
[2025-11-18T10:58:04.564+0000] {processor.py:830} INFO - Processing file /opt/airflow/dags/02_demo_advanced_patterns.py for tasks to queue
[2025-11-18T10:58:04.566+0000] {logging_mixin.py:188} INFO - [2025-11-18T10:58:04.566+0000] {dagbag.py:538} INFO - Filling up the DagBag from /opt/airflow/dags/02_demo_advanced_patterns.py
[2025-11-18T10:58:04.761+0000] {logging_mixin.py:188} WARNING - /home/airflow/.local/lib/python3.10/site-packages/airflow/models/baseoperator.py:437 RemovedInAirflow3Warning: provide_context is deprecated as of 2.0 and is no longer required
[2025-11-18T10:58:04.762+0000] {logging_mixin.py:188} WARNING - /home/airflow/.local/lib/python3.10/site-packages/airflow/models/baseoperator.py:437 RemovedInAirflow3Warning: none_failed_or_skipped Trigger Rule is deprecated. Please use `none_failed_min_one_success`.
[2025-11-18T10:58:04.764+0000] {processor.py:840} INFO - DAG(s) '02_demo_advanced_patterns' retrieved from /opt/airflow/dags/02_demo_advanced_patterns.py
[2025-11-18T10:58:04.776+0000] {logging_mixin.py:188} INFO - [2025-11-18T10:58:04.776+0000] {dag.py:3033} INFO - Sync 1 DAGs
[2025-11-18T10:58:04.786+0000] {logging_mixin.py:188} INFO - [2025-11-18T10:58:04.786+0000] {dag.py:3820} INFO - Setting next_dagrun for 02_demo_advanced_patterns to 2025-11-17T00:00:00+00:00, run_after=2025-11-18T00:00:00+00:00
[2025-11-18T10:58:04.794+0000] {processor.py:183} INFO - Processing /opt/airflow/dags/02_demo_advanced_patterns.py took 0.232 seconds
[2025-11-18T10:58:34.842+0000] {processor.py:161} INFO - Started process (PID=826) to work on /opt/airflow/dags/02_demo_advanced_patterns.py
[2025-11-18T10:58:34.842+0000] {processor.py:830} INFO - Processing file /opt/airflow/dags/02_demo_advanced_patterns.py for tasks to queue
[2025-11-18T10:58:34.843+0000] {logging_mixin.py:188} INFO - [2025-11-18T10:58:34.843+0000] {dagbag.py:538} INFO - Filling up the DagBag from /opt/airflow/dags/02_demo_advanced_patterns.py
[2025-11-18T10:58:35.014+0000] {logging_mixin.py:188} WARNING - /home/airflow/.local/lib/python3.10/site-packages/airflow/models/baseoperator.py:437 RemovedInAirflow3Warning: provide_context is deprecated as of 2.0 and is no longer required
[2025-11-18T10:58:35.015+0000] {logging_mixin.py:188} WARNING - /home/airflow/.local/lib/python3.10/site-packages/airflow/models/baseoperator.py:437 RemovedInAirflow3Warning: none_failed_or_skipped Trigger Rule is deprecated. Please use `none_failed_min_one_success`.
[2025-11-18T10:58:35.017+0000] {processor.py:840} INFO - DAG(s) '02_demo_advanced_patterns' retrieved from /opt/airflow/dags/02_demo_advanced_patterns.py
[2025-11-18T10:58:35.026+0000] {logging_mixin.py:188} INFO - [2025-11-18T10:58:35.026+0000] {dag.py:3033} INFO - Sync 1 DAGs
[2025-11-18T10:58:35.034+0000] {logging_mixin.py:188} INFO - [2025-11-18T10:58:35.034+0000] {dag.py:3820} INFO - Setting next_dagrun for 02_demo_advanced_patterns to 2025-11-17T00:00:00+00:00, run_after=2025-11-18T00:00:00+00:00
[2025-11-18T10:58:35.041+0000] {processor.py:183} INFO - Processing /opt/airflow/dags/02_demo_advanced_patterns.py took 0.201 seconds
[2025-11-18T10:59:05.125+0000] {processor.py:161} INFO - Started process (PID=829) to work on /opt/airflow/dags/02_demo_advanced_patterns.py
[2025-11-18T10:59:05.126+0000] {processor.py:830} INFO - Processing file /opt/airflow/dags/02_demo_advanced_patterns.py for tasks to queue
[2025-11-18T10:59:05.127+0000] {logging_mixin.py:188} INFO - [2025-11-18T10:59:05.127+0000] {dagbag.py:538} INFO - Filling up the DagBag from /opt/airflow/dags/02_demo_advanced_patterns.py
[2025-11-18T10:59:05.299+0000] {logging_mixin.py:188} WARNING - /home/airflow/.local/lib/python3.10/site-packages/airflow/models/baseoperator.py:437 RemovedInAirflow3Warning: provide_context is deprecated as of 2.0 and is no longer required
[2025-11-18T10:59:05.300+0000] {logging_mixin.py:188} WARNING - /home/airflow/.local/lib/python3.10/site-packages/airflow/models/baseoperator.py:437 RemovedInAirflow3Warning: none_failed_or_skipped Trigger Rule is deprecated. Please use `none_failed_min_one_success`.
[2025-11-18T10:59:05.302+0000] {processor.py:840} INFO - DAG(s) '02_demo_advanced_patterns' retrieved from /opt/airflow/dags/02_demo_advanced_patterns.py
[2025-11-18T10:59:05.312+0000] {logging_mixin.py:188} INFO - [2025-11-18T10:59:05.311+0000] {dag.py:3033} INFO - Sync 1 DAGs
[2025-11-18T10:59:05.319+0000] {logging_mixin.py:188} INFO - [2025-11-18T10:59:05.319+0000] {dag.py:3820} INFO - Setting next_dagrun for 02_demo_advanced_patterns to 2025-11-17T00:00:00+00:00, run_after=2025-11-18T00:00:00+00:00
[2025-11-18T10:59:05.325+0000] {processor.py:183} INFO - Processing /opt/airflow/dags/02_demo_advanced_patterns.py took 0.202 seconds
[2025-11-18T10:59:35.424+0000] {processor.py:161} INFO - Started process (PID=832) to work on /opt/airflow/dags/02_demo_advanced_patterns.py
[2025-11-18T10:59:35.425+0000] {processor.py:830} INFO - Processing file /opt/airflow/dags/02_demo_advanced_patterns.py for tasks to queue
[2025-11-18T10:59:35.426+0000] {logging_mixin.py:188} INFO - [2025-11-18T10:59:35.426+0000] {dagbag.py:538} INFO - Filling up the DagBag from /opt/airflow/dags/02_demo_advanced_patterns.py
[2025-11-18T10:59:35.600+0000] {logging_mixin.py:188} WARNING - /home/airflow/.local/lib/python3.10/site-packages/airflow/models/baseoperator.py:437 RemovedInAirflow3Warning: provide_context is deprecated as of 2.0 and is no longer required
[2025-11-18T10:59:35.601+0000] {logging_mixin.py:188} WARNING - /home/airflow/.local/lib/python3.10/site-packages/airflow/models/baseoperator.py:437 RemovedInAirflow3Warning: none_failed_or_skipped Trigger Rule is deprecated. Please use `none_failed_min_one_success`.
[2025-11-18T10:59:35.603+0000] {processor.py:840} INFO - DAG(s) '02_demo_advanced_patterns' retrieved from /opt/airflow/dags/02_demo_advanced_patterns.py
[2025-11-18T10:59:35.613+0000] {logging_mixin.py:188} INFO - [2025-11-18T10:59:35.613+0000] {dag.py:3033} INFO - Sync 1 DAGs
[2025-11-18T10:59:35.621+0000] {logging_mixin.py:188} INFO - [2025-11-18T10:59:35.621+0000] {dag.py:3820} INFO - Setting next_dagrun for 02_demo_advanced_patterns to 2025-11-17T00:00:00+00:00, run_after=2025-11-18T00:00:00+00:00
[2025-11-18T10:59:35.628+0000] {processor.py:183} INFO - Processing /opt/airflow/dags/02_demo_advanced_patterns.py took 0.205 seconds
[2025-11-18T11:00:05.707+0000] {processor.py:161} INFO - Started process (PID=835) to work on /opt/airflow/dags/02_demo_advanced_patterns.py
[2025-11-18T11:00:05.708+0000] {processor.py:830} INFO - Processing file /opt/airflow/dags/02_demo_advanced_patterns.py for tasks to queue
[2025-11-18T11:00:05.710+0000] {logging_mixin.py:188} INFO - [2025-11-18T11:00:05.710+0000] {dagbag.py:538} INFO - Filling up the DagBag from /opt/airflow/dags/02_demo_advanced_patterns.py
[2025-11-18T11:00:05.896+0000] {logging_mixin.py:188} WARNING - /home/airflow/.local/lib/python3.10/site-packages/airflow/models/baseoperator.py:437 RemovedInAirflow3Warning: provide_context is deprecated as of 2.0 and is no longer required
[2025-11-18T11:00:05.897+0000] {logging_mixin.py:188} WARNING - /home/airflow/.local/lib/python3.10/site-packages/airflow/models/baseoperator.py:437 RemovedInAirflow3Warning: none_failed_or_skipped Trigger Rule is deprecated. Please use `none_failed_min_one_success`.
[2025-11-18T11:00:05.899+0000] {processor.py:840} INFO - DAG(s) '02_demo_advanced_patterns' retrieved from /opt/airflow/dags/02_demo_advanced_patterns.py
[2025-11-18T11:00:05.910+0000] {logging_mixin.py:188} INFO - [2025-11-18T11:00:05.910+0000] {dag.py:3033} INFO - Sync 1 DAGs
[2025-11-18T11:00:05.918+0000] {logging_mixin.py:188} INFO - [2025-11-18T11:00:05.918+0000] {dag.py:3820} INFO - Setting next_dagrun for 02_demo_advanced_patterns to 2025-11-17T00:00:00+00:00, run_after=2025-11-18T00:00:00+00:00
[2025-11-18T11:00:05.925+0000] {processor.py:183} INFO - Processing /opt/airflow/dags/02_demo_advanced_patterns.py took 0.221 seconds
[2025-11-18T11:00:36.025+0000] {processor.py:161} INFO - Started process (PID=838) to work on /opt/airflow/dags/02_demo_advanced_patterns.py
[2025-11-18T11:00:36.026+0000] {processor.py:830} INFO - Processing file /opt/airflow/dags/02_demo_advanced_patterns.py for tasks to queue
[2025-11-18T11:00:36.027+0000] {logging_mixin.py:188} INFO - [2025-11-18T11:00:36.027+0000] {dagbag.py:538} INFO - Filling up the DagBag from /opt/airflow/dags/02_demo_advanced_patterns.py
[2025-11-18T11:00:36.202+0000] {logging_mixin.py:188} WARNING - /home/airflow/.local/lib/python3.10/site-packages/airflow/models/baseoperator.py:437 RemovedInAirflow3Warning: provide_context is deprecated as of 2.0 and is no longer required
[2025-11-18T11:00:36.203+0000] {logging_mixin.py:188} WARNING - /home/airflow/.local/lib/python3.10/site-packages/airflow/models/baseoperator.py:437 RemovedInAirflow3Warning: none_failed_or_skipped Trigger Rule is deprecated. Please use `none_failed_min_one_success`.
[2025-11-18T11:00:36.205+0000] {processor.py:840} INFO - DAG(s) '02_demo_advanced_patterns' retrieved from /opt/airflow/dags/02_demo_advanced_patterns.py
[2025-11-18T11:00:36.215+0000] {logging_mixin.py:188} INFO - [2025-11-18T11:00:36.215+0000] {dag.py:3033} INFO - Sync 1 DAGs
[2025-11-18T11:00:36.223+0000] {logging_mixin.py:188} INFO - [2025-11-18T11:00:36.223+0000] {dag.py:3820} INFO - Setting next_dagrun for 02_demo_advanced_patterns to 2025-11-17T00:00:00+00:00, run_after=2025-11-18T00:00:00+00:00
[2025-11-18T11:00:36.229+0000] {processor.py:183} INFO - Processing /opt/airflow/dags/02_demo_advanced_patterns.py took 0.206 seconds
[2025-11-18T11:01:06.331+0000] {processor.py:161} INFO - Started process (PID=841) to work on /opt/airflow/dags/02_demo_advanced_patterns.py
[2025-11-18T11:01:06.332+0000] {processor.py:830} INFO - Processing file /opt/airflow/dags/02_demo_advanced_patterns.py for tasks to queue
[2025-11-18T11:01:06.334+0000] {logging_mixin.py:188} INFO - [2025-11-18T11:01:06.334+0000] {dagbag.py:538} INFO - Filling up the DagBag from /opt/airflow/dags/02_demo_advanced_patterns.py
[2025-11-18T11:01:06.534+0000] {logging_mixin.py:188} WARNING - /home/airflow/.local/lib/python3.10/site-packages/airflow/models/baseoperator.py:437 RemovedInAirflow3Warning: provide_context is deprecated as of 2.0 and is no longer required
[2025-11-18T11:01:06.535+0000] {logging_mixin.py:188} WARNING - /home/airflow/.local/lib/python3.10/site-packages/airflow/models/baseoperator.py:437 RemovedInAirflow3Warning: none_failed_or_skipped Trigger Rule is deprecated. Please use `none_failed_min_one_success`.
[2025-11-18T11:01:06.537+0000] {processor.py:840} INFO - DAG(s) '02_demo_advanced_patterns' retrieved from /opt/airflow/dags/02_demo_advanced_patterns.py
[2025-11-18T11:01:06.549+0000] {logging_mixin.py:188} INFO - [2025-11-18T11:01:06.549+0000] {dag.py:3033} INFO - Sync 1 DAGs
[2025-11-18T11:01:06.558+0000] {logging_mixin.py:188} INFO - [2025-11-18T11:01:06.558+0000] {dag.py:3820} INFO - Setting next_dagrun for 02_demo_advanced_patterns to 2025-11-17T00:00:00+00:00, run_after=2025-11-18T00:00:00+00:00
[2025-11-18T11:01:06.565+0000] {processor.py:183} INFO - Processing /opt/airflow/dags/02_demo_advanced_patterns.py took 0.236 seconds
[2025-11-18T11:01:36.623+0000] {processor.py:161} INFO - Started process (PID=844) to work on /opt/airflow/dags/02_demo_advanced_patterns.py
[2025-11-18T11:01:36.624+0000] {processor.py:830} INFO - Processing file /opt/airflow/dags/02_demo_advanced_patterns.py for tasks to queue
[2025-11-18T11:01:36.625+0000] {logging_mixin.py:188} INFO - [2025-11-18T11:01:36.625+0000] {dagbag.py:538} INFO - Filling up the DagBag from /opt/airflow/dags/02_demo_advanced_patterns.py
[2025-11-18T11:01:36.811+0000] {logging_mixin.py:188} WARNING - /home/airflow/.local/lib/python3.10/site-packages/airflow/models/baseoperator.py:437 RemovedInAirflow3Warning: provide_context is deprecated as of 2.0 and is no longer required
[2025-11-18T11:01:36.812+0000] {logging_mixin.py:188} WARNING - /home/airflow/.local/lib/python3.10/site-packages/airflow/models/baseoperator.py:437 RemovedInAirflow3Warning: none_failed_or_skipped Trigger Rule is deprecated. Please use `none_failed_min_one_success`.
[2025-11-18T11:01:36.815+0000] {processor.py:840} INFO - DAG(s) '02_demo_advanced_patterns' retrieved from /opt/airflow/dags/02_demo_advanced_patterns.py
[2025-11-18T11:01:36.826+0000] {logging_mixin.py:188} INFO - [2025-11-18T11:01:36.825+0000] {dag.py:3033} INFO - Sync 1 DAGs
[2025-11-18T11:01:36.835+0000] {logging_mixin.py:188} INFO - [2025-11-18T11:01:36.835+0000] {dag.py:3820} INFO - Setting next_dagrun for 02_demo_advanced_patterns to 2025-11-17T00:00:00+00:00, run_after=2025-11-18T00:00:00+00:00
[2025-11-18T11:01:36.842+0000] {processor.py:183} INFO - Processing /opt/airflow/dags/02_demo_advanced_patterns.py took 0.221 seconds
[2025-11-18T11:02:06.911+0000] {processor.py:161} INFO - Started process (PID=847) to work on /opt/airflow/dags/02_demo_advanced_patterns.py
[2025-11-18T11:02:06.912+0000] {processor.py:830} INFO - Processing file /opt/airflow/dags/02_demo_advanced_patterns.py for tasks to queue
[2025-11-18T11:02:06.913+0000] {logging_mixin.py:188} INFO - [2025-11-18T11:02:06.913+0000] {dagbag.py:538} INFO - Filling up the DagBag from /opt/airflow/dags/02_demo_advanced_patterns.py
[2025-11-18T11:02:07.087+0000] {logging_mixin.py:188} WARNING - /home/airflow/.local/lib/python3.10/site-packages/airflow/models/baseoperator.py:437 RemovedInAirflow3Warning: provide_context is deprecated as of 2.0 and is no longer required
[2025-11-18T11:02:07.087+0000] {logging_mixin.py:188} WARNING - /home/airflow/.local/lib/python3.10/site-packages/airflow/models/baseoperator.py:437 RemovedInAirflow3Warning: none_failed_or_skipped Trigger Rule is deprecated. Please use `none_failed_min_one_success`.
[2025-11-18T11:02:07.089+0000] {processor.py:840} INFO - DAG(s) '02_demo_advanced_patterns' retrieved from /opt/airflow/dags/02_demo_advanced_patterns.py
[2025-11-18T11:02:07.099+0000] {logging_mixin.py:188} INFO - [2025-11-18T11:02:07.099+0000] {dag.py:3033} INFO - Sync 1 DAGs
[2025-11-18T11:02:07.107+0000] {logging_mixin.py:188} INFO - [2025-11-18T11:02:07.107+0000] {dag.py:3820} INFO - Setting next_dagrun for 02_demo_advanced_patterns to 2025-11-17T00:00:00+00:00, run_after=2025-11-18T00:00:00+00:00
[2025-11-18T11:02:07.114+0000] {processor.py:183} INFO - Processing /opt/airflow/dags/02_demo_advanced_patterns.py took 0.205 seconds
[2025-11-18T11:02:37.180+0000] {processor.py:161} INFO - Started process (PID=850) to work on /opt/airflow/dags/02_demo_advanced_patterns.py
[2025-11-18T11:02:37.181+0000] {processor.py:830} INFO - Processing file /opt/airflow/dags/02_demo_advanced_patterns.py for tasks to queue
[2025-11-18T11:02:37.182+0000] {logging_mixin.py:188} INFO - [2025-11-18T11:02:37.182+0000] {dagbag.py:538} INFO - Filling up the DagBag from /opt/airflow/dags/02_demo_advanced_patterns.py
[2025-11-18T11:02:37.362+0000] {logging_mixin.py:188} WARNING - /home/airflow/.local/lib/python3.10/site-packages/airflow/models/baseoperator.py:437 RemovedInAirflow3Warning: provide_context is deprecated as of 2.0 and is no longer required
[2025-11-18T11:02:37.363+0000] {logging_mixin.py:188} WARNING - /home/airflow/.local/lib/python3.10/site-packages/airflow/models/baseoperator.py:437 RemovedInAirflow3Warning: none_failed_or_skipped Trigger Rule is deprecated. Please use `none_failed_min_one_success`.
[2025-11-18T11:02:37.365+0000] {processor.py:840} INFO - DAG(s) '02_demo_advanced_patterns' retrieved from /opt/airflow/dags/02_demo_advanced_patterns.py
[2025-11-18T11:02:37.376+0000] {logging_mixin.py:188} INFO - [2025-11-18T11:02:37.376+0000] {dag.py:3033} INFO - Sync 1 DAGs
[2025-11-18T11:02:37.384+0000] {logging_mixin.py:188} INFO - [2025-11-18T11:02:37.384+0000] {dag.py:3820} INFO - Setting next_dagrun for 02_demo_advanced_patterns to 2025-11-17T00:00:00+00:00, run_after=2025-11-18T00:00:00+00:00
[2025-11-18T11:02:37.391+0000] {processor.py:183} INFO - Processing /opt/airflow/dags/02_demo_advanced_patterns.py took 0.213 seconds
[2025-11-18T11:03:07.445+0000] {processor.py:161} INFO - Started process (PID=853) to work on /opt/airflow/dags/02_demo_advanced_patterns.py
[2025-11-18T11:03:07.446+0000] {processor.py:830} INFO - Processing file /opt/airflow/dags/02_demo_advanced_patterns.py for tasks to queue
[2025-11-18T11:03:07.447+0000] {logging_mixin.py:188} INFO - [2025-11-18T11:03:07.447+0000] {dagbag.py:538} INFO - Filling up the DagBag from /opt/airflow/dags/02_demo_advanced_patterns.py
[2025-11-18T11:03:07.625+0000] {logging_mixin.py:188} WARNING - /home/airflow/.local/lib/python3.10/site-packages/airflow/models/baseoperator.py:437 RemovedInAirflow3Warning: provide_context is deprecated as of 2.0 and is no longer required
[2025-11-18T11:03:07.626+0000] {logging_mixin.py:188} WARNING - /home/airflow/.local/lib/python3.10/site-packages/airflow/models/baseoperator.py:437 RemovedInAirflow3Warning: none_failed_or_skipped Trigger Rule is deprecated. Please use `none_failed_min_one_success`.
[2025-11-18T11:03:07.628+0000] {processor.py:840} INFO - DAG(s) '02_demo_advanced_patterns' retrieved from /opt/airflow/dags/02_demo_advanced_patterns.py
[2025-11-18T11:03:07.638+0000] {logging_mixin.py:188} INFO - [2025-11-18T11:03:07.638+0000] {dag.py:3033} INFO - Sync 1 DAGs
[2025-11-18T11:03:07.645+0000] {logging_mixin.py:188} INFO - [2025-11-18T11:03:07.645+0000] {dag.py:3820} INFO - Setting next_dagrun for 02_demo_advanced_patterns to 2025-11-17T00:00:00+00:00, run_after=2025-11-18T00:00:00+00:00
[2025-11-18T11:03:07.651+0000] {processor.py:183} INFO - Processing /opt/airflow/dags/02_demo_advanced_patterns.py took 0.208 seconds
[2025-11-18T11:03:37.719+0000] {processor.py:161} INFO - Started process (PID=856) to work on /opt/airflow/dags/02_demo_advanced_patterns.py
[2025-11-18T11:03:37.719+0000] {processor.py:830} INFO - Processing file /opt/airflow/dags/02_demo_advanced_patterns.py for tasks to queue
[2025-11-18T11:03:37.720+0000] {logging_mixin.py:188} INFO - [2025-11-18T11:03:37.720+0000] {dagbag.py:538} INFO - Filling up the DagBag from /opt/airflow/dags/02_demo_advanced_patterns.py
[2025-11-18T11:03:37.922+0000] {logging_mixin.py:188} WARNING - /home/airflow/.local/lib/python3.10/site-packages/airflow/models/baseoperator.py:437 RemovedInAirflow3Warning: provide_context is deprecated as of 2.0 and is no longer required
[2025-11-18T11:03:37.923+0000] {logging_mixin.py:188} WARNING - /home/airflow/.local/lib/python3.10/site-packages/airflow/models/baseoperator.py:437 RemovedInAirflow3Warning: none_failed_or_skipped Trigger Rule is deprecated. Please use `none_failed_min_one_success`.
[2025-11-18T11:03:37.925+0000] {processor.py:840} INFO - DAG(s) '02_demo_advanced_patterns' retrieved from /opt/airflow/dags/02_demo_advanced_patterns.py
[2025-11-18T11:03:37.936+0000] {logging_mixin.py:188} INFO - [2025-11-18T11:03:37.936+0000] {dag.py:3033} INFO - Sync 1 DAGs
[2025-11-18T11:03:37.945+0000] {logging_mixin.py:188} INFO - [2025-11-18T11:03:37.945+0000] {dag.py:3820} INFO - Setting next_dagrun for 02_demo_advanced_patterns to 2025-11-17T00:00:00+00:00, run_after=2025-11-18T00:00:00+00:00
[2025-11-18T11:03:37.952+0000] {processor.py:183} INFO - Processing /opt/airflow/dags/02_demo_advanced_patterns.py took 0.236 seconds
[2025-11-18T11:04:07.997+0000] {processor.py:161} INFO - Started process (PID=859) to work on /opt/airflow/dags/02_demo_advanced_patterns.py
[2025-11-18T11:04:07.998+0000] {processor.py:830} INFO - Processing file /opt/airflow/dags/02_demo_advanced_patterns.py for tasks to queue
[2025-11-18T11:04:08.000+0000] {logging_mixin.py:188} INFO - [2025-11-18T11:04:07.999+0000] {dagbag.py:538} INFO - Filling up the DagBag from /opt/airflow/dags/02_demo_advanced_patterns.py
[2025-11-18T11:04:08.175+0000] {logging_mixin.py:188} WARNING - /home/airflow/.local/lib/python3.10/site-packages/airflow/models/baseoperator.py:437 RemovedInAirflow3Warning: provide_context is deprecated as of 2.0 and is no longer required
[2025-11-18T11:04:08.176+0000] {logging_mixin.py:188} WARNING - /home/airflow/.local/lib/python3.10/site-packages/airflow/models/baseoperator.py:437 RemovedInAirflow3Warning: none_failed_or_skipped Trigger Rule is deprecated. Please use `none_failed_min_one_success`.
[2025-11-18T11:04:08.178+0000] {processor.py:840} INFO - DAG(s) '02_demo_advanced_patterns' retrieved from /opt/airflow/dags/02_demo_advanced_patterns.py
[2025-11-18T11:04:08.188+0000] {logging_mixin.py:188} INFO - [2025-11-18T11:04:08.187+0000] {dag.py:3033} INFO - Sync 1 DAGs
[2025-11-18T11:04:08.195+0000] {logging_mixin.py:188} INFO - [2025-11-18T11:04:08.195+0000] {dag.py:3820} INFO - Setting next_dagrun for 02_demo_advanced_patterns to 2025-11-17T00:00:00+00:00, run_after=2025-11-18T00:00:00+00:00
[2025-11-18T11:04:08.202+0000] {processor.py:183} INFO - Processing /opt/airflow/dags/02_demo_advanced_patterns.py took 0.206 seconds
[2025-11-18T11:04:38.287+0000] {processor.py:161} INFO - Started process (PID=862) to work on /opt/airflow/dags/02_demo_advanced_patterns.py
[2025-11-18T11:04:38.287+0000] {processor.py:830} INFO - Processing file /opt/airflow/dags/02_demo_advanced_patterns.py for tasks to queue
[2025-11-18T11:04:38.288+0000] {logging_mixin.py:188} INFO - [2025-11-18T11:04:38.288+0000] {dagbag.py:538} INFO - Filling up the DagBag from /opt/airflow/dags/02_demo_advanced_patterns.py
[2025-11-18T11:04:38.458+0000] {logging_mixin.py:188} WARNING - /home/airflow/.local/lib/python3.10/site-packages/airflow/models/baseoperator.py:437 RemovedInAirflow3Warning: provide_context is deprecated as of 2.0 and is no longer required
[2025-11-18T11:04:38.459+0000] {logging_mixin.py:188} WARNING - /home/airflow/.local/lib/python3.10/site-packages/airflow/models/baseoperator.py:437 RemovedInAirflow3Warning: none_failed_or_skipped Trigger Rule is deprecated. Please use `none_failed_min_one_success`.
[2025-11-18T11:04:38.461+0000] {processor.py:840} INFO - DAG(s) '02_demo_advanced_patterns' retrieved from /opt/airflow/dags/02_demo_advanced_patterns.py
[2025-11-18T11:04:38.470+0000] {logging_mixin.py:188} INFO - [2025-11-18T11:04:38.470+0000] {dag.py:3033} INFO - Sync 1 DAGs
[2025-11-18T11:04:38.478+0000] {logging_mixin.py:188} INFO - [2025-11-18T11:04:38.478+0000] {dag.py:3820} INFO - Setting next_dagrun for 02_demo_advanced_patterns to 2025-11-17T00:00:00+00:00, run_after=2025-11-18T00:00:00+00:00
[2025-11-18T11:04:38.485+0000] {processor.py:183} INFO - Processing /opt/airflow/dags/02_demo_advanced_patterns.py took 0.200 seconds
[2025-11-18T11:05:08.577+0000] {processor.py:161} INFO - Started process (PID=865) to work on /opt/airflow/dags/02_demo_advanced_patterns.py
[2025-11-18T11:05:08.577+0000] {processor.py:830} INFO - Processing file /opt/airflow/dags/02_demo_advanced_patterns.py for tasks to queue
[2025-11-18T11:05:08.579+0000] {logging_mixin.py:188} INFO - [2025-11-18T11:05:08.579+0000] {dagbag.py:538} INFO - Filling up the DagBag from /opt/airflow/dags/02_demo_advanced_patterns.py
[2025-11-18T11:05:08.752+0000] {logging_mixin.py:188} WARNING - /home/airflow/.local/lib/python3.10/site-packages/airflow/models/baseoperator.py:437 RemovedInAirflow3Warning: provide_context is deprecated as of 2.0 and is no longer required
[2025-11-18T11:05:08.753+0000] {logging_mixin.py:188} WARNING - /home/airflow/.local/lib/python3.10/site-packages/airflow/models/baseoperator.py:437 RemovedInAirflow3Warning: none_failed_or_skipped Trigger Rule is deprecated. Please use `none_failed_min_one_success`.
[2025-11-18T11:05:08.755+0000] {processor.py:840} INFO - DAG(s) '02_demo_advanced_patterns' retrieved from /opt/airflow/dags/02_demo_advanced_patterns.py
[2025-11-18T11:05:08.765+0000] {logging_mixin.py:188} INFO - [2025-11-18T11:05:08.765+0000] {dag.py:3033} INFO - Sync 1 DAGs
[2025-11-18T11:05:08.773+0000] {logging_mixin.py:188} INFO - [2025-11-18T11:05:08.773+0000] {dag.py:3820} INFO - Setting next_dagrun for 02_demo_advanced_patterns to 2025-11-17T00:00:00+00:00, run_after=2025-11-18T00:00:00+00:00
[2025-11-18T11:05:08.779+0000] {processor.py:183} INFO - Processing /opt/airflow/dags/02_demo_advanced_patterns.py took 0.204 seconds
[2025-11-18T11:05:38.887+0000] {processor.py:161} INFO - Started process (PID=868) to work on /opt/airflow/dags/02_demo_advanced_patterns.py
[2025-11-18T11:05:38.887+0000] {processor.py:830} INFO - Processing file /opt/airflow/dags/02_demo_advanced_patterns.py for tasks to queue
[2025-11-18T11:05:38.888+0000] {logging_mixin.py:188} INFO - [2025-11-18T11:05:38.888+0000] {dagbag.py:538} INFO - Filling up the DagBag from /opt/airflow/dags/02_demo_advanced_patterns.py
[2025-11-18T11:05:39.064+0000] {logging_mixin.py:188} WARNING - /home/airflow/.local/lib/python3.10/site-packages/airflow/models/baseoperator.py:437 RemovedInAirflow3Warning: provide_context is deprecated as of 2.0 and is no longer required
[2025-11-18T11:05:39.065+0000] {logging_mixin.py:188} WARNING - /home/airflow/.local/lib/python3.10/site-packages/airflow/models/baseoperator.py:437 RemovedInAirflow3Warning: none_failed_or_skipped Trigger Rule is deprecated. Please use `none_failed_min_one_success`.
[2025-11-18T11:05:39.067+0000] {processor.py:840} INFO - DAG(s) '02_demo_advanced_patterns' retrieved from /opt/airflow/dags/02_demo_advanced_patterns.py
[2025-11-18T11:05:39.077+0000] {logging_mixin.py:188} INFO - [2025-11-18T11:05:39.077+0000] {dag.py:3033} INFO - Sync 1 DAGs
[2025-11-18T11:05:39.084+0000] {logging_mixin.py:188} INFO - [2025-11-18T11:05:39.084+0000] {dag.py:3820} INFO - Setting next_dagrun for 02_demo_advanced_patterns to 2025-11-17T00:00:00+00:00, run_after=2025-11-18T00:00:00+00:00
[2025-11-18T11:05:39.091+0000] {processor.py:183} INFO - Processing /opt/airflow/dags/02_demo_advanced_patterns.py took 0.206 seconds
[2025-11-18T11:06:09.182+0000] {processor.py:161} INFO - Started process (PID=871) to work on /opt/airflow/dags/02_demo_advanced_patterns.py
[2025-11-18T11:06:09.182+0000] {processor.py:830} INFO - Processing file /opt/airflow/dags/02_demo_advanced_patterns.py for tasks to queue
[2025-11-18T11:06:09.184+0000] {logging_mixin.py:188} INFO - [2025-11-18T11:06:09.183+0000] {dagbag.py:538} INFO - Filling up the DagBag from /opt/airflow/dags/02_demo_advanced_patterns.py
[2025-11-18T11:06:09.360+0000] {logging_mixin.py:188} WARNING - /home/airflow/.local/lib/python3.10/site-packages/airflow/models/baseoperator.py:437 RemovedInAirflow3Warning: provide_context is deprecated as of 2.0 and is no longer required
[2025-11-18T11:06:09.361+0000] {logging_mixin.py:188} WARNING - /home/airflow/.local/lib/python3.10/site-packages/airflow/models/baseoperator.py:437 RemovedInAirflow3Warning: none_failed_or_skipped Trigger Rule is deprecated. Please use `none_failed_min_one_success`.
[2025-11-18T11:06:09.363+0000] {processor.py:840} INFO - DAG(s) '02_demo_advanced_patterns' retrieved from /opt/airflow/dags/02_demo_advanced_patterns.py
[2025-11-18T11:06:09.373+0000] {logging_mixin.py:188} INFO - [2025-11-18T11:06:09.373+0000] {dag.py:3033} INFO - Sync 1 DAGs
[2025-11-18T11:06:09.382+0000] {logging_mixin.py:188} INFO - [2025-11-18T11:06:09.382+0000] {dag.py:3820} INFO - Setting next_dagrun for 02_demo_advanced_patterns to 2025-11-17T00:00:00+00:00, run_after=2025-11-18T00:00:00+00:00
[2025-11-18T11:06:09.388+0000] {processor.py:183} INFO - Processing /opt/airflow/dags/02_demo_advanced_patterns.py took 0.208 seconds
[2025-11-18T11:06:39.489+0000] {processor.py:161} INFO - Started process (PID=874) to work on /opt/airflow/dags/02_demo_advanced_patterns.py
[2025-11-18T11:06:39.490+0000] {processor.py:830} INFO - Processing file /opt/airflow/dags/02_demo_advanced_patterns.py for tasks to queue
[2025-11-18T11:06:39.491+0000] {logging_mixin.py:188} INFO - [2025-11-18T11:06:39.491+0000] {dagbag.py:538} INFO - Filling up the DagBag from /opt/airflow/dags/02_demo_advanced_patterns.py
[2025-11-18T11:06:39.670+0000] {logging_mixin.py:188} WARNING - /home/airflow/.local/lib/python3.10/site-packages/airflow/models/baseoperator.py:437 RemovedInAirflow3Warning: provide_context is deprecated as of 2.0 and is no longer required
[2025-11-18T11:06:39.671+0000] {logging_mixin.py:188} WARNING - /home/airflow/.local/lib/python3.10/site-packages/airflow/models/baseoperator.py:437 RemovedInAirflow3Warning: none_failed_or_skipped Trigger Rule is deprecated. Please use `none_failed_min_one_success`.
[2025-11-18T11:06:39.673+0000] {processor.py:840} INFO - DAG(s) '02_demo_advanced_patterns' retrieved from /opt/airflow/dags/02_demo_advanced_patterns.py
[2025-11-18T11:06:39.683+0000] {logging_mixin.py:188} INFO - [2025-11-18T11:06:39.683+0000] {dag.py:3033} INFO - Sync 1 DAGs
[2025-11-18T11:06:39.691+0000] {logging_mixin.py:188} INFO - [2025-11-18T11:06:39.691+0000] {dag.py:3820} INFO - Setting next_dagrun for 02_demo_advanced_patterns to 2025-11-17T00:00:00+00:00, run_after=2025-11-18T00:00:00+00:00
[2025-11-18T11:06:39.697+0000] {processor.py:183} INFO - Processing /opt/airflow/dags/02_demo_advanced_patterns.py took 0.210 seconds
[2025-11-18T11:07:09.783+0000] {processor.py:161} INFO - Started process (PID=877) to work on /opt/airflow/dags/02_demo_advanced_patterns.py
[2025-11-18T11:07:09.784+0000] {processor.py:830} INFO - Processing file /opt/airflow/dags/02_demo_advanced_patterns.py for tasks to queue
[2025-11-18T11:07:09.785+0000] {logging_mixin.py:188} INFO - [2025-11-18T11:07:09.785+0000] {dagbag.py:538} INFO - Filling up the DagBag from /opt/airflow/dags/02_demo_advanced_patterns.py
[2025-11-18T11:07:09.960+0000] {logging_mixin.py:188} WARNING - /home/airflow/.local/lib/python3.10/site-packages/airflow/models/baseoperator.py:437 RemovedInAirflow3Warning: provide_context is deprecated as of 2.0 and is no longer required
[2025-11-18T11:07:09.961+0000] {logging_mixin.py:188} WARNING - /home/airflow/.local/lib/python3.10/site-packages/airflow/models/baseoperator.py:437 RemovedInAirflow3Warning: none_failed_or_skipped Trigger Rule is deprecated. Please use `none_failed_min_one_success`.
[2025-11-18T11:07:09.963+0000] {processor.py:840} INFO - DAG(s) '02_demo_advanced_patterns' retrieved from /opt/airflow/dags/02_demo_advanced_patterns.py
[2025-11-18T11:07:09.973+0000] {logging_mixin.py:188} INFO - [2025-11-18T11:07:09.973+0000] {dag.py:3033} INFO - Sync 1 DAGs
[2025-11-18T11:07:09.981+0000] {logging_mixin.py:188} INFO - [2025-11-18T11:07:09.981+0000] {dag.py:3820} INFO - Setting next_dagrun for 02_demo_advanced_patterns to 2025-11-17T00:00:00+00:00, run_after=2025-11-18T00:00:00+00:00
[2025-11-18T11:07:09.988+0000] {processor.py:183} INFO - Processing /opt/airflow/dags/02_demo_advanced_patterns.py took 0.207 seconds
[2025-11-18T11:07:40.087+0000] {processor.py:161} INFO - Started process (PID=880) to work on /opt/airflow/dags/02_demo_advanced_patterns.py
[2025-11-18T11:07:40.087+0000] {processor.py:830} INFO - Processing file /opt/airflow/dags/02_demo_advanced_patterns.py for tasks to queue
[2025-11-18T11:07:40.089+0000] {logging_mixin.py:188} INFO - [2025-11-18T11:07:40.089+0000] {dagbag.py:538} INFO - Filling up the DagBag from /opt/airflow/dags/02_demo_advanced_patterns.py
[2025-11-18T11:07:40.262+0000] {logging_mixin.py:188} WARNING - /home/airflow/.local/lib/python3.10/site-packages/airflow/models/baseoperator.py:437 RemovedInAirflow3Warning: provide_context is deprecated as of 2.0 and is no longer required
[2025-11-18T11:07:40.263+0000] {logging_mixin.py:188} WARNING - /home/airflow/.local/lib/python3.10/site-packages/airflow/models/baseoperator.py:437 RemovedInAirflow3Warning: none_failed_or_skipped Trigger Rule is deprecated. Please use `none_failed_min_one_success`.
[2025-11-18T11:07:40.265+0000] {processor.py:840} INFO - DAG(s) '02_demo_advanced_patterns' retrieved from /opt/airflow/dags/02_demo_advanced_patterns.py
[2025-11-18T11:07:40.275+0000] {logging_mixin.py:188} INFO - [2025-11-18T11:07:40.275+0000] {dag.py:3033} INFO - Sync 1 DAGs
[2025-11-18T11:07:40.282+0000] {logging_mixin.py:188} INFO - [2025-11-18T11:07:40.282+0000] {dag.py:3820} INFO - Setting next_dagrun for 02_demo_advanced_patterns to 2025-11-17T00:00:00+00:00, run_after=2025-11-18T00:00:00+00:00
[2025-11-18T11:07:40.288+0000] {processor.py:183} INFO - Processing /opt/airflow/dags/02_demo_advanced_patterns.py took 0.204 seconds
[2025-11-18T11:08:10.369+0000] {processor.py:161} INFO - Started process (PID=883) to work on /opt/airflow/dags/02_demo_advanced_patterns.py
[2025-11-18T11:08:10.369+0000] {processor.py:830} INFO - Processing file /opt/airflow/dags/02_demo_advanced_patterns.py for tasks to queue
[2025-11-18T11:08:10.370+0000] {logging_mixin.py:188} INFO - [2025-11-18T11:08:10.370+0000] {dagbag.py:538} INFO - Filling up the DagBag from /opt/airflow/dags/02_demo_advanced_patterns.py
[2025-11-18T11:08:10.544+0000] {logging_mixin.py:188} WARNING - /home/airflow/.local/lib/python3.10/site-packages/airflow/models/baseoperator.py:437 RemovedInAirflow3Warning: provide_context is deprecated as of 2.0 and is no longer required
[2025-11-18T11:08:10.545+0000] {logging_mixin.py:188} WARNING - /home/airflow/.local/lib/python3.10/site-packages/airflow/models/baseoperator.py:437 RemovedInAirflow3Warning: none_failed_or_skipped Trigger Rule is deprecated. Please use `none_failed_min_one_success`.
[2025-11-18T11:08:10.547+0000] {processor.py:840} INFO - DAG(s) '02_demo_advanced_patterns' retrieved from /opt/airflow/dags/02_demo_advanced_patterns.py
[2025-11-18T11:08:10.557+0000] {logging_mixin.py:188} INFO - [2025-11-18T11:08:10.557+0000] {dag.py:3033} INFO - Sync 1 DAGs
[2025-11-18T11:08:10.565+0000] {logging_mixin.py:188} INFO - [2025-11-18T11:08:10.565+0000] {dag.py:3820} INFO - Setting next_dagrun for 02_demo_advanced_patterns to 2025-11-17T00:00:00+00:00, run_after=2025-11-18T00:00:00+00:00
[2025-11-18T11:08:10.571+0000] {processor.py:183} INFO - Processing /opt/airflow/dags/02_demo_advanced_patterns.py took 0.204 seconds
[2025-11-18T11:08:40.657+0000] {processor.py:161} INFO - Started process (PID=886) to work on /opt/airflow/dags/02_demo_advanced_patterns.py
[2025-11-18T11:08:40.658+0000] {processor.py:830} INFO - Processing file /opt/airflow/dags/02_demo_advanced_patterns.py for tasks to queue
[2025-11-18T11:08:40.659+0000] {logging_mixin.py:188} INFO - [2025-11-18T11:08:40.659+0000] {dagbag.py:538} INFO - Filling up the DagBag from /opt/airflow/dags/02_demo_advanced_patterns.py
[2025-11-18T11:08:40.864+0000] {logging_mixin.py:188} WARNING - /home/airflow/.local/lib/python3.10/site-packages/airflow/models/baseoperator.py:437 RemovedInAirflow3Warning: provide_context is deprecated as of 2.0 and is no longer required
[2025-11-18T11:08:40.865+0000] {logging_mixin.py:188} WARNING - /home/airflow/.local/lib/python3.10/site-packages/airflow/models/baseoperator.py:437 RemovedInAirflow3Warning: none_failed_or_skipped Trigger Rule is deprecated. Please use `none_failed_min_one_success`.
[2025-11-18T11:08:40.868+0000] {processor.py:840} INFO - DAG(s) '02_demo_advanced_patterns' retrieved from /opt/airflow/dags/02_demo_advanced_patterns.py
[2025-11-18T11:08:40.879+0000] {logging_mixin.py:188} INFO - [2025-11-18T11:08:40.879+0000] {dag.py:3033} INFO - Sync 1 DAGs
[2025-11-18T11:08:40.888+0000] {logging_mixin.py:188} INFO - [2025-11-18T11:08:40.888+0000] {dag.py:3820} INFO - Setting next_dagrun for 02_demo_advanced_patterns to 2025-11-17T00:00:00+00:00, run_after=2025-11-18T00:00:00+00:00
[2025-11-18T11:08:40.895+0000] {processor.py:183} INFO - Processing /opt/airflow/dags/02_demo_advanced_patterns.py took 0.240 seconds
[2025-11-18T11:09:10.948+0000] {processor.py:161} INFO - Started process (PID=889) to work on /opt/airflow/dags/02_demo_advanced_patterns.py
[2025-11-18T11:09:10.948+0000] {processor.py:830} INFO - Processing file /opt/airflow/dags/02_demo_advanced_patterns.py for tasks to queue
[2025-11-18T11:09:10.949+0000] {logging_mixin.py:188} INFO - [2025-11-18T11:09:10.949+0000] {dagbag.py:538} INFO - Filling up the DagBag from /opt/airflow/dags/02_demo_advanced_patterns.py
[2025-11-18T11:09:11.126+0000] {logging_mixin.py:188} WARNING - /home/airflow/.local/lib/python3.10/site-packages/airflow/models/baseoperator.py:437 RemovedInAirflow3Warning: provide_context is deprecated as of 2.0 and is no longer required
[2025-11-18T11:09:11.127+0000] {logging_mixin.py:188} WARNING - /home/airflow/.local/lib/python3.10/site-packages/airflow/models/baseoperator.py:437 RemovedInAirflow3Warning: none_failed_or_skipped Trigger Rule is deprecated. Please use `none_failed_min_one_success`.
[2025-11-18T11:09:11.129+0000] {processor.py:840} INFO - DAG(s) '02_demo_advanced_patterns' retrieved from /opt/airflow/dags/02_demo_advanced_patterns.py
[2025-11-18T11:09:11.139+0000] {logging_mixin.py:188} INFO - [2025-11-18T11:09:11.139+0000] {dag.py:3033} INFO - Sync 1 DAGs
[2025-11-18T11:09:11.146+0000] {logging_mixin.py:188} INFO - [2025-11-18T11:09:11.146+0000] {dag.py:3820} INFO - Setting next_dagrun for 02_demo_advanced_patterns to 2025-11-17T00:00:00+00:00, run_after=2025-11-18T00:00:00+00:00
[2025-11-18T11:09:11.152+0000] {processor.py:183} INFO - Processing /opt/airflow/dags/02_demo_advanced_patterns.py took 0.206 seconds
[2025-11-18T11:09:41.207+0000] {processor.py:161} INFO - Started process (PID=892) to work on /opt/airflow/dags/02_demo_advanced_patterns.py
[2025-11-18T11:09:41.208+0000] {processor.py:830} INFO - Processing file /opt/airflow/dags/02_demo_advanced_patterns.py for tasks to queue
[2025-11-18T11:09:41.210+0000] {logging_mixin.py:188} INFO - [2025-11-18T11:09:41.210+0000] {dagbag.py:538} INFO - Filling up the DagBag from /opt/airflow/dags/02_demo_advanced_patterns.py
[2025-11-18T11:09:41.412+0000] {logging_mixin.py:188} WARNING - /home/airflow/.local/lib/python3.10/site-packages/airflow/models/baseoperator.py:437 RemovedInAirflow3Warning: provide_context is deprecated as of 2.0 and is no longer required
[2025-11-18T11:09:41.413+0000] {logging_mixin.py:188} WARNING - /home/airflow/.local/lib/python3.10/site-packages/airflow/models/baseoperator.py:437 RemovedInAirflow3Warning: none_failed_or_skipped Trigger Rule is deprecated. Please use `none_failed_min_one_success`.
[2025-11-18T11:09:41.415+0000] {processor.py:840} INFO - DAG(s) '02_demo_advanced_patterns' retrieved from /opt/airflow/dags/02_demo_advanced_patterns.py
[2025-11-18T11:09:41.427+0000] {logging_mixin.py:188} INFO - [2025-11-18T11:09:41.426+0000] {dag.py:3033} INFO - Sync 1 DAGs
[2025-11-18T11:09:41.436+0000] {logging_mixin.py:188} INFO - [2025-11-18T11:09:41.436+0000] {dag.py:3820} INFO - Setting next_dagrun for 02_demo_advanced_patterns to 2025-11-17T00:00:00+00:00, run_after=2025-11-18T00:00:00+00:00
[2025-11-18T11:09:41.443+0000] {processor.py:183} INFO - Processing /opt/airflow/dags/02_demo_advanced_patterns.py took 0.238 seconds
[2025-11-18T11:10:11.466+0000] {processor.py:161} INFO - Started process (PID=895) to work on /opt/airflow/dags/02_demo_advanced_patterns.py
[2025-11-18T11:10:11.466+0000] {processor.py:830} INFO - Processing file /opt/airflow/dags/02_demo_advanced_patterns.py for tasks to queue
[2025-11-18T11:10:11.468+0000] {logging_mixin.py:188} INFO - [2025-11-18T11:10:11.467+0000] {dagbag.py:538} INFO - Filling up the DagBag from /opt/airflow/dags/02_demo_advanced_patterns.py
[2025-11-18T11:10:11.663+0000] {logging_mixin.py:188} WARNING - /home/airflow/.local/lib/python3.10/site-packages/airflow/models/baseoperator.py:437 RemovedInAirflow3Warning: provide_context is deprecated as of 2.0 and is no longer required
[2025-11-18T11:10:11.664+0000] {logging_mixin.py:188} WARNING - /home/airflow/.local/lib/python3.10/site-packages/airflow/models/baseoperator.py:437 RemovedInAirflow3Warning: none_failed_or_skipped Trigger Rule is deprecated. Please use `none_failed_min_one_success`.
[2025-11-18T11:10:11.666+0000] {processor.py:840} INFO - DAG(s) '02_demo_advanced_patterns' retrieved from /opt/airflow/dags/02_demo_advanced_patterns.py
[2025-11-18T11:10:11.676+0000] {logging_mixin.py:188} INFO - [2025-11-18T11:10:11.676+0000] {dag.py:3033} INFO - Sync 1 DAGs
[2025-11-18T11:10:11.684+0000] {logging_mixin.py:188} INFO - [2025-11-18T11:10:11.684+0000] {dag.py:3820} INFO - Setting next_dagrun for 02_demo_advanced_patterns to 2025-11-17T00:00:00+00:00, run_after=2025-11-18T00:00:00+00:00
[2025-11-18T11:10:11.691+0000] {processor.py:183} INFO - Processing /opt/airflow/dags/02_demo_advanced_patterns.py took 0.227 seconds
[2025-11-18T11:10:41.732+0000] {processor.py:161} INFO - Started process (PID=898) to work on /opt/airflow/dags/02_demo_advanced_patterns.py
[2025-11-18T11:10:41.733+0000] {processor.py:830} INFO - Processing file /opt/airflow/dags/02_demo_advanced_patterns.py for tasks to queue
[2025-11-18T11:10:41.734+0000] {logging_mixin.py:188} INFO - [2025-11-18T11:10:41.734+0000] {dagbag.py:538} INFO - Filling up the DagBag from /opt/airflow/dags/02_demo_advanced_patterns.py
[2025-11-18T11:10:41.923+0000] {logging_mixin.py:188} WARNING - /home/airflow/.local/lib/python3.10/site-packages/airflow/models/baseoperator.py:437 RemovedInAirflow3Warning: provide_context is deprecated as of 2.0 and is no longer required
[2025-11-18T11:10:41.924+0000] {logging_mixin.py:188} WARNING - /home/airflow/.local/lib/python3.10/site-packages/airflow/models/baseoperator.py:437 RemovedInAirflow3Warning: none_failed_or_skipped Trigger Rule is deprecated. Please use `none_failed_min_one_success`.
[2025-11-18T11:10:41.926+0000] {processor.py:840} INFO - DAG(s) '02_demo_advanced_patterns' retrieved from /opt/airflow/dags/02_demo_advanced_patterns.py
[2025-11-18T11:10:41.936+0000] {logging_mixin.py:188} INFO - [2025-11-18T11:10:41.936+0000] {dag.py:3033} INFO - Sync 1 DAGs
[2025-11-18T11:10:41.945+0000] {logging_mixin.py:188} INFO - [2025-11-18T11:10:41.945+0000] {dag.py:3820} INFO - Setting next_dagrun for 02_demo_advanced_patterns to 2025-11-17T00:00:00+00:00, run_after=2025-11-18T00:00:00+00:00
[2025-11-18T11:10:41.952+0000] {processor.py:183} INFO - Processing /opt/airflow/dags/02_demo_advanced_patterns.py took 0.222 seconds
[2025-11-18T11:11:12.023+0000] {processor.py:161} INFO - Started process (PID=901) to work on /opt/airflow/dags/02_demo_advanced_patterns.py
[2025-11-18T11:11:12.023+0000] {processor.py:830} INFO - Processing file /opt/airflow/dags/02_demo_advanced_patterns.py for tasks to queue
[2025-11-18T11:11:12.025+0000] {logging_mixin.py:188} INFO - [2025-11-18T11:11:12.025+0000] {dagbag.py:538} INFO - Filling up the DagBag from /opt/airflow/dags/02_demo_advanced_patterns.py
[2025-11-18T11:11:12.225+0000] {logging_mixin.py:188} WARNING - /home/airflow/.local/lib/python3.10/site-packages/airflow/models/baseoperator.py:437 RemovedInAirflow3Warning: provide_context is deprecated as of 2.0 and is no longer required
[2025-11-18T11:11:12.226+0000] {logging_mixin.py:188} WARNING - /home/airflow/.local/lib/python3.10/site-packages/airflow/models/baseoperator.py:437 RemovedInAirflow3Warning: none_failed_or_skipped Trigger Rule is deprecated. Please use `none_failed_min_one_success`.
[2025-11-18T11:11:12.229+0000] {processor.py:840} INFO - DAG(s) '02_demo_advanced_patterns' retrieved from /opt/airflow/dags/02_demo_advanced_patterns.py
[2025-11-18T11:11:12.242+0000] {logging_mixin.py:188} INFO - [2025-11-18T11:11:12.241+0000] {dag.py:3033} INFO - Sync 1 DAGs
[2025-11-18T11:11:12.252+0000] {logging_mixin.py:188} INFO - [2025-11-18T11:11:12.251+0000] {dag.py:3820} INFO - Setting next_dagrun for 02_demo_advanced_patterns to 2025-11-17T00:00:00+00:00, run_after=2025-11-18T00:00:00+00:00
[2025-11-18T11:11:12.261+0000] {processor.py:183} INFO - Processing /opt/airflow/dags/02_demo_advanced_patterns.py took 0.240 seconds
[2025-11-18T11:11:42.297+0000] {processor.py:161} INFO - Started process (PID=904) to work on /opt/airflow/dags/02_demo_advanced_patterns.py
[2025-11-18T11:11:42.297+0000] {processor.py:830} INFO - Processing file /opt/airflow/dags/02_demo_advanced_patterns.py for tasks to queue
[2025-11-18T11:11:42.298+0000] {logging_mixin.py:188} INFO - [2025-11-18T11:11:42.298+0000] {dagbag.py:538} INFO - Filling up the DagBag from /opt/airflow/dags/02_demo_advanced_patterns.py
[2025-11-18T11:11:42.487+0000] {logging_mixin.py:188} WARNING - /home/airflow/.local/lib/python3.10/site-packages/airflow/models/baseoperator.py:437 RemovedInAirflow3Warning: provide_context is deprecated as of 2.0 and is no longer required
[2025-11-18T11:11:42.488+0000] {logging_mixin.py:188} WARNING - /home/airflow/.local/lib/python3.10/site-packages/airflow/models/baseoperator.py:437 RemovedInAirflow3Warning: none_failed_or_skipped Trigger Rule is deprecated. Please use `none_failed_min_one_success`.
[2025-11-18T11:11:42.490+0000] {processor.py:840} INFO - DAG(s) '02_demo_advanced_patterns' retrieved from /opt/airflow/dags/02_demo_advanced_patterns.py
[2025-11-18T11:11:42.500+0000] {logging_mixin.py:188} INFO - [2025-11-18T11:11:42.500+0000] {dag.py:3033} INFO - Sync 1 DAGs
[2025-11-18T11:11:42.508+0000] {logging_mixin.py:188} INFO - [2025-11-18T11:11:42.508+0000] {dag.py:3820} INFO - Setting next_dagrun for 02_demo_advanced_patterns to 2025-11-17T00:00:00+00:00, run_after=2025-11-18T00:00:00+00:00
[2025-11-18T11:11:42.515+0000] {processor.py:183} INFO - Processing /opt/airflow/dags/02_demo_advanced_patterns.py took 0.221 seconds
[2025-11-18T11:12:12.615+0000] {processor.py:161} INFO - Started process (PID=907) to work on /opt/airflow/dags/02_demo_advanced_patterns.py
[2025-11-18T11:12:12.615+0000] {processor.py:830} INFO - Processing file /opt/airflow/dags/02_demo_advanced_patterns.py for tasks to queue
[2025-11-18T11:12:12.617+0000] {logging_mixin.py:188} INFO - [2025-11-18T11:12:12.616+0000] {dagbag.py:538} INFO - Filling up the DagBag from /opt/airflow/dags/02_demo_advanced_patterns.py
[2025-11-18T11:12:12.789+0000] {logging_mixin.py:188} WARNING - /home/airflow/.local/lib/python3.10/site-packages/airflow/models/baseoperator.py:437 RemovedInAirflow3Warning: provide_context is deprecated as of 2.0 and is no longer required
[2025-11-18T11:12:12.790+0000] {logging_mixin.py:188} WARNING - /home/airflow/.local/lib/python3.10/site-packages/airflow/models/baseoperator.py:437 RemovedInAirflow3Warning: none_failed_or_skipped Trigger Rule is deprecated. Please use `none_failed_min_one_success`.
[2025-11-18T11:12:12.792+0000] {processor.py:840} INFO - DAG(s) '02_demo_advanced_patterns' retrieved from /opt/airflow/dags/02_demo_advanced_patterns.py
[2025-11-18T11:12:12.801+0000] {logging_mixin.py:188} INFO - [2025-11-18T11:12:12.801+0000] {dag.py:3033} INFO - Sync 1 DAGs
[2025-11-18T11:12:12.811+0000] {logging_mixin.py:188} INFO - [2025-11-18T11:12:12.811+0000] {dag.py:3820} INFO - Setting next_dagrun for 02_demo_advanced_patterns to 2025-11-17T00:00:00+00:00, run_after=2025-11-18T00:00:00+00:00
[2025-11-18T11:12:12.818+0000] {processor.py:183} INFO - Processing /opt/airflow/dags/02_demo_advanced_patterns.py took 0.206 seconds
[2025-11-18T11:12:42.899+0000] {processor.py:161} INFO - Started process (PID=910) to work on /opt/airflow/dags/02_demo_advanced_patterns.py
[2025-11-18T11:12:42.899+0000] {processor.py:830} INFO - Processing file /opt/airflow/dags/02_demo_advanced_patterns.py for tasks to queue
[2025-11-18T11:12:42.900+0000] {logging_mixin.py:188} INFO - [2025-11-18T11:12:42.900+0000] {dagbag.py:538} INFO - Filling up the DagBag from /opt/airflow/dags/02_demo_advanced_patterns.py
[2025-11-18T11:12:43.095+0000] {logging_mixin.py:188} WARNING - /home/airflow/.local/lib/python3.10/site-packages/airflow/models/baseoperator.py:437 RemovedInAirflow3Warning: provide_context is deprecated as of 2.0 and is no longer required
[2025-11-18T11:12:43.096+0000] {logging_mixin.py:188} WARNING - /home/airflow/.local/lib/python3.10/site-packages/airflow/models/baseoperator.py:437 RemovedInAirflow3Warning: none_failed_or_skipped Trigger Rule is deprecated. Please use `none_failed_min_one_success`.
[2025-11-18T11:12:43.098+0000] {processor.py:840} INFO - DAG(s) '02_demo_advanced_patterns' retrieved from /opt/airflow/dags/02_demo_advanced_patterns.py
[2025-11-18T11:12:43.108+0000] {logging_mixin.py:188} INFO - [2025-11-18T11:12:43.108+0000] {dag.py:3033} INFO - Sync 1 DAGs
[2025-11-18T11:12:43.116+0000] {logging_mixin.py:188} INFO - [2025-11-18T11:12:43.116+0000] {dag.py:3820} INFO - Setting next_dagrun for 02_demo_advanced_patterns to 2025-11-17T00:00:00+00:00, run_after=2025-11-18T00:00:00+00:00
[2025-11-18T11:12:43.123+0000] {processor.py:183} INFO - Processing /opt/airflow/dags/02_demo_advanced_patterns.py took 0.227 seconds
[2025-11-18T11:13:13.179+0000] {processor.py:161} INFO - Started process (PID=913) to work on /opt/airflow/dags/02_demo_advanced_patterns.py
[2025-11-18T11:13:13.180+0000] {processor.py:830} INFO - Processing file /opt/airflow/dags/02_demo_advanced_patterns.py for tasks to queue
[2025-11-18T11:13:13.181+0000] {logging_mixin.py:188} INFO - [2025-11-18T11:13:13.181+0000] {dagbag.py:538} INFO - Filling up the DagBag from /opt/airflow/dags/02_demo_advanced_patterns.py
[2025-11-18T11:13:13.356+0000] {logging_mixin.py:188} WARNING - /home/airflow/.local/lib/python3.10/site-packages/airflow/models/baseoperator.py:437 RemovedInAirflow3Warning: provide_context is deprecated as of 2.0 and is no longer required
[2025-11-18T11:13:13.357+0000] {logging_mixin.py:188} WARNING - /home/airflow/.local/lib/python3.10/site-packages/airflow/models/baseoperator.py:437 RemovedInAirflow3Warning: none_failed_or_skipped Trigger Rule is deprecated. Please use `none_failed_min_one_success`.
[2025-11-18T11:13:13.359+0000] {processor.py:840} INFO - DAG(s) '02_demo_advanced_patterns' retrieved from /opt/airflow/dags/02_demo_advanced_patterns.py
[2025-11-18T11:13:13.368+0000] {logging_mixin.py:188} INFO - [2025-11-18T11:13:13.368+0000] {dag.py:3033} INFO - Sync 1 DAGs
[2025-11-18T11:13:13.377+0000] {logging_mixin.py:188} INFO - [2025-11-18T11:13:13.377+0000] {dag.py:3820} INFO - Setting next_dagrun for 02_demo_advanced_patterns to 2025-11-17T00:00:00+00:00, run_after=2025-11-18T00:00:00+00:00
[2025-11-18T11:13:13.383+0000] {processor.py:183} INFO - Processing /opt/airflow/dags/02_demo_advanced_patterns.py took 0.207 seconds
[2025-11-18T11:13:43.465+0000] {processor.py:161} INFO - Started process (PID=916) to work on /opt/airflow/dags/02_demo_advanced_patterns.py
[2025-11-18T11:13:43.466+0000] {processor.py:830} INFO - Processing file /opt/airflow/dags/02_demo_advanced_patterns.py for tasks to queue
[2025-11-18T11:13:43.467+0000] {logging_mixin.py:188} INFO - [2025-11-18T11:13:43.467+0000] {dagbag.py:538} INFO - Filling up the DagBag from /opt/airflow/dags/02_demo_advanced_patterns.py
[2025-11-18T11:13:43.639+0000] {logging_mixin.py:188} WARNING - /home/airflow/.local/lib/python3.10/site-packages/airflow/models/baseoperator.py:437 RemovedInAirflow3Warning: provide_context is deprecated as of 2.0 and is no longer required
[2025-11-18T11:13:43.640+0000] {logging_mixin.py:188} WARNING - /home/airflow/.local/lib/python3.10/site-packages/airflow/models/baseoperator.py:437 RemovedInAirflow3Warning: none_failed_or_skipped Trigger Rule is deprecated. Please use `none_failed_min_one_success`.
[2025-11-18T11:13:43.643+0000] {processor.py:840} INFO - DAG(s) '02_demo_advanced_patterns' retrieved from /opt/airflow/dags/02_demo_advanced_patterns.py
[2025-11-18T11:13:43.652+0000] {logging_mixin.py:188} INFO - [2025-11-18T11:13:43.652+0000] {dag.py:3033} INFO - Sync 1 DAGs
[2025-11-18T11:13:43.660+0000] {logging_mixin.py:188} INFO - [2025-11-18T11:13:43.660+0000] {dag.py:3820} INFO - Setting next_dagrun for 02_demo_advanced_patterns to 2025-11-17T00:00:00+00:00, run_after=2025-11-18T00:00:00+00:00
[2025-11-18T11:13:43.666+0000] {processor.py:183} INFO - Processing /opt/airflow/dags/02_demo_advanced_patterns.py took 0.204 seconds
[2025-11-18T11:14:13.747+0000] {processor.py:161} INFO - Started process (PID=919) to work on /opt/airflow/dags/02_demo_advanced_patterns.py
[2025-11-18T11:14:13.747+0000] {processor.py:830} INFO - Processing file /opt/airflow/dags/02_demo_advanced_patterns.py for tasks to queue
[2025-11-18T11:14:13.749+0000] {logging_mixin.py:188} INFO - [2025-11-18T11:14:13.748+0000] {dagbag.py:538} INFO - Filling up the DagBag from /opt/airflow/dags/02_demo_advanced_patterns.py
[2025-11-18T11:14:13.919+0000] {logging_mixin.py:188} WARNING - /home/airflow/.local/lib/python3.10/site-packages/airflow/models/baseoperator.py:437 RemovedInAirflow3Warning: provide_context is deprecated as of 2.0 and is no longer required
[2025-11-18T11:14:13.920+0000] {logging_mixin.py:188} WARNING - /home/airflow/.local/lib/python3.10/site-packages/airflow/models/baseoperator.py:437 RemovedInAirflow3Warning: none_failed_or_skipped Trigger Rule is deprecated. Please use `none_failed_min_one_success`.
[2025-11-18T11:14:13.922+0000] {processor.py:840} INFO - DAG(s) '02_demo_advanced_patterns' retrieved from /opt/airflow/dags/02_demo_advanced_patterns.py
[2025-11-18T11:14:13.931+0000] {logging_mixin.py:188} INFO - [2025-11-18T11:14:13.931+0000] {dag.py:3033} INFO - Sync 1 DAGs
[2025-11-18T11:14:13.939+0000] {logging_mixin.py:188} INFO - [2025-11-18T11:14:13.939+0000] {dag.py:3820} INFO - Setting next_dagrun for 02_demo_advanced_patterns to 2025-11-17T00:00:00+00:00, run_after=2025-11-18T00:00:00+00:00
[2025-11-18T11:14:13.946+0000] {processor.py:183} INFO - Processing /opt/airflow/dags/02_demo_advanced_patterns.py took 0.202 seconds
[2025-11-18T11:14:44.033+0000] {processor.py:161} INFO - Started process (PID=922) to work on /opt/airflow/dags/02_demo_advanced_patterns.py
[2025-11-18T11:14:44.033+0000] {processor.py:830} INFO - Processing file /opt/airflow/dags/02_demo_advanced_patterns.py for tasks to queue
[2025-11-18T11:14:44.035+0000] {logging_mixin.py:188} INFO - [2025-11-18T11:14:44.035+0000] {dagbag.py:538} INFO - Filling up the DagBag from /opt/airflow/dags/02_demo_advanced_patterns.py
[2025-11-18T11:14:44.206+0000] {logging_mixin.py:188} WARNING - /home/airflow/.local/lib/python3.10/site-packages/airflow/models/baseoperator.py:437 RemovedInAirflow3Warning: provide_context is deprecated as of 2.0 and is no longer required
[2025-11-18T11:14:44.206+0000] {logging_mixin.py:188} WARNING - /home/airflow/.local/lib/python3.10/site-packages/airflow/models/baseoperator.py:437 RemovedInAirflow3Warning: none_failed_or_skipped Trigger Rule is deprecated. Please use `none_failed_min_one_success`.
[2025-11-18T11:14:44.209+0000] {processor.py:840} INFO - DAG(s) '02_demo_advanced_patterns' retrieved from /opt/airflow/dags/02_demo_advanced_patterns.py
[2025-11-18T11:14:44.219+0000] {logging_mixin.py:188} INFO - [2025-11-18T11:14:44.219+0000] {dag.py:3033} INFO - Sync 1 DAGs
[2025-11-18T11:14:44.226+0000] {logging_mixin.py:188} INFO - [2025-11-18T11:14:44.226+0000] {dag.py:3820} INFO - Setting next_dagrun for 02_demo_advanced_patterns to 2025-11-17T00:00:00+00:00, run_after=2025-11-18T00:00:00+00:00
[2025-11-18T11:14:44.233+0000] {processor.py:183} INFO - Processing /opt/airflow/dags/02_demo_advanced_patterns.py took 0.202 seconds
[2025-11-18T11:15:14.315+0000] {processor.py:161} INFO - Started process (PID=925) to work on /opt/airflow/dags/02_demo_advanced_patterns.py
[2025-11-18T11:15:14.315+0000] {processor.py:830} INFO - Processing file /opt/airflow/dags/02_demo_advanced_patterns.py for tasks to queue
[2025-11-18T11:15:14.316+0000] {logging_mixin.py:188} INFO - [2025-11-18T11:15:14.316+0000] {dagbag.py:538} INFO - Filling up the DagBag from /opt/airflow/dags/02_demo_advanced_patterns.py
[2025-11-18T11:15:14.487+0000] {logging_mixin.py:188} WARNING - /home/airflow/.local/lib/python3.10/site-packages/airflow/models/baseoperator.py:437 RemovedInAirflow3Warning: provide_context is deprecated as of 2.0 and is no longer required
[2025-11-18T11:15:14.488+0000] {logging_mixin.py:188} WARNING - /home/airflow/.local/lib/python3.10/site-packages/airflow/models/baseoperator.py:437 RemovedInAirflow3Warning: none_failed_or_skipped Trigger Rule is deprecated. Please use `none_failed_min_one_success`.
[2025-11-18T11:15:14.490+0000] {processor.py:840} INFO - DAG(s) '02_demo_advanced_patterns' retrieved from /opt/airflow/dags/02_demo_advanced_patterns.py
[2025-11-18T11:15:14.500+0000] {logging_mixin.py:188} INFO - [2025-11-18T11:15:14.500+0000] {dag.py:3033} INFO - Sync 1 DAGs
[2025-11-18T11:15:14.507+0000] {logging_mixin.py:188} INFO - [2025-11-18T11:15:14.507+0000] {dag.py:3820} INFO - Setting next_dagrun for 02_demo_advanced_patterns to 2025-11-17T00:00:00+00:00, run_after=2025-11-18T00:00:00+00:00
[2025-11-18T11:15:14.514+0000] {processor.py:183} INFO - Processing /opt/airflow/dags/02_demo_advanced_patterns.py took 0.201 seconds
[2025-11-18T11:15:44.626+0000] {processor.py:161} INFO - Started process (PID=928) to work on /opt/airflow/dags/02_demo_advanced_patterns.py
[2025-11-18T11:15:44.626+0000] {processor.py:830} INFO - Processing file /opt/airflow/dags/02_demo_advanced_patterns.py for tasks to queue
[2025-11-18T11:15:44.628+0000] {logging_mixin.py:188} INFO - [2025-11-18T11:15:44.627+0000] {dagbag.py:538} INFO - Filling up the DagBag from /opt/airflow/dags/02_demo_advanced_patterns.py
[2025-11-18T11:15:44.817+0000] {logging_mixin.py:188} WARNING - /home/airflow/.local/lib/python3.10/site-packages/airflow/models/baseoperator.py:437 RemovedInAirflow3Warning: provide_context is deprecated as of 2.0 and is no longer required
[2025-11-18T11:15:44.818+0000] {logging_mixin.py:188} WARNING - /home/airflow/.local/lib/python3.10/site-packages/airflow/models/baseoperator.py:437 RemovedInAirflow3Warning: none_failed_or_skipped Trigger Rule is deprecated. Please use `none_failed_min_one_success`.
[2025-11-18T11:15:44.821+0000] {processor.py:840} INFO - DAG(s) '02_demo_advanced_patterns' retrieved from /opt/airflow/dags/02_demo_advanced_patterns.py
[2025-11-18T11:15:44.833+0000] {logging_mixin.py:188} INFO - [2025-11-18T11:15:44.833+0000] {dag.py:3033} INFO - Sync 1 DAGs
[2025-11-18T11:15:44.843+0000] {logging_mixin.py:188} INFO - [2025-11-18T11:15:44.843+0000] {dag.py:3820} INFO - Setting next_dagrun for 02_demo_advanced_patterns to 2025-11-17T00:00:00+00:00, run_after=2025-11-18T00:00:00+00:00
[2025-11-18T11:15:44.850+0000] {processor.py:183} INFO - Processing /opt/airflow/dags/02_demo_advanced_patterns.py took 0.226 seconds
[2025-11-18T11:16:14.904+0000] {processor.py:161} INFO - Started process (PID=931) to work on /opt/airflow/dags/02_demo_advanced_patterns.py
[2025-11-18T11:16:14.905+0000] {processor.py:830} INFO - Processing file /opt/airflow/dags/02_demo_advanced_patterns.py for tasks to queue
[2025-11-18T11:16:14.906+0000] {logging_mixin.py:188} INFO - [2025-11-18T11:16:14.906+0000] {dagbag.py:538} INFO - Filling up the DagBag from /opt/airflow/dags/02_demo_advanced_patterns.py
[2025-11-18T11:16:15.093+0000] {logging_mixin.py:188} WARNING - /home/airflow/.local/lib/python3.10/site-packages/airflow/models/baseoperator.py:437 RemovedInAirflow3Warning: provide_context is deprecated as of 2.0 and is no longer required
[2025-11-18T11:16:15.094+0000] {logging_mixin.py:188} WARNING - /home/airflow/.local/lib/python3.10/site-packages/airflow/models/baseoperator.py:437 RemovedInAirflow3Warning: none_failed_or_skipped Trigger Rule is deprecated. Please use `none_failed_min_one_success`.
[2025-11-18T11:16:15.096+0000] {processor.py:840} INFO - DAG(s) '02_demo_advanced_patterns' retrieved from /opt/airflow/dags/02_demo_advanced_patterns.py
[2025-11-18T11:16:15.107+0000] {logging_mixin.py:188} INFO - [2025-11-18T11:16:15.107+0000] {dag.py:3033} INFO - Sync 1 DAGs
[2025-11-18T11:16:15.115+0000] {logging_mixin.py:188} INFO - [2025-11-18T11:16:15.115+0000] {dag.py:3820} INFO - Setting next_dagrun for 02_demo_advanced_patterns to 2025-11-17T00:00:00+00:00, run_after=2025-11-18T00:00:00+00:00
[2025-11-18T11:16:15.121+0000] {processor.py:183} INFO - Processing /opt/airflow/dags/02_demo_advanced_patterns.py took 0.219 seconds
[2025-11-18T11:16:45.188+0000] {processor.py:161} INFO - Started process (PID=934) to work on /opt/airflow/dags/02_demo_advanced_patterns.py
[2025-11-18T11:16:45.188+0000] {processor.py:830} INFO - Processing file /opt/airflow/dags/02_demo_advanced_patterns.py for tasks to queue
[2025-11-18T11:16:45.190+0000] {logging_mixin.py:188} INFO - [2025-11-18T11:16:45.190+0000] {dagbag.py:538} INFO - Filling up the DagBag from /opt/airflow/dags/02_demo_advanced_patterns.py
[2025-11-18T11:16:45.359+0000] {logging_mixin.py:188} WARNING - /home/airflow/.local/lib/python3.10/site-packages/airflow/models/baseoperator.py:437 RemovedInAirflow3Warning: provide_context is deprecated as of 2.0 and is no longer required
[2025-11-18T11:16:45.360+0000] {logging_mixin.py:188} WARNING - /home/airflow/.local/lib/python3.10/site-packages/airflow/models/baseoperator.py:437 RemovedInAirflow3Warning: none_failed_or_skipped Trigger Rule is deprecated. Please use `none_failed_min_one_success`.
[2025-11-18T11:16:45.362+0000] {processor.py:840} INFO - DAG(s) '02_demo_advanced_patterns' retrieved from /opt/airflow/dags/02_demo_advanced_patterns.py
[2025-11-18T11:16:45.371+0000] {logging_mixin.py:188} INFO - [2025-11-18T11:16:45.371+0000] {dag.py:3033} INFO - Sync 1 DAGs
[2025-11-18T11:16:45.380+0000] {logging_mixin.py:188} INFO - [2025-11-18T11:16:45.380+0000] {dag.py:3820} INFO - Setting next_dagrun for 02_demo_advanced_patterns to 2025-11-17T00:00:00+00:00, run_after=2025-11-18T00:00:00+00:00
[2025-11-18T11:16:45.386+0000] {processor.py:183} INFO - Processing /opt/airflow/dags/02_demo_advanced_patterns.py took 0.201 seconds
[2025-11-18T11:17:15.444+0000] {processor.py:161} INFO - Started process (PID=937) to work on /opt/airflow/dags/02_demo_advanced_patterns.py
[2025-11-18T11:17:15.444+0000] {processor.py:830} INFO - Processing file /opt/airflow/dags/02_demo_advanced_patterns.py for tasks to queue
[2025-11-18T11:17:15.445+0000] {logging_mixin.py:188} INFO - [2025-11-18T11:17:15.445+0000] {dagbag.py:538} INFO - Filling up the DagBag from /opt/airflow/dags/02_demo_advanced_patterns.py
[2025-11-18T11:17:15.615+0000] {logging_mixin.py:188} WARNING - /home/airflow/.local/lib/python3.10/site-packages/airflow/models/baseoperator.py:437 RemovedInAirflow3Warning: provide_context is deprecated as of 2.0 and is no longer required
[2025-11-18T11:17:15.615+0000] {logging_mixin.py:188} WARNING - /home/airflow/.local/lib/python3.10/site-packages/airflow/models/baseoperator.py:437 RemovedInAirflow3Warning: none_failed_or_skipped Trigger Rule is deprecated. Please use `none_failed_min_one_success`.
[2025-11-18T11:17:15.618+0000] {processor.py:840} INFO - DAG(s) '02_demo_advanced_patterns' retrieved from /opt/airflow/dags/02_demo_advanced_patterns.py
[2025-11-18T11:17:15.628+0000] {logging_mixin.py:188} INFO - [2025-11-18T11:17:15.628+0000] {dag.py:3033} INFO - Sync 1 DAGs
[2025-11-18T11:17:15.635+0000] {logging_mixin.py:188} INFO - [2025-11-18T11:17:15.635+0000] {dag.py:3820} INFO - Setting next_dagrun for 02_demo_advanced_patterns to 2025-11-17T00:00:00+00:00, run_after=2025-11-18T00:00:00+00:00
[2025-11-18T11:17:15.641+0000] {processor.py:183} INFO - Processing /opt/airflow/dags/02_demo_advanced_patterns.py took 0.200 seconds
[2025-11-18T11:17:45.709+0000] {processor.py:161} INFO - Started process (PID=940) to work on /opt/airflow/dags/02_demo_advanced_patterns.py
[2025-11-18T11:17:45.709+0000] {processor.py:830} INFO - Processing file /opt/airflow/dags/02_demo_advanced_patterns.py for tasks to queue
[2025-11-18T11:17:45.710+0000] {logging_mixin.py:188} INFO - [2025-11-18T11:17:45.710+0000] {dagbag.py:538} INFO - Filling up the DagBag from /opt/airflow/dags/02_demo_advanced_patterns.py
[2025-11-18T11:17:45.882+0000] {logging_mixin.py:188} WARNING - /home/airflow/.local/lib/python3.10/site-packages/airflow/models/baseoperator.py:437 RemovedInAirflow3Warning: provide_context is deprecated as of 2.0 and is no longer required
[2025-11-18T11:17:45.883+0000] {logging_mixin.py:188} WARNING - /home/airflow/.local/lib/python3.10/site-packages/airflow/models/baseoperator.py:437 RemovedInAirflow3Warning: none_failed_or_skipped Trigger Rule is deprecated. Please use `none_failed_min_one_success`.
[2025-11-18T11:17:45.885+0000] {processor.py:840} INFO - DAG(s) '02_demo_advanced_patterns' retrieved from /opt/airflow/dags/02_demo_advanced_patterns.py
[2025-11-18T11:17:45.894+0000] {logging_mixin.py:188} INFO - [2025-11-18T11:17:45.894+0000] {dag.py:3033} INFO - Sync 1 DAGs
[2025-11-18T11:17:45.901+0000] {logging_mixin.py:188} INFO - [2025-11-18T11:17:45.901+0000] {dag.py:3820} INFO - Setting next_dagrun for 02_demo_advanced_patterns to 2025-11-17T00:00:00+00:00, run_after=2025-11-18T00:00:00+00:00
[2025-11-18T11:17:45.909+0000] {processor.py:183} INFO - Processing /opt/airflow/dags/02_demo_advanced_patterns.py took 0.202 seconds
[2025-11-18T11:18:15.971+0000] {processor.py:161} INFO - Started process (PID=943) to work on /opt/airflow/dags/02_demo_advanced_patterns.py
[2025-11-18T11:18:15.972+0000] {processor.py:830} INFO - Processing file /opt/airflow/dags/02_demo_advanced_patterns.py for tasks to queue
[2025-11-18T11:18:15.973+0000] {logging_mixin.py:188} INFO - [2025-11-18T11:18:15.973+0000] {dagbag.py:538} INFO - Filling up the DagBag from /opt/airflow/dags/02_demo_advanced_patterns.py
[2025-11-18T11:18:16.149+0000] {logging_mixin.py:188} WARNING - /home/airflow/.local/lib/python3.10/site-packages/airflow/models/baseoperator.py:437 RemovedInAirflow3Warning: provide_context is deprecated as of 2.0 and is no longer required
[2025-11-18T11:18:16.150+0000] {logging_mixin.py:188} WARNING - /home/airflow/.local/lib/python3.10/site-packages/airflow/models/baseoperator.py:437 RemovedInAirflow3Warning: none_failed_or_skipped Trigger Rule is deprecated. Please use `none_failed_min_one_success`.
[2025-11-18T11:18:16.152+0000] {processor.py:840} INFO - DAG(s) '02_demo_advanced_patterns' retrieved from /opt/airflow/dags/02_demo_advanced_patterns.py
[2025-11-18T11:18:16.162+0000] {logging_mixin.py:188} INFO - [2025-11-18T11:18:16.162+0000] {dag.py:3033} INFO - Sync 1 DAGs
[2025-11-18T11:18:16.171+0000] {logging_mixin.py:188} INFO - [2025-11-18T11:18:16.171+0000] {dag.py:3820} INFO - Setting next_dagrun for 02_demo_advanced_patterns to 2025-11-17T00:00:00+00:00, run_after=2025-11-18T00:00:00+00:00
[2025-11-18T11:18:16.177+0000] {processor.py:183} INFO - Processing /opt/airflow/dags/02_demo_advanced_patterns.py took 0.208 seconds
[2025-11-18T11:18:46.265+0000] {processor.py:161} INFO - Started process (PID=946) to work on /opt/airflow/dags/02_demo_advanced_patterns.py
[2025-11-18T11:18:46.266+0000] {processor.py:830} INFO - Processing file /opt/airflow/dags/02_demo_advanced_patterns.py for tasks to queue
[2025-11-18T11:18:46.267+0000] {logging_mixin.py:188} INFO - [2025-11-18T11:18:46.267+0000] {dagbag.py:538} INFO - Filling up the DagBag from /opt/airflow/dags/02_demo_advanced_patterns.py
[2025-11-18T11:18:46.438+0000] {logging_mixin.py:188} WARNING - /home/airflow/.local/lib/python3.10/site-packages/airflow/models/baseoperator.py:437 RemovedInAirflow3Warning: provide_context is deprecated as of 2.0 and is no longer required
[2025-11-18T11:18:46.439+0000] {logging_mixin.py:188} WARNING - /home/airflow/.local/lib/python3.10/site-packages/airflow/models/baseoperator.py:437 RemovedInAirflow3Warning: none_failed_or_skipped Trigger Rule is deprecated. Please use `none_failed_min_one_success`.
[2025-11-18T11:18:46.441+0000] {processor.py:840} INFO - DAG(s) '02_demo_advanced_patterns' retrieved from /opt/airflow/dags/02_demo_advanced_patterns.py
[2025-11-18T11:18:46.451+0000] {logging_mixin.py:188} INFO - [2025-11-18T11:18:46.451+0000] {dag.py:3033} INFO - Sync 1 DAGs
[2025-11-18T11:18:46.458+0000] {logging_mixin.py:188} INFO - [2025-11-18T11:18:46.458+0000] {dag.py:3820} INFO - Setting next_dagrun for 02_demo_advanced_patterns to 2025-11-17T00:00:00+00:00, run_after=2025-11-18T00:00:00+00:00
[2025-11-18T11:18:46.464+0000] {processor.py:183} INFO - Processing /opt/airflow/dags/02_demo_advanced_patterns.py took 0.202 seconds
[2025-11-18T11:19:16.564+0000] {processor.py:161} INFO - Started process (PID=949) to work on /opt/airflow/dags/02_demo_advanced_patterns.py
[2025-11-18T11:19:16.564+0000] {processor.py:830} INFO - Processing file /opt/airflow/dags/02_demo_advanced_patterns.py for tasks to queue
[2025-11-18T11:19:16.565+0000] {logging_mixin.py:188} INFO - [2025-11-18T11:19:16.565+0000] {dagbag.py:538} INFO - Filling up the DagBag from /opt/airflow/dags/02_demo_advanced_patterns.py
[2025-11-18T11:19:16.737+0000] {logging_mixin.py:188} WARNING - /home/airflow/.local/lib/python3.10/site-packages/airflow/models/baseoperator.py:437 RemovedInAirflow3Warning: provide_context is deprecated as of 2.0 and is no longer required
[2025-11-18T11:19:16.738+0000] {logging_mixin.py:188} WARNING - /home/airflow/.local/lib/python3.10/site-packages/airflow/models/baseoperator.py:437 RemovedInAirflow3Warning: none_failed_or_skipped Trigger Rule is deprecated. Please use `none_failed_min_one_success`.
[2025-11-18T11:19:16.740+0000] {processor.py:840} INFO - DAG(s) '02_demo_advanced_patterns' retrieved from /opt/airflow/dags/02_demo_advanced_patterns.py
[2025-11-18T11:19:16.749+0000] {logging_mixin.py:188} INFO - [2025-11-18T11:19:16.749+0000] {dag.py:3033} INFO - Sync 1 DAGs
[2025-11-18T11:19:16.757+0000] {logging_mixin.py:188} INFO - [2025-11-18T11:19:16.757+0000] {dag.py:3820} INFO - Setting next_dagrun for 02_demo_advanced_patterns to 2025-11-17T00:00:00+00:00, run_after=2025-11-18T00:00:00+00:00
[2025-11-18T11:19:16.764+0000] {processor.py:183} INFO - Processing /opt/airflow/dags/02_demo_advanced_patterns.py took 0.202 seconds
[2025-11-18T11:19:46.890+0000] {processor.py:161} INFO - Started process (PID=952) to work on /opt/airflow/dags/02_demo_advanced_patterns.py
[2025-11-18T11:19:46.890+0000] {processor.py:830} INFO - Processing file /opt/airflow/dags/02_demo_advanced_patterns.py for tasks to queue
[2025-11-18T11:19:46.892+0000] {logging_mixin.py:188} INFO - [2025-11-18T11:19:46.891+0000] {dagbag.py:538} INFO - Filling up the DagBag from /opt/airflow/dags/02_demo_advanced_patterns.py
[2025-11-18T11:19:47.074+0000] {logging_mixin.py:188} WARNING - /home/airflow/.local/lib/python3.10/site-packages/airflow/models/baseoperator.py:437 RemovedInAirflow3Warning: provide_context is deprecated as of 2.0 and is no longer required
[2025-11-18T11:19:47.075+0000] {logging_mixin.py:188} WARNING - /home/airflow/.local/lib/python3.10/site-packages/airflow/models/baseoperator.py:437 RemovedInAirflow3Warning: none_failed_or_skipped Trigger Rule is deprecated. Please use `none_failed_min_one_success`.
[2025-11-18T11:19:47.077+0000] {processor.py:840} INFO - DAG(s) '02_demo_advanced_patterns' retrieved from /opt/airflow/dags/02_demo_advanced_patterns.py
[2025-11-18T11:19:47.088+0000] {logging_mixin.py:188} INFO - [2025-11-18T11:19:47.088+0000] {dag.py:3033} INFO - Sync 1 DAGs
[2025-11-18T11:19:47.095+0000] {logging_mixin.py:188} INFO - [2025-11-18T11:19:47.095+0000] {dag.py:3820} INFO - Setting next_dagrun for 02_demo_advanced_patterns to 2025-11-17T00:00:00+00:00, run_after=2025-11-18T00:00:00+00:00
[2025-11-18T11:19:47.102+0000] {processor.py:183} INFO - Processing /opt/airflow/dags/02_demo_advanced_patterns.py took 0.214 seconds
[2025-11-18T11:20:17.204+0000] {processor.py:161} INFO - Started process (PID=955) to work on /opt/airflow/dags/02_demo_advanced_patterns.py
[2025-11-18T11:20:17.205+0000] {processor.py:830} INFO - Processing file /opt/airflow/dags/02_demo_advanced_patterns.py for tasks to queue
[2025-11-18T11:20:17.207+0000] {logging_mixin.py:188} INFO - [2025-11-18T11:20:17.206+0000] {dagbag.py:538} INFO - Filling up the DagBag from /opt/airflow/dags/02_demo_advanced_patterns.py
[2025-11-18T11:20:17.388+0000] {logging_mixin.py:188} WARNING - /home/airflow/.local/lib/python3.10/site-packages/airflow/models/baseoperator.py:437 RemovedInAirflow3Warning: provide_context is deprecated as of 2.0 and is no longer required
[2025-11-18T11:20:17.389+0000] {logging_mixin.py:188} WARNING - /home/airflow/.local/lib/python3.10/site-packages/airflow/models/baseoperator.py:437 RemovedInAirflow3Warning: none_failed_or_skipped Trigger Rule is deprecated. Please use `none_failed_min_one_success`.
[2025-11-18T11:20:17.391+0000] {processor.py:840} INFO - DAG(s) '02_demo_advanced_patterns' retrieved from /opt/airflow/dags/02_demo_advanced_patterns.py
[2025-11-18T11:20:17.401+0000] {logging_mixin.py:188} INFO - [2025-11-18T11:20:17.401+0000] {dag.py:3033} INFO - Sync 1 DAGs
[2025-11-18T11:20:17.410+0000] {logging_mixin.py:188} INFO - [2025-11-18T11:20:17.410+0000] {dag.py:3820} INFO - Setting next_dagrun for 02_demo_advanced_patterns to 2025-11-17T00:00:00+00:00, run_after=2025-11-18T00:00:00+00:00
[2025-11-18T11:20:17.416+0000] {processor.py:183} INFO - Processing /opt/airflow/dags/02_demo_advanced_patterns.py took 0.213 seconds
[2025-11-18T11:20:47.501+0000] {processor.py:161} INFO - Started process (PID=958) to work on /opt/airflow/dags/02_demo_advanced_patterns.py
[2025-11-18T11:20:47.501+0000] {processor.py:830} INFO - Processing file /opt/airflow/dags/02_demo_advanced_patterns.py for tasks to queue
[2025-11-18T11:20:47.503+0000] {logging_mixin.py:188} INFO - [2025-11-18T11:20:47.502+0000] {dagbag.py:538} INFO - Filling up the DagBag from /opt/airflow/dags/02_demo_advanced_patterns.py
[2025-11-18T11:20:47.682+0000] {logging_mixin.py:188} WARNING - /home/airflow/.local/lib/python3.10/site-packages/airflow/models/baseoperator.py:437 RemovedInAirflow3Warning: provide_context is deprecated as of 2.0 and is no longer required
[2025-11-18T11:20:47.683+0000] {logging_mixin.py:188} WARNING - /home/airflow/.local/lib/python3.10/site-packages/airflow/models/baseoperator.py:437 RemovedInAirflow3Warning: none_failed_or_skipped Trigger Rule is deprecated. Please use `none_failed_min_one_success`.
[2025-11-18T11:20:47.685+0000] {processor.py:840} INFO - DAG(s) '02_demo_advanced_patterns' retrieved from /opt/airflow/dags/02_demo_advanced_patterns.py
[2025-11-18T11:20:47.695+0000] {logging_mixin.py:188} INFO - [2025-11-18T11:20:47.695+0000] {dag.py:3033} INFO - Sync 1 DAGs
[2025-11-18T11:20:47.703+0000] {logging_mixin.py:188} INFO - [2025-11-18T11:20:47.702+0000] {dag.py:3820} INFO - Setting next_dagrun for 02_demo_advanced_patterns to 2025-11-17T00:00:00+00:00, run_after=2025-11-18T00:00:00+00:00
[2025-11-18T11:20:47.708+0000] {processor.py:183} INFO - Processing /opt/airflow/dags/02_demo_advanced_patterns.py took 0.209 seconds
[2025-11-18T11:21:17.815+0000] {processor.py:161} INFO - Started process (PID=961) to work on /opt/airflow/dags/02_demo_advanced_patterns.py
[2025-11-18T11:21:17.816+0000] {processor.py:830} INFO - Processing file /opt/airflow/dags/02_demo_advanced_patterns.py for tasks to queue
[2025-11-18T11:21:17.817+0000] {logging_mixin.py:188} INFO - [2025-11-18T11:21:17.817+0000] {dagbag.py:538} INFO - Filling up the DagBag from /opt/airflow/dags/02_demo_advanced_patterns.py
[2025-11-18T11:21:18.000+0000] {logging_mixin.py:188} WARNING - /home/airflow/.local/lib/python3.10/site-packages/airflow/models/baseoperator.py:437 RemovedInAirflow3Warning: provide_context is deprecated as of 2.0 and is no longer required
[2025-11-18T11:21:18.001+0000] {logging_mixin.py:188} WARNING - /home/airflow/.local/lib/python3.10/site-packages/airflow/models/baseoperator.py:437 RemovedInAirflow3Warning: none_failed_or_skipped Trigger Rule is deprecated. Please use `none_failed_min_one_success`.
[2025-11-18T11:21:18.004+0000] {processor.py:840} INFO - DAG(s) '02_demo_advanced_patterns' retrieved from /opt/airflow/dags/02_demo_advanced_patterns.py
[2025-11-18T11:21:18.018+0000] {logging_mixin.py:188} INFO - [2025-11-18T11:21:18.018+0000] {dag.py:3033} INFO - Sync 1 DAGs
[2025-11-18T11:21:18.027+0000] {logging_mixin.py:188} INFO - [2025-11-18T11:21:18.027+0000] {dag.py:3820} INFO - Setting next_dagrun for 02_demo_advanced_patterns to 2025-11-17T00:00:00+00:00, run_after=2025-11-18T00:00:00+00:00
[2025-11-18T11:21:18.033+0000] {processor.py:183} INFO - Processing /opt/airflow/dags/02_demo_advanced_patterns.py took 0.219 seconds
[2025-11-18T11:21:48.212+0000] {processor.py:161} INFO - Started process (PID=964) to work on /opt/airflow/dags/02_demo_advanced_patterns.py
[2025-11-18T11:21:48.213+0000] {processor.py:830} INFO - Processing file /opt/airflow/dags/02_demo_advanced_patterns.py for tasks to queue
[2025-11-18T11:21:48.214+0000] {logging_mixin.py:188} INFO - [2025-11-18T11:21:48.214+0000] {dagbag.py:538} INFO - Filling up the DagBag from /opt/airflow/dags/02_demo_advanced_patterns.py
[2025-11-18T11:21:48.396+0000] {logging_mixin.py:188} WARNING - /home/airflow/.local/lib/python3.10/site-packages/airflow/models/baseoperator.py:437 RemovedInAirflow3Warning: provide_context is deprecated as of 2.0 and is no longer required
[2025-11-18T11:21:48.397+0000] {logging_mixin.py:188} WARNING - /home/airflow/.local/lib/python3.10/site-packages/airflow/models/baseoperator.py:437 RemovedInAirflow3Warning: none_failed_or_skipped Trigger Rule is deprecated. Please use `none_failed_min_one_success`.
[2025-11-18T11:21:48.399+0000] {processor.py:840} INFO - DAG(s) '02_demo_advanced_patterns' retrieved from /opt/airflow/dags/02_demo_advanced_patterns.py
[2025-11-18T11:21:48.409+0000] {logging_mixin.py:188} INFO - [2025-11-18T11:21:48.409+0000] {dag.py:3033} INFO - Sync 1 DAGs
[2025-11-18T11:21:48.418+0000] {logging_mixin.py:188} INFO - [2025-11-18T11:21:48.418+0000] {dag.py:3820} INFO - Setting next_dagrun for 02_demo_advanced_patterns to 2025-11-17T00:00:00+00:00, run_after=2025-11-18T00:00:00+00:00
[2025-11-18T11:21:48.424+0000] {processor.py:183} INFO - Processing /opt/airflow/dags/02_demo_advanced_patterns.py took 0.214 seconds
[2025-11-18T11:22:18.544+0000] {processor.py:161} INFO - Started process (PID=967) to work on /opt/airflow/dags/02_demo_advanced_patterns.py
[2025-11-18T11:22:18.544+0000] {processor.py:830} INFO - Processing file /opt/airflow/dags/02_demo_advanced_patterns.py for tasks to queue
[2025-11-18T11:22:18.546+0000] {logging_mixin.py:188} INFO - [2025-11-18T11:22:18.546+0000] {dagbag.py:538} INFO - Filling up the DagBag from /opt/airflow/dags/02_demo_advanced_patterns.py
[2025-11-18T11:22:18.725+0000] {logging_mixin.py:188} WARNING - /home/airflow/.local/lib/python3.10/site-packages/airflow/models/baseoperator.py:437 RemovedInAirflow3Warning: provide_context is deprecated as of 2.0 and is no longer required
[2025-11-18T11:22:18.726+0000] {logging_mixin.py:188} WARNING - /home/airflow/.local/lib/python3.10/site-packages/airflow/models/baseoperator.py:437 RemovedInAirflow3Warning: none_failed_or_skipped Trigger Rule is deprecated. Please use `none_failed_min_one_success`.
[2025-11-18T11:22:18.728+0000] {processor.py:840} INFO - DAG(s) '02_demo_advanced_patterns' retrieved from /opt/airflow/dags/02_demo_advanced_patterns.py
[2025-11-18T11:22:18.738+0000] {logging_mixin.py:188} INFO - [2025-11-18T11:22:18.737+0000] {dag.py:3033} INFO - Sync 1 DAGs
[2025-11-18T11:22:18.745+0000] {logging_mixin.py:188} INFO - [2025-11-18T11:22:18.745+0000] {dag.py:3820} INFO - Setting next_dagrun for 02_demo_advanced_patterns to 2025-11-17T00:00:00+00:00, run_after=2025-11-18T00:00:00+00:00
[2025-11-18T11:22:18.751+0000] {processor.py:183} INFO - Processing /opt/airflow/dags/02_demo_advanced_patterns.py took 0.210 seconds
[2025-11-18T11:22:48.850+0000] {processor.py:161} INFO - Started process (PID=970) to work on /opt/airflow/dags/02_demo_advanced_patterns.py
[2025-11-18T11:22:48.851+0000] {processor.py:830} INFO - Processing file /opt/airflow/dags/02_demo_advanced_patterns.py for tasks to queue
[2025-11-18T11:22:48.852+0000] {logging_mixin.py:188} INFO - [2025-11-18T11:22:48.852+0000] {dagbag.py:538} INFO - Filling up the DagBag from /opt/airflow/dags/02_demo_advanced_patterns.py
[2025-11-18T11:22:49.038+0000] {logging_mixin.py:188} WARNING - /home/airflow/.local/lib/python3.10/site-packages/airflow/models/baseoperator.py:437 RemovedInAirflow3Warning: provide_context is deprecated as of 2.0 and is no longer required
[2025-11-18T11:22:49.039+0000] {logging_mixin.py:188} WARNING - /home/airflow/.local/lib/python3.10/site-packages/airflow/models/baseoperator.py:437 RemovedInAirflow3Warning: none_failed_or_skipped Trigger Rule is deprecated. Please use `none_failed_min_one_success`.
[2025-11-18T11:22:49.041+0000] {processor.py:840} INFO - DAG(s) '02_demo_advanced_patterns' retrieved from /opt/airflow/dags/02_demo_advanced_patterns.py
[2025-11-18T11:22:49.051+0000] {logging_mixin.py:188} INFO - [2025-11-18T11:22:49.051+0000] {dag.py:3033} INFO - Sync 1 DAGs
[2025-11-18T11:22:49.059+0000] {logging_mixin.py:188} INFO - [2025-11-18T11:22:49.059+0000] {dag.py:3820} INFO - Setting next_dagrun for 02_demo_advanced_patterns to 2025-11-17T00:00:00+00:00, run_after=2025-11-18T00:00:00+00:00
[2025-11-18T11:22:49.066+0000] {processor.py:183} INFO - Processing /opt/airflow/dags/02_demo_advanced_patterns.py took 0.217 seconds
[2025-11-18T11:23:19.204+0000] {processor.py:161} INFO - Started process (PID=973) to work on /opt/airflow/dags/02_demo_advanced_patterns.py
[2025-11-18T11:23:19.204+0000] {processor.py:830} INFO - Processing file /opt/airflow/dags/02_demo_advanced_patterns.py for tasks to queue
[2025-11-18T11:23:19.205+0000] {logging_mixin.py:188} INFO - [2025-11-18T11:23:19.205+0000] {dagbag.py:538} INFO - Filling up the DagBag from /opt/airflow/dags/02_demo_advanced_patterns.py
[2025-11-18T11:23:19.383+0000] {logging_mixin.py:188} WARNING - /home/airflow/.local/lib/python3.10/site-packages/airflow/models/baseoperator.py:437 RemovedInAirflow3Warning: provide_context is deprecated as of 2.0 and is no longer required
[2025-11-18T11:23:19.383+0000] {logging_mixin.py:188} WARNING - /home/airflow/.local/lib/python3.10/site-packages/airflow/models/baseoperator.py:437 RemovedInAirflow3Warning: none_failed_or_skipped Trigger Rule is deprecated. Please use `none_failed_min_one_success`.
[2025-11-18T11:23:19.385+0000] {processor.py:840} INFO - DAG(s) '02_demo_advanced_patterns' retrieved from /opt/airflow/dags/02_demo_advanced_patterns.py
[2025-11-18T11:23:19.396+0000] {logging_mixin.py:188} INFO - [2025-11-18T11:23:19.396+0000] {dag.py:3033} INFO - Sync 1 DAGs
[2025-11-18T11:23:19.404+0000] {logging_mixin.py:188} INFO - [2025-11-18T11:23:19.404+0000] {dag.py:3820} INFO - Setting next_dagrun for 02_demo_advanced_patterns to 2025-11-17T00:00:00+00:00, run_after=2025-11-18T00:00:00+00:00
[2025-11-18T11:23:19.410+0000] {processor.py:183} INFO - Processing /opt/airflow/dags/02_demo_advanced_patterns.py took 0.208 seconds
[2025-11-18T11:23:49.524+0000] {processor.py:161} INFO - Started process (PID=976) to work on /opt/airflow/dags/02_demo_advanced_patterns.py
[2025-11-18T11:23:49.525+0000] {processor.py:830} INFO - Processing file /opt/airflow/dags/02_demo_advanced_patterns.py for tasks to queue
[2025-11-18T11:23:49.526+0000] {logging_mixin.py:188} INFO - [2025-11-18T11:23:49.526+0000] {dagbag.py:538} INFO - Filling up the DagBag from /opt/airflow/dags/02_demo_advanced_patterns.py
[2025-11-18T11:23:49.692+0000] {logging_mixin.py:188} WARNING - /home/airflow/.local/lib/python3.10/site-packages/airflow/models/baseoperator.py:437 RemovedInAirflow3Warning: provide_context is deprecated as of 2.0 and is no longer required
[2025-11-18T11:23:49.692+0000] {logging_mixin.py:188} WARNING - /home/airflow/.local/lib/python3.10/site-packages/airflow/models/baseoperator.py:437 RemovedInAirflow3Warning: none_failed_or_skipped Trigger Rule is deprecated. Please use `none_failed_min_one_success`.
[2025-11-18T11:23:49.695+0000] {processor.py:840} INFO - DAG(s) '02_demo_advanced_patterns' retrieved from /opt/airflow/dags/02_demo_advanced_patterns.py
[2025-11-18T11:23:49.704+0000] {logging_mixin.py:188} INFO - [2025-11-18T11:23:49.704+0000] {dag.py:3033} INFO - Sync 1 DAGs
[2025-11-18T11:23:49.711+0000] {logging_mixin.py:188} INFO - [2025-11-18T11:23:49.711+0000] {dag.py:3820} INFO - Setting next_dagrun for 02_demo_advanced_patterns to 2025-11-17T00:00:00+00:00, run_after=2025-11-18T00:00:00+00:00
[2025-11-18T11:23:49.718+0000] {processor.py:183} INFO - Processing /opt/airflow/dags/02_demo_advanced_patterns.py took 0.196 seconds
[2025-11-18T11:24:19.801+0000] {processor.py:161} INFO - Started process (PID=979) to work on /opt/airflow/dags/02_demo_advanced_patterns.py
[2025-11-18T11:24:19.802+0000] {processor.py:830} INFO - Processing file /opt/airflow/dags/02_demo_advanced_patterns.py for tasks to queue
[2025-11-18T11:24:19.803+0000] {logging_mixin.py:188} INFO - [2025-11-18T11:24:19.803+0000] {dagbag.py:538} INFO - Filling up the DagBag from /opt/airflow/dags/02_demo_advanced_patterns.py
[2025-11-18T11:24:19.996+0000] {logging_mixin.py:188} WARNING - /home/airflow/.local/lib/python3.10/site-packages/airflow/models/baseoperator.py:437 RemovedInAirflow3Warning: provide_context is deprecated as of 2.0 and is no longer required
[2025-11-18T11:24:19.997+0000] {logging_mixin.py:188} WARNING - /home/airflow/.local/lib/python3.10/site-packages/airflow/models/baseoperator.py:437 RemovedInAirflow3Warning: none_failed_or_skipped Trigger Rule is deprecated. Please use `none_failed_min_one_success`.
[2025-11-18T11:24:20.000+0000] {processor.py:840} INFO - DAG(s) '02_demo_advanced_patterns' retrieved from /opt/airflow/dags/02_demo_advanced_patterns.py
[2025-11-18T11:24:20.012+0000] {logging_mixin.py:188} INFO - [2025-11-18T11:24:20.012+0000] {dag.py:3033} INFO - Sync 1 DAGs
[2025-11-18T11:24:20.023+0000] {logging_mixin.py:188} INFO - [2025-11-18T11:24:20.023+0000] {dag.py:3820} INFO - Setting next_dagrun for 02_demo_advanced_patterns to 2025-11-17T00:00:00+00:00, run_after=2025-11-18T00:00:00+00:00
[2025-11-18T11:24:20.032+0000] {processor.py:183} INFO - Processing /opt/airflow/dags/02_demo_advanced_patterns.py took 0.233 seconds
[2025-11-18T11:24:50.097+0000] {processor.py:161} INFO - Started process (PID=982) to work on /opt/airflow/dags/02_demo_advanced_patterns.py
[2025-11-18T11:24:50.098+0000] {processor.py:830} INFO - Processing file /opt/airflow/dags/02_demo_advanced_patterns.py for tasks to queue
[2025-11-18T11:24:50.099+0000] {logging_mixin.py:188} INFO - [2025-11-18T11:24:50.099+0000] {dagbag.py:538} INFO - Filling up the DagBag from /opt/airflow/dags/02_demo_advanced_patterns.py
[2025-11-18T11:24:50.273+0000] {logging_mixin.py:188} WARNING - /home/airflow/.local/lib/python3.10/site-packages/airflow/models/baseoperator.py:437 RemovedInAirflow3Warning: provide_context is deprecated as of 2.0 and is no longer required
[2025-11-18T11:24:50.274+0000] {logging_mixin.py:188} WARNING - /home/airflow/.local/lib/python3.10/site-packages/airflow/models/baseoperator.py:437 RemovedInAirflow3Warning: none_failed_or_skipped Trigger Rule is deprecated. Please use `none_failed_min_one_success`.
[2025-11-18T11:24:50.276+0000] {processor.py:840} INFO - DAG(s) '02_demo_advanced_patterns' retrieved from /opt/airflow/dags/02_demo_advanced_patterns.py
[2025-11-18T11:24:50.286+0000] {logging_mixin.py:188} INFO - [2025-11-18T11:24:50.285+0000] {dag.py:3033} INFO - Sync 1 DAGs
[2025-11-18T11:24:50.293+0000] {logging_mixin.py:188} INFO - [2025-11-18T11:24:50.293+0000] {dag.py:3820} INFO - Setting next_dagrun for 02_demo_advanced_patterns to 2025-11-17T00:00:00+00:00, run_after=2025-11-18T00:00:00+00:00
[2025-11-18T11:24:50.300+0000] {processor.py:183} INFO - Processing /opt/airflow/dags/02_demo_advanced_patterns.py took 0.205 seconds
[2025-11-18T11:25:20.381+0000] {processor.py:161} INFO - Started process (PID=985) to work on /opt/airflow/dags/02_demo_advanced_patterns.py
[2025-11-18T11:25:20.382+0000] {processor.py:830} INFO - Processing file /opt/airflow/dags/02_demo_advanced_patterns.py for tasks to queue
[2025-11-18T11:25:20.383+0000] {logging_mixin.py:188} INFO - [2025-11-18T11:25:20.383+0000] {dagbag.py:538} INFO - Filling up the DagBag from /opt/airflow/dags/02_demo_advanced_patterns.py
[2025-11-18T11:25:20.568+0000] {logging_mixin.py:188} WARNING - /home/airflow/.local/lib/python3.10/site-packages/airflow/models/baseoperator.py:437 RemovedInAirflow3Warning: provide_context is deprecated as of 2.0 and is no longer required
[2025-11-18T11:25:20.569+0000] {logging_mixin.py:188} WARNING - /home/airflow/.local/lib/python3.10/site-packages/airflow/models/baseoperator.py:437 RemovedInAirflow3Warning: none_failed_or_skipped Trigger Rule is deprecated. Please use `none_failed_min_one_success`.
[2025-11-18T11:25:20.571+0000] {processor.py:840} INFO - DAG(s) '02_demo_advanced_patterns' retrieved from /opt/airflow/dags/02_demo_advanced_patterns.py
[2025-11-18T11:25:20.580+0000] {logging_mixin.py:188} INFO - [2025-11-18T11:25:20.580+0000] {dag.py:3033} INFO - Sync 1 DAGs
[2025-11-18T11:25:20.588+0000] {logging_mixin.py:188} INFO - [2025-11-18T11:25:20.588+0000] {dag.py:3820} INFO - Setting next_dagrun for 02_demo_advanced_patterns to 2025-11-17T00:00:00+00:00, run_after=2025-11-18T00:00:00+00:00
[2025-11-18T11:25:20.595+0000] {processor.py:183} INFO - Processing /opt/airflow/dags/02_demo_advanced_patterns.py took 0.215 seconds
[2025-11-18T11:25:50.648+0000] {processor.py:161} INFO - Started process (PID=988) to work on /opt/airflow/dags/02_demo_advanced_patterns.py
[2025-11-18T11:25:50.649+0000] {processor.py:830} INFO - Processing file /opt/airflow/dags/02_demo_advanced_patterns.py for tasks to queue
[2025-11-18T11:25:50.650+0000] {logging_mixin.py:188} INFO - [2025-11-18T11:25:50.650+0000] {dagbag.py:538} INFO - Filling up the DagBag from /opt/airflow/dags/02_demo_advanced_patterns.py
[2025-11-18T11:25:50.831+0000] {logging_mixin.py:188} WARNING - /home/airflow/.local/lib/python3.10/site-packages/airflow/models/baseoperator.py:437 RemovedInAirflow3Warning: provide_context is deprecated as of 2.0 and is no longer required
[2025-11-18T11:25:50.831+0000] {logging_mixin.py:188} WARNING - /home/airflow/.local/lib/python3.10/site-packages/airflow/models/baseoperator.py:437 RemovedInAirflow3Warning: none_failed_or_skipped Trigger Rule is deprecated. Please use `none_failed_min_one_success`.
[2025-11-18T11:25:50.834+0000] {processor.py:840} INFO - DAG(s) '02_demo_advanced_patterns' retrieved from /opt/airflow/dags/02_demo_advanced_patterns.py
[2025-11-18T11:25:50.844+0000] {logging_mixin.py:188} INFO - [2025-11-18T11:25:50.844+0000] {dag.py:3033} INFO - Sync 1 DAGs
[2025-11-18T11:25:50.852+0000] {logging_mixin.py:188} INFO - [2025-11-18T11:25:50.852+0000] {dag.py:3820} INFO - Setting next_dagrun for 02_demo_advanced_patterns to 2025-11-17T00:00:00+00:00, run_after=2025-11-18T00:00:00+00:00
[2025-11-18T11:25:50.859+0000] {processor.py:183} INFO - Processing /opt/airflow/dags/02_demo_advanced_patterns.py took 0.213 seconds
